id,parameter_set_id,source,qualifier,amount,units
411,152,Incentive,,0.0000,$/kWh
412,152,Incentive,,800.0000,$/kW
413,152,Incentive,max,50.0000,"% of cost"
414,153,Incentive,,800.0000,$/kW
415,153,Incentive,,1250.0000,$/kW
416,153,Incentive,,0.0000,$/kWh
453,167,Incentive,,0.0000,$/kWh
497,189,Incentive,,2.0000,$/W-DC
498,189,Incentive,max,15000.0000,$
499,190,Incentive,,1.0000,$/W-DC
500,190,Incentive,max,30000.0000,$
1213,451,Incentive,,75.0000,$/kW
1214,451,Incentive,,275.0000,$/kW
1215,451,Incentive,,0.0700,"$/kWh (1 year)"
1216,451,Incentive,max,1.0000,$
2512,1094,Incentive,,1.2500,$/MWh
2573,492,Incentive,,1000.0000,$/kW
2574,492,Incentive,max,3000.0000,$
2575,492,System,max,10.0000,kW
2576,493,Incentive,,1000.0000,$/kW
2577,493,Incentive,max,10000.0000,
2578,493,System,max,10.0000,kW
2662,1156,Incentive,max,250.0000,$
2663,1157,Incentive,,125.0000,$/Unit
2720,1166,Incentive,min,0.4500,"$/square foot"
2721,1167,Incentive,min,75.0000,$/ton
2722,1168,Incentive,,45.0000,$/ton
2723,1169,Incentive,,55.0000,$/ton
2724,1170,Incentive,,49.0000,$/ton
3956,164,Incentive,max,5000.0000,$
3957,165,Incentive,max,10000.0000,$
4051,51,System,max,150.0000,kW
4052,51,Incentive,,0.0000,$/kWh
4053,52,System,max,20.0000,kW
4054,52,Incentive,,0.0000,$/kW
4430,1893,System,min,500.0000,W
4431,1893,System,max,50.0000,kW
4432,1893,Incentive,,0.1300,"$/kWh (10 years)"
4800,1938,Incentive,,0.7500,$/W-AC
4801,1938,Incentive,max,3500.0000,$
4802,1939,Incentive,,0.7500,$/W-AC
4803,1939,Incentive,max,10000.0000,$
5390,135,System,min,500.0000,W
5391,135,System,max,50.0000,kW
5392,135,Incentive,,1000.0000,$/Unit
5393,135,Incentive,,0.0200,"$/kWh (10 years)"
5418,141,System,min,500.0000,W
5419,141,System,max,500.0000,kW
5420,141,Incentive,,1000.0000,$/Unit
5421,141,Incentive,,0.0000,"$/kWh (10 years)"
5699,2188,Incentive,,375.0000,$/ton
6377,1174,Incentive,,0.0400,"$/kWh (10 years)"
6378,1174,System,min,50.0000,kW
6379,1174,System,max,1.0000,MW
6402,2339,Incentive,,60.0000,%
6403,2340,Incentive,,0.0800,$/kWh
6404,2340,Incentive,,200.0000,$/kW
6653,1171,Incentive,,0.3400,$/kWh
6654,1171,Incentive,max,1000.0000,$
6981,2469,Incentive,,250.0000,$/Unit
7329,2018,Incentive,,0.4700,$/W-CEC-AC
7330,2019,Incentive,,0.3600,$/W-CEC-AC
7331,2019,Incentive,max,90000.0000,$
7332,2020,Incentive,,1.1100,$/W-CEC-AC
7333,2020,Incentive,max,277500.0000,$
7475,2636,Incentive,max,7500.0000,$
7476,2636,Incentive,max,100.0000,"% of cost"
7683,2381,Incentive,min,0.1500,$/kWh
7684,2382,Incentive,min,0.1200,$/kWh
7685,2383,Incentive,max,5000.0000,$
7926,59,Incentive,,75.0000,$/MWh
7927,59,System,max,10.0000,kW-AC
9423,2932,Incentive,max,350.0000,$
9424,120,System,,0.0000,$
9708,2470,Incentive,max,0.2500,$
9709,2471,Incentive,min,0.1500,$/kWh
9710,2471,Incentive,max,0.1700,$
9711,2472,Incentive,,0.0900,$/kWh
10275,2408,Incentive,,550.0000,$/Unit
11200,1832,Incentive,,25.0000,%
11201,1833,Incentive,max,7000.0000,$
11202,1834,Incentive,max,15000.0000,$
11203,1835,Incentive,max,15000.0000,$
11669,2602,Incentive,max,75.0000,"% of cost"
12204,1956,Incentive,,40.0000,$/Unit
12368,174,Incentive,max,275.0000,$
12469,3767,Incentive,max,200.0000,$
12629,362,Incentive,max,55.0000,"% of cost"
12630,362,Incentive,max,5.0000,"% of cost"
12631,361,Incentive,max,55.0000,"% of cost"
12632,361,Incentive,max,5.0000,"% of cost"
12633,360,Incentive,,100.0000,%
13154,3159,Incentive,,2.0000,$/W
13155,3159,Incentive,max,5000.0000,$
13156,3160,Incentive,,200.0000,$/Unit
13157,26,Incentive,,1000.0000,$/Unit
13158,2409,Incentive,,1000.0000,$/Unit
13159,2410,Incentive,max,150000.0000,
13165,2429,Incentive,,1000.0000,$/Unit
13466,122,Incentive,min,25.0000,%
13998,1958,Incentive,,50.0000,%
13999,1958,Incentive,max,1750.0000,$
14000,1959,Incentive,,1000.0000,$/ton
14001,1959,Incentive,max,5000.0000,$
14724,4147,Incentive,,0.4000,"$/square foot"
14725,4147,Incentive,max,0.4000,
14726,4148,Incentive,min,250.0000,$/Unit
14727,4148,Incentive,max,1000.0000,$
14728,4149,Incentive,,200.0000,$/Unit
14729,4150,Incentive,min,100.0000,$/Unit
14730,4150,Incentive,max,300.0000,$
14837,461,Incentive,,1.0000,$/W
14838,461,Incentive,max,3000.0000,$
15001,2831,Incentive,max,250.0000,$
15734,2265,Incentive,,50.0000,$/Unit
15735,2265,Incentive,max,100.0000,$
15736,2266,Incentive,max,400.0000,$
15737,2267,Incentive,max,1250.0000,$
15738,2267,Incentive,,50.0000,$/Unit
15739,2268,Incentive,min,900.0000,$/Unit
15740,2268,Incentive,max,2600.0000,$
15741,2269,Incentive,,25.0000,$/Unit
15742,2269,Incentive,max,50.0000,$
15743,2270,Incentive,,150.0000,$/Unit
15744,2270,Incentive,max,300.0000,$
15745,2260,Incentive,min,150.0000,$/Unit
15746,2260,Incentive,max,300.0000,$
15747,2261,Incentive,min,100.0000,$/Unit
15748,2261,Incentive,max,300.0000,$
15749,2262,Incentive,max,25.0000,$
15750,2262,Incentive,,50.0000,%
15751,2263,Incentive,,125.0000,$/Unit
15752,2264,Incentive,max,400.0000,$
15753,2411,Incentive,max,2000.0000,$
15754,2411,Incentive,min,1200.0000,$/Unit
15755,2412,Incentive,min,400.0000,$/Unit
15756,2412,Incentive,max,900.0000,$
15757,2413,Incentive,min,50.0000,$/Unit
15758,2413,Incentive,max,100.0000,$
15759,2414,Incentive,,500.0000,$/Unit
15760,2415,Incentive,,20.0000,$/Unit
15761,2416,Incentive,,350.0000,$/Unit
16631,2142,Incentive,max,600.0000,$
18465,1903,Incentive,,1.2500,$/W-CEC-AC
18466,1904,System,max,29.9900,kW
18467,1904,Incentive,,1.1000,$/W-CEC-AC
18468,1904,System,min,30.0000,kW
18469,1904,System,max,1000.0000,kW
18470,1904,Incentive,,0.1100,"$/kWh (5 years)"
20087,358,Incentive,max,20.0000,Years
20178,2458,Incentive,,0.0000,"$/kWh (10 years)"
20179,2459,Incentive,,0.0000,"$/kWh (10 years)"
20637,3658,Incentive,,1250.0000,$/Unit
20638,3659,Incentive,min,1250.0000,$/Unit
20639,3659,Incentive,max,12500.0000,$
20640,3660,Incentive,min,750.0000,$/Unit
20641,3660,Incentive,max,2500.0000,$
21023,155,Incentive,max,7500.0000,$
21024,155,Incentive,max,37500.0000,$
21025,155,System,min,1.0000,kW-DC
21026,155,System,max,50.0000,kW-DC
21027,155,Incentive,,1.0000,$/W-DC
21052,3768,Incentive,min,0.1300,"$/kWh (10 years)"
21053,3768,System,max,40.0000,kW-DC
21054,3769,System,max,10.0000,kW-DC
21055,3769,Incentive,min,0.2300,"$/kWh (10 years)"
21056,3770,System,max,40.0000,kW-DC
21057,3770,Incentive,min,0.1500,"$/kWh (10 years)"
21096,2235,Incentive,max,400.0000,$
21097,2236,Incentive,max,600.0000,$
21098,2237,Incentive,,100.0000,$/Unit
21099,2237,Incentive,max,400.0000,$
21249,2473,System,min,5.0000,kW-DC
21250,2473,System,max,10.0000,kW-DC
21251,2473,Incentive,min,0.2300,"$/kWh (15 years)"
21257,2065,Incentive,,35.0000,%
21258,194,Incentive,,35.0000,%
21283,2037,Incentive,,0.0500,$/kWh
21284,2037,System,min,10.1000,kW
21285,2037,System,max,100.0000,kW
21393,494,Incentive,max,10000.0000,$
21394,494,Incentive,,2.5000,$/W-DC
21396,158,System,max,2000.0000,
21455,2027,Incentive,,0.2500,$/W-DC
21456,2027,System,max,1.0000,MW
21457,2027,Incentive,max,1375.0000,$
21458,2028,Incentive,,0.2500,$/W-DC
21459,2028,System,max,1.0000,MW
21460,2028,Incentive,max,10000.0000,$
21461,2028,Incentive,max,15.0000,"% of cost"
21462,2029,Incentive,,20.0000,%
21463,2029,Incentive,max,750.0000,$
21464,4447,Incentive,max,25.0000,"% of cost"
21465,4447,Incentive,max,10000.0000,$
21600,864,Incentive,min,500.0000,$/Unit
21601,864,Incentive,max,2000.0000,$
21602,865,Incentive,,200.0000,$/Unit
21603,866,Incentive,min,0.1700,"$/square foot"
21604,867,Incentive,min,200.0000,$/Unit
21605,867,Incentive,max,3000.0000,$
21606,868,Incentive,min,5.0000,"$/linear foot"
21607,857,Incentive,,200.0000,$/Unit
21608,859,Incentive,min,1.7500,"$/square foot"
21609,859,Incentive,max,4.0000,"$/square foot"
21610,860,Incentive,min,0.3000,"$/square foot"
21611,860,Incentive,max,0.3800,"$/square foot"
21612,861,Incentive,,0.7500,"$/linear foot"
21613,863,Incentive,,50.0000,%
21614,863,Incentive,max,150.0000,$
21620,4544,Incentive,min,15.0000,$/Unit
21621,4544,Incentive,max,35.0000,$/Unit
21622,4545,Incentive,,25.0000,$/Unit
21623,4546,Incentive,,800.0000,$
21624,4546,Incentive,min,500.0000,$
21625,4546,Incentive,max,1500.0000,$
21626,4547,Incentive,min,200.0000,$
21627,4547,Incentive,max,300.0000,$
21628,4548,Incentive,min,0.3500,"$/square foot"
21629,4548,Incentive,max,1.1000,"$/square foot"
21630,4539,Incentive,,750.0000,$
21919,3209,Incentive,min,50.0000,$
21920,3209,Incentive,max,75.0000,$
21921,5229,System,max,200.0000,Horsepower
21922,5229,Incentive,,50.0000,$/horsepower
21923,5230,Incentive,,0.0500,"$/square foot"
21924,5230,Incentive,max,10000.0000,$
21925,5231,Incentive,,0.0800,"$/first year kWh savings"
21926,5231,Incentive,max,40000.0000,$
21938,698,Incentive,,35.0000,%
21939,698,Incentive,max,999999.9999,$
21940,693,Incentive,,35.0000,%
21941,693,Incentive,max,3500.0000,$
21942,694,Incentive,,35.0000,%
21943,694,Incentive,max,1400.0000,$
21944,695,Incentive,,35.0000,%
21945,695,Incentive,max,8400.0000,$
21946,696,Incentive,,35.0000,%
21947,696,Incentive,max,10500.0000,$
21948,697,Incentive,,35.0000,%
21949,697,Incentive,max,999999.9999,$
22054,2114,Incentive,,0.1700,$/kWh
22433,4071,Incentive,,200.0000,$/Unit
22434,4072,Incentive,,800.0000,$/Unit
22623,4655,Incentive,min,35.0000,$/ton
22624,4655,Incentive,max,40.0000,$/ton
22625,4656,Incentive,,80.0000,$/ton
22626,4657,Incentive,,200.0000,$/Unit
22627,4658,Incentive,,25.0000,$/ton
22806,1970,Incentive,,1.6800,$/W-AC
22807,1970,Incentive,max,6000.0000,$
22808,1971,Incentive,,1.6800,$/W-AC
22809,1971,Incentive,max,12000.0000,$
22810,1972,Incentive,,1.6800,$/W-AC
22811,1972,Incentive,max,20000.0000,$
23468,2062,Incentive,,1000.0000,$/Unit
23608,83,Incentive,max,250000.0000,$
23609,84,Incentive,max,30.0000,"% of cost"
23610,85,Incentive,max,40.0000,"% of cost"
23611,86,Incentive,max,25.0000,"% of cost"
23612,87,Incentive,max,40.0000,"% of cost"
23613,88,Incentive,max,40.0000,"% of cost"
23614,89,Incentive,max,40.0000,"% of cost"
23831,2841,Incentive,,500.0000,$/kW
23832,2841,Incentive,max,5.0000,$
23833,2841,System,min,0.5000,kW
23834,2841,System,max,25.0000,kW
23835,2842,Incentive,,500.0000,$/kW
23836,2842,Incentive,max,2.0000,$
23837,2842,System,min,0.5000,kW
23838,2842,System,max,25.0000,kW
23839,521,Incentive,,1.0000,$/W
23935,2786,Incentive,,75.0000,%
23936,2786,Incentive,max,25.0000,$
23937,2782,Incentive,max,400.0000,$
23938,2782,Incentive,,50.0000,%
23941,2714,Incentive,,100.0000,$/Unit
23942,2714,Incentive,max,850.0000,$
23943,2715,Incentive,,400.0000,$/Unit
23944,2715,Incentive,max,750.0000,$
23945,2716,Incentive,,250.0000,$/Unit
23946,2716,Incentive,max,1.0000,$
23947,2717,Incentive,,300.0000,$/Unit
23948,2718,Incentive,,125.0000,$/Unit
23949,1957,Incentive,,100.0000,%
24059,632,Incentive,,1.1500,$/W-AC
24060,632,System,max,4.0000,kW-AC
24061,633,Incentive,,0.9000,$/W-AC
24062,633,System,max,25.0000,kW-AC
24063,634,Incentive,,0.7000,$/W-AC
24064,634,System,min,25.0000,kW-AC
24065,634,System,max,1000.0000,kW-AC
25619,1952,Incentive,min,100.0000,$/Unit
25620,1952,Incentive,max,250.0000,$
25621,1953,Incentive,min,575.0000,$/Unit
25622,1953,Incentive,max,800.0000,$
25623,1954,Incentive,min,800.0000,$/Unit
25624,1954,Incentive,max,1150.0000,$
28781,628,Incentive,,50.0000,$/Unit
28782,629,Incentive,,25.0000,$/Unit
28783,630,Incentive,max,750.0000,$
28784,631,Incentive,min,600.0000,$/Unit
28785,631,Incentive,max,3.0000,$
30102,734,Incentive,min,50.0000,$/Unit
30103,734,Incentive,max,100.0000,$
30104,735,Incentive,,15.0000,$/Unit
30105,736,Incentive,min,25.0000,$/Unit
30106,736,Incentive,max,50.0000,$
30107,737,Incentive,,30.0000,$/horsepower
30108,738,Incentive,,30.0000,$/horsepower
30109,746,Incentive,min,50.0000,$/Unit
30110,746,Incentive,max,500.0000,$
30111,747,Incentive,min,500.0000,$/Unit
30112,747,Incentive,,700.0000,$/Unit
30113,748,Incentive,min,300.0000,$/Unit
30114,748,Incentive,max,800.0000,$
30115,749,Incentive,,25.0000,$/Unit
30116,750,Incentive,,20.0000,$/Unit
30117,751,Incentive,min,25.0000,$/Unit
30118,751,Incentive,max,400.0000,$
30119,752,Incentive,min,25.0000,$/Unit
30120,752,Incentive,max,50.0000,$
30121,753,Incentive,min,50.0000,$/Unit
30122,753,Incentive,max,100.0000,$
30123,754,Incentive,,15.0000,$/Unit
30124,755,Incentive,min,200.0000,$/Unit
30125,755,Incentive,max,400.0000,$
30126,756,Incentive,,30.0000,$/Unit
30127,757,Incentive,max,5.0000,$
30128,712,Incentive,min,50.0000,$/Unit
30129,712,Incentive,max,100.0000,$
30130,713,Incentive,,15.0000,$/Unit
30131,714,Incentive,min,25.0000,$/Unit
30132,714,Incentive,max,50.0000,$
30133,715,Incentive,min,50.0000,$/Unit
30134,715,Incentive,max,500.0000,$
30135,716,Incentive,,75.0000,$/Unit
30136,717,Incentive,min,150.0000,$/Unit
30137,717,Incentive,max,450.0000,$
30138,718,Incentive,,25.0000,$/Unit
30139,719,Incentive,max,7.0000,$
30140,720,Incentive,,20.0000,$/Unit
30141,721,Incentive,max,600.0000,$
30142,722,Incentive,,30.0000,$/horsepower
30143,703,Incentive,max,100.0000,$
30144,704,Incentive,,15.0000,$/Unit
30145,705,Incentive,min,25.0000,$/Unit
30146,705,Incentive,max,50.0000,$
30147,706,Incentive,,50.0000,$/Unit
30148,707,Incentive,min,150.0000,$/Unit
30149,707,Incentive,max,450.0000,$
30150,708,Incentive,,10.0000,$/bulb
30151,709,Incentive,,50.0000,%
30152,710,Incentive,,25.0000,$/Unit
30153,711,Incentive,,20.0000,$/Unit
30775,2172,System,max,10.0000,MW
30776,2172,Incentive,,0.1000,"$/kWh (20 years)"
31031,2625,Incentive,,80.0000,$/Unit
31032,2583,Incentive,,3.0000,"$/square foot"
31033,2584,Incentive,max,70.0000,"% of cost"
31034,2585,Incentive,max,50.0000,"% of cost"
31035,2573,Incentive,max,100.0000,"% of cost"
31561,2143,Incentive,,1000.0000,$/Unit
31563,171,Incentive,,25.0000,%
31564,171,Incentive,max,25000.0000,$
31565,172,Incentive,max,2500.0000,$
31566,172,Incentive,,25.0000,%
31567,3771,Incentive,,25.0000,%
31568,3771,Incentive,max,5000.0000,$
31569,5181,Incentive,min,0.1300,"$/kWh (10 years)"
31570,5181,System,max,40.0000,kW-DC
31571,5182,System,max,40.0000,kW-DC
31572,5182,Incentive,min,0.1500,"$/kWh (10 years)"
31573,5183,System,max,10.0000,kW-DC
31574,5183,Incentive,min,0.2300,"$/kWh (10 years)"
31723,1653,Incentive,,750.0000,$/Unit
31724,2889,Incentive,min,0.0200,"$/square foot"
31725,2889,Incentive,max,0.0400,"$/square foot"
31726,2890,Incentive,,45.0000,$/ton
31727,2891,Incentive,,0.3000,"$/square foot"
31728,2892,Incentive,min,0.3000,"$/square foot"
31729,2892,Incentive,max,0.4000,"$/square foot"
31730,2893,Incentive,,100.0000,$/horsepower
31731,4671,Incentive,min,5.0000,$/fixture
31732,4671,Incentive,max,12.0000,$/fixture
31733,4672,Incentive,,0.3000,"$/square foot"
31734,4673,Incentive,,1.0000,$/gallon
31735,4674,Incentive,,75.0000,$/Unit
31736,2973,Incentive,,0.0200,"$/square foot"
31737,2974,Incentive,min,0.4000,"$/square foot"
31738,2974,Incentive,max,0.7500,"$/square foot"
31739,5068,Incentive,min,100.0000,$/Unit
31740,5068,Incentive,max,375.0000,$/Unit
31741,5069,Incentive,,0.0010,$/MBTUh
31742,5070,Incentive,,1.5000,$/gallon
31743,5071,Incentive,,0.5000,"$/linear foot"
31744,5071,Incentive,,7.5000,$/Unit
31745,5072,Incentive,,0.7500,"$/square foot"
31746,5073,Incentive,min,20.0000,$/Unit
31747,5073,Incentive,max,500.0000,$/Unit
31748,4689,Incentive,max,5.0000,$/fixture
31749,4690,Incentive,max,500.0000,$/ton
31750,4691,Incentive,,20.0000,$
31751,4692,Incentive,min,0.0050,"$/square foot"
31752,4692,Incentive,max,0.0060,"$/square foot"
31753,4693,Incentive,,250.0000,$
31754,4694,Incentive,max,2.0000,"$/square foot"
31755,4695,Incentive,,15.0000,$/Unit
31756,4696,Incentive,,15.0000,$/Unit
31757,4697,Incentive,,40.0000,$/horsepower
31758,4698,Incentive,,6.0000,$/Unit
31759,2881,Incentive,,0.0200,"$/square foot"
31760,5154,Incentive,,6.0000,$/Unit
31761,5155,Incentive,,5.0000,$/Unit
31762,5156,Incentive,,4.0000,$/Unit
31763,5157,Incentive,,3.0000,$/ton
31764,5158,Incentive,min,0.2000,"$/square foot"
31765,5158,Incentive,max,0.5000,"$/square foot"
31766,3456,Incentive,,5.0000,$/Unit
31767,3456,Incentive,max,25.0000,$
31768,3457,Incentive,,25.0000,$/Unit
31834,352,Incentive,max,50.0000,"% of cost"
31835,352,Incentive,max,10000.0000,$
31836,352,Incentive,,2.0000,$/W-DC
31837,356,Incentive,,38.0000,%
31838,356,Incentive,max,7600.0000,$
31839,356,System,max,6.0000,kW-DC
31965,1435,Incentive,,1500.0000,$/Unit
31966,1436,Incentive,min,250.0000,$/Unit
31967,1436,Incentive,max,750.0000,$/Unit
31968,1437,Incentive,,400.0000,$/Unit
32090,1428,Incentive,,75.0000,$/ton
32091,1429,Incentive,min,50.0000,$/ton
32092,1429,Incentive,max,75.0000,$
32093,1430,Incentive,,20.0000,$/Unit
32094,1431,Incentive,,100.0000,$/horsepower
32095,1432,Incentive,,20.0000,$/Unit
32096,1433,Incentive,min,25.0000,$/Unit
32097,1433,Incentive,max,40.0000,$
32098,1404,Incentive,min,4.0000,$/horsepower
32099,1404,Incentive,max,6.0000,$
32100,1405,Incentive,,30.0000,$/horsepower
32111,1444,Incentive,,250.0000,$/Unit
32112,1445,Incentive,,150.0000,$/Unit
32113,1446,Incentive,min,25.0000,$/Unit
32114,1446,Incentive,max,100.0000,$
32115,1438,Incentive,,250.0000,$/Unit
32116,1439,Incentive,,150.0000,$/Unit
32117,1440,Incentive,min,25.0000,$/Unit
32118,1440,Incentive,max,100.0000,$
32151,1424,Incentive,,1.0000,$/Unit
32152,1425,Incentive,,400.0000,$/Unit
32153,1426,Incentive,,250.0000,$/Unit
32154,1426,Incentive,,1.0000,$/Unit
32155,2144,Incentive,,1.0000,$/W
32156,2144,Incentive,max,50.0000,"% of cost"
32157,2144,Incentive,max,50000.0000,$
32167,2304,Incentive,,0.5000,$/W-AC
32168,2304,Incentive,max,50000.0000,$
32171,2003,Incentive,,1.6800,$/W
32172,2003,Incentive,max,7000.0000,$
32173,2004,Incentive,,1.6800,$/Unit
32174,2004,Incentive,max,40000.0000,$
32175,2021,Incentive,,0.7800,$/W-AC
32176,2021,Incentive,max,2340.0000,$
32177,2022,Incentive,,0.7800,$/W-AC
32178,2022,Incentive,max,19500.0000,$
32179,2063,Incentive,,0.6200,$/W-AC
32180,2063,Incentive,max,4480.0000,$
32181,2064,Incentive,,0.5900,$/W-AC
32182,2064,Incentive,max,11800.0000,$
32183,2134,System,max,29.9900,kW-AC
32184,2134,Incentive,,0.5000,$/W-CEC-AC
32185,2135,System,min,30.0000,kW-AC
32186,2135,Incentive,,0.0500,"$/kWh (5 years)"
32187,2135,Incentive,max,550000.0000,$
32188,2131,Incentive,,1.0000,$/W-AC
32189,2131,Incentive,max,3000.0000,$
32190,2132,Incentive,,1.0000,$/W-AC
32191,2132,Incentive,max,25000.0000,$
32192,2298,Incentive,,0.5000,$/W-AC
32193,2547,Incentive,,0.6400,$/W-CEC-AC
32194,2547,System,max,30.0000,kW
32195,2548,Incentive,,0.4900,$/W-CEC-AC
32196,2548,System,max,30.0000,kW-CEC-AC
32197,2544,Incentive,,0.5100,$/W-DC
32198,414,Incentive,,1.3000,$/W
32199,414,Incentive,max,65000.0000,$
32200,2568,System,max,30.0000,kW-DC
32201,2568,Incentive,,1.5000,$/W
32202,2568,Incentive,max,50.0000,"% of cost"
32203,2569,Incentive,,2.6000,$/W-AC
32204,2569,Incentive,max,3000.0000,$
32205,2569,Incentive,max,50.0000,"% of cost"
32206,2570,Incentive,,1.8100,$/W-AC
32207,2570,Incentive,max,19000.0000,$
32208,2570,Incentive,max,50.0000,"% of cost"
32209,2570,System,max,50.0000,kW
32210,2587,Incentive,,1.0000,$/W-AC
32211,2587,Incentive,max,10000.0000,$
32212,2588,System,max,30.0000,kW-AC
32213,2588,Incentive,,1.0000,$/W-AC
32214,2589,System,min,30.1000,kW-AC
32215,2589,System,max,500.0000,kW-AC
32216,2589,Incentive,,0.0400,"$/kWh (4 years)"
32219,1680,Incentive,,0.2400,$/W-CEC-AC
32220,4359,System,max,29.9900,kW
32221,4359,Incentive,,1.2000,$/W
32222,4360,System,min,30.0000,kW
32223,4360,Incentive,,0.1500,"$/kWh (5 years)"
32224,4360,System,max,1000.0000,kW
32225,4358,System,max,29.9900,kW
32226,4358,Incentive,,0.5700,$/W
32237,2293,Incentive,,50.0000,$/ton
32238,2294,Incentive,,150.0000,$/kW
32239,2295,Incentive,,0.0600,"$/first year kWh savings"
32586,1319,Incentive,,25.0000,$/Unit
32587,1320,Incentive,min,40.0000,$/ton
32588,1320,Incentive,max,80.0000,$
32589,1321,Incentive,,150.0000,$/ton
32590,1322,Incentive,,300.0000,$/ton
32591,1323,Incentive,,30.0000,$/horsepower
32592,2877,Incentive,,300.0000,$/Unit
32593,2878,Incentive,,125.0000,$/Unit
32594,2878,Incentive,max,300.0000,$
32635,2010,Incentive,,200.0000,$/Unit
32636,2011,Incentive,min,150.0000,$/Unit
32637,2011,Incentive,max,200.0000,$
32638,2012,Incentive,,300.0000,$/Unit
32639,2200,Incentive,,450.0000,$/Unit
32640,2201,Incentive,,25.0000,$/Unit
32641,2202,Incentive,,50.0000,
32642,2203,Incentive,,50.0000,$/Unit
32653,2136,Incentive,max,200.0000,$
32654,2137,Incentive,max,100.0000,$
32655,2138,Incentive,max,400.0000,$
32838,476,System,min,0.5000,kW
32839,476,System,max,25.0000,kW
32840,476,Incentive,,0.2000,$/W
32841,476,Incentive,max,1800.0000,$
32842,477,Incentive,,0.2000,$/W
32843,477,Incentive,max,600.0000,$
32844,478,Incentive,,0.0200,$/BTU
32845,478,Incentive,max,600.0000,$
33131,3247,Incentive,,40.0000,$/MBTUh
33347,1925,System,max,10.0000,kW
33348,1925,Incentive,,1.2500,$/W-AC
33349,1925,Incentive,max,12500.0000,$
33350,1926,System,max,50.0000,kW
33351,1926,Incentive,,0.6500,$/W-AC
33352,1927,System,min,50.1000,kW
33353,1927,System,max,1.0000,MW
33354,1927,Incentive,,0.0900,"$/kWh (5 years)"
33385,1974,System,max,100.0000,kW-CEC-AC
33386,1974,Incentive,,0.3000,$/W-CEC-AC
33387,1975,System,max,100.0000,kW-CEC-AC
33388,1975,Incentive,,0.6000,$/W-CEC-AC
33389,1976,System,max,100.0000,kW-CEC-AC
33390,1976,Incentive,,1.2000,$/W-CEC-AC
33391,1977,System,min,100.1000,kW-CEC-AC
33392,1977,System,max,1000.0000,kW-CEC-AC
33393,1977,Incentive,,0.0960,$/kWh
33394,1978,System,min,100.1000,kW-CEC-AC
33395,1978,System,max,1000.0000,kW-CEC-AC
33396,1978,Incentive,,0.1920,$/kWh
33397,1979,System,min,100.1000,kW-CEC-AC
33398,1979,System,max,1000.0000,kW-CEC-AC
33399,1979,Incentive,,0.3840,$/kWh
33420,3115,System,min,1.0000,kW-CEC-AC
33421,3115,System,max,10.0000,kW-CEC-AC
33422,3115,Incentive,,0.2400,$/W-CEC-AC
33423,3116,System,min,10.1000,kW-CEC-AC
33424,3116,System,max,24.9000,kW-CEC-AC
33425,3116,Incentive,,0.0400,"$/kWh (5 years)"
33467,487,Incentive,,50.0000,%
33468,487,Incentive,max,400.0000,$
33508,447,System,max,10.0000,kW
33509,447,Incentive,,450.0000,$/kW
33572,1,Incentive,,1.0000,$/W
33573,1,Incentive,max,5000.0000,$
33574,2,Incentive,,1.0000,$/W
33575,2,Incentive,max,2500.0000,$
33576,3,Incentive,,1.0000,$/W
33577,3,Incentive,max,10000.0000,$
33580,136,Incentive,,300.0000,$/kW
33581,136,Incentive,max,8000.0000,$
33582,136,System,max,100.0000,kW-DC
33583,137,Incentive,,300.0000,$/kW
33584,137,Incentive,max,2000.0000,$
33585,137,System,max,100.0000,kW-DC
33586,138,Incentive,,500.0000,$/Unit
33622,1842,Incentive,,0.0200,"$/kWh (10 years)"
33623,1843,Incentive,,0.0000,$/BTU
33624,1723,Incentive,max,500.0000,$
33625,1723,Incentive,,3.0000,$/W
33626,1724,Incentive,max,500.0000,$
33627,1725,Incentive,max,500.0000,$
33628,1726,Incentive,max,250.0000,$
33633,1990,System,min,1.0000,MW
33634,1990,Incentive,,6.0000,%
33635,1990,Incentive,max,999999.9999,$
33636,568,Incentive,,0.0100,"$/kWh (10 years)"
33637,568,System,min,1.0000,MW
33638,569,Incentive,,0.0300,"$/kWh (10 years)"
33639,569,System,min,1.0000,MW
33640,540,Incentive,,10.0000,%
33641,540,Incentive,max,9000.0000,$
33642,541,Incentive,,10.0000,%
33643,541,Incentive,max,9000.0000,$
33646,2086,Incentive,,1.5000,$/W-DC
33647,2087,Incentive,max,6000.0000,$
33648,2087,Incentive,max,50.0000,"% of cost"
33649,2088,Incentive,,0.6000,"$/first year kWh savings"
33650,2089,Incentive,,2.0000,"$/kWh (1 year)"
33651,2090,Incentive,,0.2000,"$/first year kWh savings"
33652,2090,Incentive,max,2500.0000,$
33653,2091,Incentive,,3.0000,$/W
33654,3147,Incentive,,2.0000,"$/kWh (1 year)"
33655,4789,Incentive,,3.0000,$/W
33656,4790,Incentive,max,1500.0000,$
33657,4790,Incentive,max,50.0000,"% of cost"
33672,2430,Incentive,,0.0100,$/kWh
33673,2430,Incentive,max,999999.9999,$
33674,1891,Incentive,,0.0200,"$/kWh (10 years)"
33675,1892,Incentive,,0.0000,$/BTU
33676,3661,Incentive,max,1000.0000,$
33677,3662,Incentive,,3.0000,$/W
33678,3662,Incentive,max,1000.0000,$
33679,1989,Incentive,,6.0000,%
33680,1989,System,min,1.0000,MW
33681,1989,Incentive,max,999999.9999,$
33682,545,Incentive,,0.0100,"$/kWh (10 years)"
33683,545,System,min,1.0000,MW
33684,546,Incentive,,0.0300,"$/kWh (10 years)"
33685,546,System,min,1.0000,MW
34115,2370,Incentive,,0.0400,$/kWh
34116,2370,System,min,50.0000,kW
34117,2370,System,max,20.0000,MW
34118,2370,Incentive,max,20.0000,Years
34119,2369,Incentive,,0.0400,$/kWh
34120,2369,System,min,50.0000,kW
34121,2369,System,max,20.0000,MW
34122,2369,Incentive,max,20.0000,Years
34123,2367,Incentive,,0.0400,$/kWh
34124,2367,Incentive,max,20.0000,Years
34125,2367,System,min,50.0000,kW
34126,2367,System,max,20.0000,MW
34127,2361,Incentive,,0.0400,$/kWh
34128,2361,System,min,50.0000,kW
34129,2361,System,max,20.0000,MW
34130,2361,Incentive,max,20.0000,Years
34131,2366,Incentive,,0.0400,$/kWh
34132,2366,System,min,50.0000,kW
34133,2366,System,max,20.0000,MW
34134,2366,Incentive,max,20.0000,Years
34135,363,System,min,50.0000,kW
34136,363,System,max,20.0000,MW
34137,363,Incentive,max,20.0000,Years
34138,363,Incentive,,0.0400,$/kWh
34139,2362,Incentive,,0.0400,$/kWh
34140,2362,System,min,50.0000,kW
34141,2362,System,max,20.0000,MW
34142,2362,Incentive,max,20.0000,Years
34143,2170,Incentive,,0.0273,$/kWh
34144,2170,System,max,50.0000,kW
34145,2170,System,max,2.0000,MW
34146,2168,Incentive,,0.0400,$/kWh
34147,2168,System,min,50.0000,kW
34148,2168,System,max,1.0000,MW
34149,2059,Incentive,,0.0400,$/kWh
34150,2059,System,min,50.0000,kW
34151,2059,System,max,1.0000,MW
34152,2060,Incentive,,0.0400,$/kWh
34153,2060,System,min,50.0000,kW
34154,2060,System,max,1.0000,MW
34155,1173,Incentive,,0.0400,"$/kWh (10 years)"
34156,1173,System,min,50.0000,kW
34157,1173,System,max,1.0000,MW
34158,372,Incentive,,0.0400,"$/kWh (10 years)"
34159,372,System,min,50.0000,kW
34160,372,System,max,1.0000,MW
34251,579,Incentive,min,40.0000,$/Unit
34252,579,Incentive,max,150.0000,$
34253,580,Incentive,,100.0000,$/Unit
34254,581,Incentive,min,50.0000,$/Unit
34255,581,Incentive,max,300.0000,$
34256,582,Incentive,,100.0000,$/Unit
34257,583,Incentive,max,300.0000,$
34258,3823,Incentive,,100.0000,$/Unit
34278,261,Incentive,min,150.0000,$/ton
34279,261,Incentive,max,750.0000,$
34280,263,Incentive,,50.0000,$/Unit
34281,263,Incentive,max,350.0000,$
34282,3824,Incentive,min,150.0000,$/Unit
34283,3824,Incentive,max,450.0000,$
34365,2176,Incentive,,1000.0000,$/Unit
34425,2378,Incentive,,0.0400,$/kWh
34426,2378,System,max,200.0000,kW
34518,3532,Incentive,,0.0000,$/MBTUh
34519,3533,Incentive,,0.0000,$/MBTUh
34520,3534,Incentive,,0.0000,$/MBTUh
34521,3535,Incentive,,0.0000,$/MBTUh
34522,3536,Incentive,,0.0100,$/MBTUh
34523,3537,Incentive,,200.0000,$/Unit
34524,3538,Incentive,,200.0000,$/Unit
34525,3539,Incentive,,0.3000,"$/square foot"
34526,3540,Incentive,min,200.0000,$/Unit
34527,3541,Incentive,,100.0000,$/Unit
34642,3586,Incentive,,0.1200,$/kWh
34643,3586,System,min,100.0000,kW
34694,3976,Incentive,min,50.0000,%
34695,3977,Incentive,min,100.0000,$/ton
34696,3977,Incentive,max,250.0000,$
34822,50,System,max,4.0000,kW
34823,50,Incentive,,0.3000,$/kW
34836,2464,Incentive,,500.0000,$/Unit
34857,4151,Incentive,min,0.4000,"$/square foot"
34858,4151,Incentive,max,0.4000,$
34859,4152,Incentive,min,250.0000,$/Unit
34860,4152,Incentive,max,1000.0000,$
34861,4153,Incentive,,200.0000,$/Unit
34862,4154,Incentive,,100.0000,$/Unit
34863,4427,Incentive,,150.0000,$/Unit
34864,4428,Incentive,,500.0000,$
34887,3974,Incentive,,350.0000,$/Unit
34888,3974,Incentive,max,600.0000,$
34889,3975,Incentive,max,800.0000,$
34938,1362,Incentive,min,300.0000,$/Unit
34939,1362,Incentive,max,600.0000,$
34940,1363,Incentive,min,300.0000,$/Unit
34941,1363,Incentive,max,500.0000,$
34942,1364,Incentive,min,20.0000,$/Unit
34943,1364,Incentive,max,100.0000,$
34951,1409,Incentive,min,50.0000,$/Unit
34952,1409,Incentive,max,100.0000,$
34953,1410,Incentive,min,100.0000,$/Unit
34954,1410,Incentive,max,400.0000,$
35048,4565,Incentive,,750.0000,$
35108,5365,System,,,
35356,4002,Incentive,,0.0500,"$/kWh (1 year)"
35371,5200,Incentive,min,400.0000,$
35372,5200,Incentive,max,450.0000,$
35373,5201,Incentive,,50.0000,$
35374,5202,Incentive,,6.0000,$/Unit
35375,5204,Incentive,min,0.2000,"$/square foot"
35376,5204,Incentive,max,0.5000,"$/square foot"
35493,1955,Incentive,min,2.0000,$/Unit
35494,1955,Incentive,max,4.0000,$
35501,49,System,max,10.0000,kW
35502,49,Incentive,,0.2500,$/kWh
35522,1224,Incentive,min,300.0000,$/Unit
35523,1224,Incentive,max,400.0000,$
35524,1225,Incentive,min,150.0000,$/Unit
35525,1225,Incentive,max,400.0000,$
35542,4824,Incentive,,50.0000,$/Unit
35554,415,Incentive,min,25.0000,$/Unit
35555,415,Incentive,max,100.0000,$/Unit
35667,845,Incentive,,300.0000,$/Unit
35668,846,Incentive,,200.0000,$/Unit
35669,847,Incentive,min,0.1500,"$/square foot"
35670,848,Incentive,min,1.0000,"$/square foot"
35671,848,Incentive,max,1.5000,"$/square foot"
35672,849,Incentive,min,75.0000,$/Unit
35673,849,Incentive,max,100.0000,$/Unit
35674,850,Incentive,min,800.0000,$
35675,850,Incentive,max,1000.0000,$
35676,5613,Incentive,,200.0000,$/Unit
35677,5614,Incentive,,80.0000,$/Unit
35730,1909,System,max,50.0000,kW
35731,1910,System,min,50.0000,kW
35732,1910,System,max,2000.0000,kW
35751,2297,Incentive,,0.1700,"$/kWh (20 years)"
35764,2009,Incentive,min,500.0000,$/Unit
35765,2009,Incentive,max,1500.0000,$
35896,2550,Incentive,,1500.0000,$/Unit
35946,166,Incentive,min,1500.0000,$/Unit
35947,166,Incentive,max,2000.0000,$
35968,1757,Incentive,max,440.0000,$
35972,2122,Incentive,min,0.0800,$/kWh
35973,2122,Incentive,max,0.2000,$
35974,2122,Incentive,min,125.0000,$/kW
35975,2122,Incentive,max,200.0000,$
36086,1655,Incentive,,0.2700,$/kWh
36087,1655,Incentive,max,900.0000,$
36102,2109,Incentive,,278.0000,$/kW
36103,2109,Incentive,max,477.0000,$
36104,2108,Incentive,,175.0000,$/kW
36111,2182,Incentive,min,100.0000,$/Unit
36112,2182,Incentive,max,200.0000,$
36113,2183,Incentive,,200.0000,$/Unit
36114,2184,Incentive,,150.0000,$/Unit
36115,2184,Incentive,,300.0000,$/Unit
36116,2185,Incentive,,150.0000,$/Unit
36117,2186,Incentive,,1.0000,$/Unit
36118,2187,Incentive,,25.0000,$/Unit
36119,2189,Incentive,,0.1000,$/W
36120,2189,Incentive,max,0.2000,$
36121,2189,Incentive,max,20.0000,$
36132,2296,Incentive,max,5.0000,$
36133,2446,Incentive,,5.0000,$/Unit
36162,2216,Incentive,,242.0000,$/kW
36163,2216,Incentive,max,440.0000,$
36164,2216,Incentive,max,150.0000,$
36173,2431,Incentive,,150.0000,$/kW
36174,2431,Incentive,,0.0800,$/kWh
36175,2432,Incentive,,477.0000,$/kW
36176,2432,Incentive,,0.1400,$/kWh
36177,2433,Incentive,,250.0000,$/kW
36178,2433,Incentive,,0.0700,$/kWh
36179,2434,Incentive,,160.0000,$/kW
36180,2434,Incentive,,0.0600,$/kWh
36181,2435,Incentive,,300.0000,$/kW
36182,2435,Incentive,,0.1000,$/kWh
36183,2436,Incentive,,180.0000,$/kW
36184,2436,Incentive,,0.1000,$/kWh
36185,2437,Incentive,,500.0000,$/kW
36186,2437,Incentive,,0.1600,$/kWh
36187,2438,Incentive,,420.0000,$/kW
36188,2438,Incentive,,0.1500,$/kWh
36189,2439,Incentive,,450.0000,$/kW
36190,2439,Incentive,,0.1500,$/kWh
36191,2440,Incentive,,160.0000,$/kW
36192,2440,Incentive,,0.0600,$/kWh
36564,445,Incentive,,35.0000,$/Unit
36608,2461,Incentive,,600.0000,$/Unit
36638,5,Incentive,,75.0000,$
36639,6,Incentive,,50.0000,$
36640,7,Incentive,,100.0000,$
36641,8,Incentive,min,75.0000,$
36642,8,Incentive,max,200.0000,$
36643,9,Incentive,,1.0000,"$/square foot"
36644,4605,Incentive,,1.0000,"$/square foot"
36685,4814,Incentive,,0.0800,$/kWh
36686,4814,Incentive,max,150000.0000,$
36687,4815,Incentive,,0.0600,$/kWh
36688,4815,Incentive,max,30000.0000,$
36689,4816,Incentive,,0.1100,$/kWh
36690,4816,Incentive,max,50000.0000,$
36691,4817,Incentive,,0.0900,$/kWh
36692,4817,Incentive,max,50000.0000,$
36693,4818,Incentive,,0.1400,$/kWh
36694,4818,Incentive,,50000.0000,$
36731,4606,Incentive,min,20.0000,$/horsepower
36732,4606,Incentive,max,12000.0000,$
36733,4606,Incentive,max,75.0000,$/horsepower
36734,4607,Incentive,,140.0000,$/horsepower
36735,4607,Incentive,max,10500.0000,$
36736,4608,Incentive,,50.0000,$/Unit
36737,4609,Incentive,max,500.0000,$/Unit
36738,4609,Incentive,min,200.0000,$/Unit
36739,4610,Incentive,min,1.0000,$/MBTUh
36740,4610,Incentive,max,2.0000,$/MBTUh
36741,4611,Incentive,,15.0000,$/Unit
36742,4612,Incentive,min,2.0000,"$/square foot"
36743,4612,Incentive,max,4.0000,"$/square foot"
36744,4612,Incentive,min,2.0000,"$/linear foot"
36745,4612,Incentive,max,3.0000,"$/linear foot"
36746,4613,Incentive,min,350.0000,$/Unit
36747,4613,Incentive,max,5000.0000,$/Unit
36748,4613,Incentive,min,100.0000,"$/linear foot"
36749,4613,Incentive,max,150.0000,"$/linear foot"
36750,4614,Incentive,min,50.0000,$/Unit
36751,4614,Incentive,max,600.0000,$/Unit
36752,4615,Incentive,min,10.0000,$/fixture
36753,4615,Incentive,max,300.0000,$/fixture
36771,5147,Incentive,min,50.0000,$/Unit
36772,5147,Incentive,max,175.0000,$/Unit
36773,5148,Incentive,min,200.0000,$/Unit
36774,5148,Incentive,max,500.0000,$/Unit
36775,5149,Incentive,,1500.0000,$/Unit
36776,5150,Incentive,min,150.0000,$/Unit
36777,5150,Incentive,max,300.0000,$/Unit
36778,5151,Incentive,min,10.0000,$
36779,5151,Incentive,max,200.0000,$
36780,5152,Incentive,,100.0000,$/Unit
36788,4811,Incentive,,200.0000,$/Unit
36789,4812,Incentive,,50.0000,$/Unit
36790,4813,Incentive,,100.0000,$/Unit
37020,5078,Incentive,min,5000.0000,$
37021,5078,Incentive,max,100000.0000,$
37022,5079,Incentive,min,5000.0000,$
37023,5079,Incentive,max,250000.0000,$
37051,2447,Incentive,,750.0000,$/Unit
37052,2447,Incentive,max,1500.0000,$
37114,4884,Incentive,,1000.0000,$
37203,3716,Incentive,,300.0000,$/Unit
37204,3717,Incentive,,300.0000,$/Unit
37205,3718,Incentive,min,1000.0000,$/Unit
37206,3718,Incentive,max,4000.0000,$
37287,2190,Incentive,,500.0000,$/Unit
37288,2191,Incentive,,500.0000,$/Unit
37289,1683,Incentive,,75.0000,$/Unit
37290,1684,Incentive,,500.0000,$/Unit
37291,1685,Incentive,,600.0000,$/Unit
37292,2198,Incentive,min,500.0000,$/Unit
37293,2198,Incentive,max,1500.0000,$
37294,2199,Incentive,,1400.0000,$/MBTUh
37339,3375,Incentive,max,400.0000,$
37340,3376,Incentive,,400.0000,$/Unit
37341,3377,Incentive,max,300.0000,$
37342,3378,Incentive,,25.0000,$/Unit
37343,3544,Incentive,,200.0000,$/Unit
37344,3545,Incentive,max,800.0000,$
37345,3546,Incentive,,50.0000,$/Unit
37346,3547,Incentive,,25.0000,$/Unit
37347,3548,Incentive,max,1200.0000,$
37348,3549,Incentive,min,750.0000,$/Unit
37349,3550,Incentive,,100.0000,$/Unit
37350,3551,Incentive,,100.0000,$/Unit
37368,3228,Incentive,,300.0000,$/Unit
37369,3229,Incentive,max,100.0000,$
37370,3230,Incentive,,75.0000,$/Unit
37371,3231,Incentive,,50.0000,$/Unit
37372,3232,Incentive,max,200.0000,$
37373,3232,Incentive,max,50.0000,"% of cost"
37374,3233,Incentive,max,750.0000,$
37428,4509,Incentive,,750.0000,$
37475,3114,Incentive,max,35.0000,"% of cost"
37476,3113,Incentive,max,50.0000,"% of cost"
37507,3407,Incentive,min,10.0000,$/Unit
37508,3407,Incentive,max,150.0000,$
37509,3408,Incentive,min,20.0000,$/Unit
37510,3408,Incentive,max,50.0000,$
37511,3409,Incentive,min,800.0000,$/Unit
37512,3409,Incentive,max,1575.0000,$
37513,3410,Incentive,,150.0000,$/ton
37514,3411,Incentive,,75.0000,$/Unit
37569,779,Incentive,,300.0000,$/Unit
37570,3887,Incentive,,50.0000,$/Unit
37811,3239,Incentive,,30.0000,%
37812,3239,Incentive,max,300.0000,$
37813,3240,Incentive,,300.0000,$/Unit
37814,3241,Incentive,min,100.0000,$/Unit
37815,3241,Incentive,max,300.0000,$
37816,3242,Incentive,,25.0000,$/Unit
37817,3243,Incentive,,300.0000,$/Unit
37818,3234,Incentive,,100.0000,$/Unit
37819,3235,Incentive,,300.0000,$/Unit
37820,3236,Incentive,min,100.0000,$/Unit
37821,3236,Incentive,max,300.0000,$
37822,3237,Incentive,,300.0000,$/Unit
37823,3238,Incentive,,30.0000,%
37824,3238,Incentive,max,300.0000,$
37835,3621,Incentive,min,70.0000,$/Unit
37836,3622,Incentive,min,85.0000,$/Unit
37837,3622,System,min,2.0000,Tons
37838,3623,Incentive,,40.0000,$/Unit
37839,3624,Incentive,,30.0000,$/Unit
37840,3625,Incentive,,40.0000,%
37841,3625,Incentive,max,500.0000,$
37842,3626,Incentive,,50.0000,%
37843,3626,Incentive,max,50.0000,
37844,3627,Incentive,min,100.0000,$/Unit
37845,3627,System,min,2.0000,Tons
37846,3628,Incentive,,40.0000,$/Unit
37997,4902,Incentive,,300.0000,$
37998,4903,Incentive,,100.0000,$
37999,4904,Incentive,,70.0000,$
38000,4905,Incentive,,20.0000,"% of cost"
38001,4905,Incentive,max,300.0000,$
38010,4893,Incentive,,4.0000,$/Unit
38011,4894,Incentive,min,750.0000,$/MBTUh
38012,4894,Incentive,max,3500.0000,$/MBTUh
38013,4895,Incentive,,200.0000,$/Unit
38014,4896,Incentive,min,80.0000,$
38015,4896,Incentive,max,120.0000,$
38016,4897,Incentive,,100.0000,$/Unit
38017,4898,Incentive,min,3.0000,"$/linear foot"
38018,4898,Incentive,max,5.0000,"$/linear foot"
38019,4899,Incentive,min,250.0000,$/MBTUh
38020,4899,Incentive,max,750.0000,$/MBTUh
38021,4899,Incentive,max,2000.0000,$
38022,4900,Incentive,,4.0000,$/Unit
38023,4901,Incentive,,25.0000,"% of cost"
38024,4901,Incentive,max,10000.0000,$
38464,652,Incentive,min,200.0000,$/ton
38465,652,Incentive,max,400.0000,$/ton
38466,653,Incentive,,50.0000,$/Unit
38467,654,Incentive,,100.0000,$/Unit
38468,655,Incentive,,25.0000,$/Unit
38469,656,Incentive,,25.0000,$/Unit
38470,4599,Incentive,min,8.0000,$/fixture
38471,4599,Incentive,max,40.0000,$/fixture
38472,4600,Incentive,,150.0000,$/Unit
38473,4601,Incentive,,25.0000,$
38474,4602,Incentive,min,400.0000,$/Unit
38475,4602,Incentive,max,500.0000,$/Unit
38476,4603,Incentive,max,300.0000,$
38477,4604,Incentive,max,500.0000,$
38478,5055,Incentive,max,80.0000,$/Unit
38479,5056,Incentive,min,30.0000,$/ton
38480,5056,Incentive,max,50.0000,$/ton
38481,5057,Incentive,min,30.0000,$/ton
38482,5057,Incentive,max,40.0000,$/ton
38483,5058,Incentive,min,200.0000,$/ton
38484,5058,Incentive,max,400.0000,$/ton
38485,5059,Incentive,min,30.0000,$/ton
38486,5059,Incentive,max,40.0000,$/ton
38487,5060,Incentive,,50.0000,$/Unit
38488,5061,Incentive,,25.0000,$/Unit
38489,5062,Incentive,min,15.0000,$
38490,5062,Incentive,max,600.0000,$
38491,5063,Incentive,,150.0000,$
38492,5064,Incentive,,50.0000,$
38493,5065,Incentive,,50.0000,$
38494,5066,Incentive,,40.0000,$/horsepower
38495,5067,Incentive,min,60.0000,$
38496,5067,Incentive,max,1500.0000,$
39036,1949,Incentive,,0.2500,$/W-CEC-AC
39037,1950,Incentive,,0.3000,$/W-CEC-AC
39038,1950,System,max,1.0000,MW
39039,1951,Incentive,,0.9500,$/W-CEC-AC
39040,1951,System,max,1.0000,MW
39055,2475,Incentive,,0.0085,"$/kWh (5 years)"
39056,2475,Incentive,max,999999.9999,$
39057,2017,Incentive,,0.0085,"$/kWh (5 years)"
39196,5210,Incentive,min,14.0000,$/Unit
39197,5210,Incentive,max,65.0000,$/Unit
39198,5211,Incentive,min,8.0000,$/Unit
39199,5211,Incentive,max,250.0000,$/Unit
39223,4861,Incentive,,50.0000,"% of cost"
39224,4861,Incentive,max,150.0000,$
39225,4862,Incentive,,50.0000,"% of cost"
39226,4862,Incentive,max,300.0000,$
39280,1470,Incentive,,50.0000,$/Unit
39281,1475,Incentive,,50.0000,$/Unit
39282,1476,Incentive,max,600.0000,$
39283,1477,Incentive,,250.0000,$/Unit
39284,1478,Incentive,,1.0000,"$/square foot"
39285,1479,Incentive,,50.0000,$/Unit
39338,2713,Incentive,max,1.0000,$
39340,804,Incentive,min,70.0000,$/Unit
39341,804,Incentive,max,500.0000,$/Unit
39342,805,Incentive,,70.0000,%
39343,806,Incentive,min,150.0000,$/Unit
39344,806,Incentive,max,300.0000,$/Unit
39345,807,Incentive,,0.1500,"$/linear foot"
39346,809,Incentive,,100.0000,$/Unit
39347,5562,Incentive,min,350.0000,$/ton
39348,5562,Incentive,max,1600.0000,$/ton
39349,5563,Incentive,min,400.0000,$/Unit
39350,5563,Incentive,max,800.0000,$/Unit
39351,5564,Incentive,min,40.0000,$/Unit
39352,5564,Incentive,max,650.0000,$/Unit
39353,5565,Incentive,max,50.0000,$/Unit
39354,5566,Incentive,,2.0000,"$/linear foot"
39355,5567,Incentive,min,100.0000,$/Unit
39356,5567,Incentive,max,700.0000,$/Unit
39357,5568,Incentive,,50.0000,
39358,5569,Incentive,,35.0000,$/horsepower
39359,5570,Incentive,min,30.0000,$
39360,5570,Incentive,max,1650.0000,$
39361,5571,Incentive,min,40.0000,$/Unit
39362,5571,Incentive,max,1500.0000,$/Unit
39363,5572,Incentive,,150.0000,%
39364,5573,Incentive,min,5.0000,$
39365,5573,Incentive,max,100.0000,$
39366,5574,Incentive,min,2.0000,$
39367,5574,Incentive,max,100.0000,$
39368,5575,Incentive,min,10.0000,$/Unit
39369,5575,Incentive,max,50.0000,$/Unit
39370,5576,Incentive,min,3.0000,$/Unit
39371,5576,Incentive,max,50.0000,$/Unit
39372,5560,Incentive,max,2350.0000,$
39373,5561,Incentive,max,2350.0000,$
39391,820,Incentive,min,500.0000,$/Unit
39392,820,Incentive,max,700.0000,$/Unit
39393,821,Incentive,,75.0000,$/Unit
39394,822,Incentive,max,75.0000,$/Unit
39395,824,Incentive,min,20.0000,$/Unit
39396,824,Incentive,max,650.0000,$/Unit
39397,825,Incentive,min,150.0000,$/Unit
39398,825,Incentive,max,3200.0000,$/Unit
39399,826,Incentive,min,150.0000,$/Unit
39400,826,Incentive,max,800.0000,$/Unit
39401,5577,Incentive,,300.0000,$/Unit
39402,5578,Incentive,,50.0000,$/Unit
39403,5579,Incentive,,70.0000,"% of cost"
39404,5580,Incentive,max,750.0000,$/Unit
39447,2403,Incentive,,350.0000,$/Unit
39486,3650,Incentive,min,0.2000,"$/kWh (15 years)"
39487,3651,Incentive,min,0.2400,"$/kWh (15 years)"
39488,3652,Incentive,,86.0000,$/MWh
39489,2456,Incentive,min,0.0600,$/kWh
39490,2456,Incentive,min,0.6000,$/therm
39498,3702,Incentive,,900.0000,$/Unit
39499,3703,Incentive,,25.0000,$/Unit
39585,3859,Incentive,,50.0000,$/Unit
39586,3860,Incentive,,300.0000,$/Unit
39587,3861,Incentive,min,150.0000,$/Unit
39588,3862,Incentive,min,400.0000,$/Unit
39773,887,Incentive,min,40.0000,$/Unit
39774,887,Incentive,max,75.0000,$/Unit
39775,5534,Incentive,,2000.0000,$/Unit
39776,5535,Incentive,,40.0000,$/Unit
39777,5536,Incentive,,500.0000,$/Unit
39778,5537,Incentive,min,600.0000,$/Unit
39779,5537,Incentive,max,800.0000,$/Unit
39780,5538,Incentive,,600.0000,$/Unit
39781,5539,Incentive,,600.0000,$/Unit
39782,5540,Incentive,min,40.0000,$/Unit
39783,5540,Incentive,max,75.0000,$/Unit
39784,5541,Incentive,max,150.0000,$/Unit
39785,5542,Incentive,,950.0000,$/Unit
39849,2844,Incentive,min,75.0000,$/Unit
39850,2844,Incentive,max,300.0000,$
39851,2845,Incentive,min,250.0000,$/Unit
39852,2845,Incentive,max,400.0000,$
39853,2846,Incentive,min,150.0000,$/Unit
39854,2846,Incentive,max,400.0000,$
39855,2847,Incentive,min,25.0000,$/Unit
39856,2847,Incentive,max,50.0000,$
39857,2848,Incentive,min,100.0000,$/Unit
39858,2848,Incentive,max,500.0000,$
39859,2839,Incentive,,30.0000,$/horsepower
39860,2840,Incentive,min,10.0000,$/Unit
39861,2840,Incentive,max,600.0000,$
39862,2832,Incentive,,75.0000,$/Unit
39863,2832,Incentive,max,300.0000,$
39864,2833,Incentive,min,150.0000,$/Unit
39865,2833,Incentive,max,400.0000,$
39866,2834,Incentive,max,70.0000,"% of cost"
39867,2835,Incentive,,50.0000,$/Unit
39868,2836,Incentive,,300.0000,$/Unit
39869,2837,Incentive,min,75.0000,$/Unit
39870,2837,Incentive,max,300.0000,$
39871,2854,Incentive,min,75.0000,$/Unit
39872,2854,Incentive,max,300.0000,$
40240,2462,System,max,100.0000,kW
40241,2462,Incentive,,0.0200,$/kWh
40242,2463,System,min,100.0000,kW
40243,2463,Incentive,,0.0200,$/kWh
40244,2463,System,max,1000.0000,kW
40274,2350,Incentive,,0.3000,"$/first year kWh savings"
40277,2725,Incentive,max,100.0000,$
40278,2725,Incentive,min,5.0000,$/Unit
40468,5632,Incentive,max,250000.0000,$
40469,5632,Incentive,min,35.0000,"% of cost"
40470,5632,Incentive,max,50.0000,"% of cost"
40471,3781,Incentive,max,12500.0000,$
40472,5624,Incentive,max,25000.0000,$
40577,2314,Incentive,,10.0000,%
40578,2314,Incentive,max,25000.0000,$
40579,2316,Incentive,,10.0000,%
40580,2316,Incentive,max,25000.0000,$
40603,1894,Incentive,min,375.0000,$/W-DC
40604,1894,Incentive,max,475.0000,$
40605,1894,System,max,100.0000,kW
40606,1895,Incentive,,1000.0000,$/kW
40607,1895,System,max,100.0000,kW
40622,1292,Incentive,max,20.0000,$
40700,4374,Incentive,max,100.0000,"% of cost"
40822,5086,System,,34.9500,$
40899,2106,System,min,500.0000,W
40900,2106,System,max,50.0000,kW
40901,2106,Incentive,min,0.0750,$/kWh
40902,2106,Incentive,max,0.0900,$/kW
40903,2110,System,min,500.0000,W
40904,2110,System,max,50.0000,kW
40905,2110,Incentive,min,0.0750,$/kWh
40906,2110,Incentive,max,0.0900,$/kWh
40907,2113,System,min,500.0000,W
40908,2113,System,max,50.0000,kW
40909,2113,Incentive,min,0.0750,$/kWh
40910,2113,Incentive,max,0.0900,$/kWh
40911,2107,System,min,500.0000,W
40912,2107,System,max,50.0000,kW
40913,2107,Incentive,min,0.0750,$/kWh
40914,2107,Incentive,max,0.0900,$/kWh
40915,2095,System,min,500.0000,W
40916,2095,System,max,50.0000,kW
40917,2095,Incentive,min,0.0750,$/kWh
40918,2095,Incentive,max,0.0900,$/kWh
40919,2111,System,min,500.0000,W
40920,2111,System,max,50.0000,kW
40921,2111,Incentive,min,0.0750,$/kWh
40922,2111,Incentive,max,0.0900,$/kWh
40923,2112,System,min,500.0000,W
40924,2112,System,max,50.0000,kW
40925,2112,Incentive,min,0.0750,$/kWh
40926,2112,Incentive,max,0.0900,$/kWh
41020,758,Incentive,,0.1500,$/kWh
41021,759,System,max,20.0000,kW
41022,760,System,max,50.0000,kW-AC
41077,2696,Incentive,,213.0000,$/kW
41189,3667,Incentive,min,10.0000,$/Unit
41190,3667,Incentive,max,350.0000,$
41191,3668,Incentive,min,15.0000,$/Unit
41192,3668,Incentive,max,60.0000,$
41290,4373,Incentive,max,100.0000,"% of cost"
41363,1122,Incentive,,35.0000,$/Unit
41597,5943,Incentive,,8.0000,$/horsepower
41598,5944,Incentive,min,1600.0000,$/Unit
41599,5944,Incentive,max,6800.0000,$/Unit
41654,1937,Incentive,max,2500.0000,$
41655,1933,Incentive,max,50.0000,"% of cost"
41656,1933,Incentive,max,5000.0000,$
41657,1934,Incentive,max,1500.0000,$
41658,1934,Incentive,max,50.0000,"% of cost"
41659,1932,Incentive,max,2500.0000,$
41660,1932,Incentive,max,50.0000,"% of cost"
41661,1935,Incentive,max,50.0000,"% of cost"
41662,1935,Incentive,max,5000.0000,$
41663,1936,Incentive,max,1500.0000,$
41664,1936,Incentive,max,50.0000,"% of cost"
41751,1600,Incentive,,60.0000,$/horsepower
41752,1602,Incentive,min,50.0000,$/Unit
41753,1602,Incentive,max,300.0000,$
41754,1604,Incentive,,25.0000,$/Unit
41755,1611,Incentive,,300.0000,$/Unit
41756,1612,Incentive,,25.0000,$/Unit
41757,1613,Incentive,,300.0000,$/Unit
41758,1614,Incentive,min,150.0000,$/Unit
41759,1614,Incentive,max,1.0000,$
41760,2970,Incentive,min,40.0000,$/Unit
41761,2970,Incentive,max,1.0000,$
41762,1606,Incentive,,40.0000,$/Unit
41763,1606,Incentive,max,1.0000,$
41764,1607,Incentive,min,150.0000,
41765,1607,Incentive,max,1.0000,$
41766,1608,Incentive,max,3.0000,$
41767,1609,Incentive,,300.0000,$/Unit
41768,1610,Incentive,,25.0000,$/Unit
41802,1585,Incentive,min,150.0000,$/Unit
41803,1585,Incentive,max,400.0000,$/Unit
41804,1585,Incentive,,20.0000,$/kW
41805,1586,Incentive,min,30.0000,$/Unit
41806,1586,Incentive,max,9000.0000,$/Unit
41807,1587,Incentive,,500.0000,$/ton
41808,5408,Incentive,min,250.0000,$/ton
41809,5408,Incentive,max,500.0000,$/ton
41810,5409,Incentive,min,0.0500,$/kW
41811,5409,Incentive,max,0.3000,$/kW
41812,5410,Incentive,,125.0000,$/kW
41839,1623,Incentive,,300.0000,$/Unit
41840,1624,Incentive,min,15.0000,$/Unit
41841,1624,Incentive,max,60.0000,$/Unit
41877,2784,Incentive,max,15.0000,$
41878,1132,Incentive,,3.0000,%
41879,1132,Incentive,max,150000.0000,$
41914,1128,Incentive,max,300000.0000,$
41917,1130,Incentive,,3.0000,%
41918,1130,Incentive,max,200000.0000,$
41919,1750,Incentive,,0.0900,$/kWh
41954,3641,Incentive,,600.0000,$/kW
41955,2521,Incentive,min,2.0000,$/Unit
41956,2521,Incentive,max,50.0000,$
41957,2603,Incentive,,100.0000,$/Unit
41958,2603,Incentive,max,900.0000,$
41959,2603,Incentive,,10.0000,%
41962,1540,Incentive,,250.0000,$/Unit
41963,1541,Incentive,,250.0000,$/Unit
41964,1542,Incentive,,500.0000,$/Unit
41965,1543,Incentive,,500.0000,$/Unit
41966,1103,Incentive,max,2250.0000,$
41967,1103,Incentive,max,50.0000,"% of cost"
41987,2094,Incentive,,0.0100,$/kW
41988,2094,Incentive,,0.3000,$/therm
41989,2318,Incentive,,400.0000,$/Unit
41990,2319,Incentive,,50.0000,$/Unit
41991,2320,Incentive,,25.0000,$/Unit
41992,2321,Incentive,,40.0000,$/Unit
41993,2322,Incentive,max,75.0000,$
41994,2325,Incentive,max,300.0000,$
41995,2327,Incentive,,1200.0000,$/Unit
41996,6236,Incentive,,350.0000,$
41997,6237,Incentive,,100.0000,"% of cost"
41998,4866,Incentive,min,0.0100,"$/first year kWh savings"
41999,4866,Incentive,max,0.1000,"$/first year kWh savings"
42000,4868,Incentive,min,0.0800,$/W
42001,4868,Incentive,max,0.1000,$/W
42002,4869,Incentive,min,10.0000,$/ton
42003,4869,Incentive,max,15.0000,$/ton
42004,4870,Incentive,min,25.0000,$/ton
42005,4870,Incentive,max,70.0000,$/ton
42006,4871,Incentive,,80.0000,$/ton
42007,4872,Incentive,min,20.0000,$/ton
42008,4872,Incentive,max,35.0000,$/ton
42009,4874,Incentive,min,8.0000,$/motor
42010,4874,Incentive,max,475.0000,$/motor
42011,4875,Incentive,,90.0000,$/horsepower
42012,4876,Incentive,min,5.0000,$/Unit
42013,4876,Incentive,max,400.0000,$/Unit
42014,4879,Incentive,min,10.0000,$/Unit
42015,4879,Incentive,max,15.0000,$/Unit
42016,4880,Incentive,,45.0000,$/Unit
42017,4882,Incentive,,120.0000,$/Unit
42018,4883,Incentive,min,30.0000,$/Unit
42019,4883,Incentive,max,100.0000,$/Unit
42020,6235,Incentive,,0.0700,"$/kWh (1 year)"
42032,4863,Incentive,max,100.0000,"% of cost"
42033,4864,Incentive,max,400.0000,$/Unit
42055,2177,Incentive,,25.0000,%
42325,2341,Incentive,,450.0000,$/kW
42326,2341,Incentive,max,4500.0000,$
42438,2317,Incentive,,0.0100,"$/kWh (10 years)"
42439,2315,Incentive,,0.0100,"$/kWh (10 years)"
42447,3055,Incentive,,1.0000,$/W-DC
42638,1043,Incentive,,1.2500,$/kWh
42639,1043,Incentive,max,6000.0000,$
42640,1044,Incentive,,0.5500,$/kWh
42641,1044,Incentive,max,150000.0000,$
42642,1045,Incentive,,0.6500,$/kWh
42643,1045,Incentive,max,150000.0000,$
42644,1318,Incentive,,50.0000,%
42645,3782,Incentive,min,7000.0000,$/Unit
42646,3782,Incentive,max,10000.0000,$
42666,90,Incentive,max,450.0000,$
42667,2162,Incentive,max,10000.0000,$
42668,448,System,min,0.5000,kW
42669,448,System,max,30.0000,kW
42670,448,Incentive,,0.0300,"$/kWh (10 years)"
42671,450,System,min,30.0000,kW
42672,450,System,max,500.0000,kW
42673,450,Incentive,,0.0600,"$/kWh (10 years)"
42688,5706,Incentive,max,100.0000,$/Unit
42689,5707,Incentive,,300.0000,$/Unit
42690,5708,Incentive,,250.0000,$/Unit
42691,5709,Incentive,,25.0000,
42765,195,Incentive,,35.0000,%
42768,2843,Incentive,max,100.0000,$
42786,3616,Incentive,min,400.0000,$/kW
42787,3616,Incentive,max,650000.0000,$
43014,1785,Incentive,max,25000.0000,$
43052,567,Incentive,min,1.4000,"$/square foot"
43053,554,Incentive,min,2.5000,"$/square foot"
43073,124,Incentive,,5.0000,$/MBTUh
43074,125,System,min,600.0000,
43075,125,System,max,4500.0000,
43076,126,System,min,350.0000,
43077,126,System,max,1050.0000,
43078,127,System,min,75.0000,
43079,127,System,max,500.0000,
43080,128,System,min,300.0000,
43081,128,System,max,6000.0000,
43082,129,Incentive,min,15.0000,$/ton
43083,129,Incentive,max,25.0000,$
43084,130,System,min,10.0000,
43085,130,System,max,25.0000,
43086,123,Incentive,min,30000.0000,$/Unit
43087,123,Incentive,max,999999.9999,$
43088,3043,Incentive,max,45.0000,"% of cost"
43089,3044,Incentive,,1500.0000,$/Unit
43153,6830,Incentive,max,40.0000,"% of cost"
43154,6831,Incentive,max,60.0000,"% of cost"
43155,6832,Incentive,,60.0000,"% of cost"
43156,6832,Incentive,max,180000.0000,$
43157,6833,Incentive,,60.0000,"% of cost"
43158,6833,Incentive,max,150000.0000,$
43159,6834,Incentive,max,100.0000,"% of cost"
43160,6834,Incentive,max,100000.0000,$
43198,6858,Incentive,min,60.0000,"% of cost"
43199,6858,Incentive,max,80.0000,"% of cost"
43200,6859,Incentive,max,60.0000,"% of cost"
43201,6860,Incentive,max,100.0000,"% of cost"
43206,6863,Incentive,min,25.0000,"% of cost"
43207,6863,Incentive,max,75.0000,"% of cost"
43208,6864,Incentive,,80.0000,"% of cost"
43209,6865,Incentive,,33.3000,"% of cost"
43210,6865,Incentive,max,70000.0000,$
43247,6891,Incentive,,100.0000,"% of cost"
43264,6900,Incentive,max,80.0000,"% of cost"
43265,6901,Incentive,max,600000.0000,$
43266,6902,Incentive,max,9000.0000,$
43479,2014,Incentive,max,500.0000,$
43480,2014,Incentive,,50.0000,%
43481,2015,Incentive,max,500.0000,$
43482,2015,Incentive,,50.0000,%
43483,2016,Incentive,max,1000.0000,$
43484,2016,Incentive,,50.0000,%
43505,2053,Incentive,,10.0000,$/Unit
43506,2054,Incentive,max,800.0000,$
43507,2054,Incentive,min,500.0000,$/Unit
43508,2055,Incentive,min,1000.0000,$/Unit
43509,2055,Incentive,max,1500.0000,$
43510,2056,Incentive,max,115.0000,$
43511,2057,Incentive,,25.0000,$/Unit
43512,2058,Incentive,,400.0000,$/Unit
43520,267,Incentive,,0.0500,$/kWh
43615,1784,Incentive,,25.0000,%
43616,4387,Incentive,,0.0050,$/kWh
43617,4387,System,min,2.0000,MW
43618,4387,System,max,10.0000,MW
43634,1782,Incentive,max,500000.0000,$
43635,1782,Incentive,max,10.0000,"% of cost"
44463,6065,Incentive,,50.0000,$/Unit
44464,6066,Incentive,,500.0000,$
44465,6067,Incentive,,50.0000,$/Unit
44466,6068,Incentive,max,50.0000,"% of cost"
44567,185,Incentive,min,0.0400,$/W-AC
44568,185,Incentive,max,30000.0000,$
44569,185,Incentive,max,1.2000,$/W-AC
44570,185,Incentive,max,50.0000,"% of cost"
44571,186,Incentive,,30.0000,%
44572,186,Incentive,max,300.0000,$
44597,1199,Incentive,,300.0000,$/kW
44598,5221,Incentive,,230.0000,$/kW
44599,5222,Incentive,,270.0000,$/kW
44600,1200,Incentive,,250.0000,$/Unit
44601,1200,Incentive,max,1000.0000,$
44602,1202,Incentive,,250.0000,
44603,1202,Incentive,max,1000.0000,$
44604,5220,System,,250.0000,
44605,5220,Incentive,max,1000.0000,$
45244,7136,Incentive,,500.0000,$/Unit
45798,2448,Incentive,,0.4000,"$/first year kWh savings"
45799,2448,Incentive,max,1000.0000,$
45800,5159,Incentive,,50.0000,$/Unit
45801,5160,Incentive,max,70.0000,"% of cost"
45802,5161,Incentive,min,3.0000,"$/square foot"
45803,5161,Incentive,max,8.0000,"$/square foot"
45804,5162,Incentive,min,600.0000,$/Unit
45805,5162,Incentive,max,2000.0000,$/Unit
45826,668,Incentive,,250.0000,$/Unit
45827,669,Incentive,,500.0000,$/Unit
45828,670,Incentive,min,300.0000,$/Unit
45829,670,Incentive,max,500.0000,$/Unit
45830,5588,Incentive,min,400.0000,$/Unit
45831,5588,Incentive,max,1500.0000,$/Unit
45832,5589,Incentive,min,150.0000,$/Unit
45833,5589,Incentive,max,400.0000,$/Unit
45834,5590,Incentive,min,75.0000,$/Unit
45835,5590,Incentive,max,100.0000,$/Unit
45945,5113,Incentive,max,1000.0000,$
45949,4667,Incentive,,300.0000,$
46174,5899,Incentive,,0.3000,$/W
46242,1662,Incentive,max,3100.0000,$
46283,2564,Incentive,,200.0000,$/ton
46284,2564,Incentive,max,1000.0000,$
46285,2565,Incentive,min,200.0000,$/Unit
46286,2565,Incentive,max,250.0000,$
46287,2566,Incentive,,500.0000,$/Unit
46288,2566,Incentive,max,1000.0000,$
46384,187,Incentive,,0.7500,$/W
46385,188,Incentive,,1000.0000,$/Unit
46435,2097,Incentive,,75.0000,$/Unit
46567,2105,Incentive,,200.0000,$/Unit
46604,1086,Incentive,,300.0000,$/Unit
46605,6057,Incentive,,35.0000,$/Unit
46606,6058,Incentive,,25.0000,$/Unit
46810,173,Incentive,,20.0000,"$/square foot"
46811,173,Incentive,max,2000.0000,$
46901,5776,Incentive,,1000.0000,$
46902,5777,Incentive,,500.0000,$
46910,1280,Incentive,,50.0000,$/Unit
46989,6107,Incentive,,0.1500,$/kWh
46990,6108,Incentive,,200.0000,$/ton
46991,6109,Incentive,,0.1500,$/kWh
46992,6110,Incentive,,175.0000,$/ton
46993,6111,Incentive,,25.0000,$/ton
46994,6112,Incentive,max,200.0000,$
46995,3980,Incentive,,25.0000,$/Unit
46996,3981,Incentive,min,100.0000,$/Unit
46997,3981,Incentive,max,750.0000,$/Unit
46998,3982,Incentive,min,100.0000,$
46999,3982,Incentive,max,600.0000,$
47000,3983,Incentive,,900.0000,$
47001,3985,Incentive,,200.0000,$/Unit
47002,3987,Incentive,,5.0000,"$/square foot"
47003,3988,Incentive,min,0.3000,"$/square foot"
47004,3988,Incentive,max,1.0000,"$/square foot"
47005,6105,Incentive,,75.0000,$
47006,6106,Incentive,,40.0000,$
47016,5037,Incentive,,500.0000,$/Unit
47017,5038,Incentive,min,400.0000,$/Unit
47018,5038,Incentive,max,1000.0000,$/Unit
47042,2347,Incentive,min,100.0000,$/Unit
47043,2347,Incentive,max,250.0000,$/Unit
47044,2349,Incentive,min,250.0000,$/Unit
47045,2349,Incentive,max,400.0000,$/Unit
47997,1347,Incentive,max,50.0000,%
47998,1347,Incentive,min,30.0000,%
47999,3772,Incentive,max,1000.0000,$
48070,3663,Incentive,max,30.0000,"% of cost"
48071,3663,Incentive,max,500.0000,$
48072,3664,Incentive,max,100.0000,$
48073,3665,Incentive,,250.0000,$/Unit
48100,132,Incentive,,250.0000,$/Unit
48101,133,Incentive,,25.0000,$/Unit
48102,134,Incentive,max,1500.0000,$
48105,2728,Incentive,,200.0000,$/Unit
48106,2728,Incentive,max,400.0000,$
48196,2984,Incentive,,75.0000,$/Unit
48197,2985,Incentive,,75.0000,$/Unit
48198,1295,Incentive,,500.0000,$/Unit
48199,2986,Incentive,,1200.0000,$/Unit
48200,2987,Incentive,,500.0000,$/Unit
48201,2988,Incentive,,500.0000,$/Unit
48202,5206,System,,300.0000,$
48237,4950,Incentive,max,700.0000,$
48238,4950,Incentive,min,400.0000,$
48239,4951,Incentive,max,550.0000,$
48240,4951,Incentive,min,250.0000,$
48241,4954,Incentive,min,400.0000,$
48242,4954,Incentive,max,700.0000,$
48243,4955,Incentive,,300.0000,$/ton
48244,4957,Incentive,,25.0000,$
48245,4958,Incentive,,400.0000,$
48246,4959,Incentive,,125.0000,$
48247,4960,Incentive,,200.0000,$
48248,4961,Incentive,min,100.0000,$
48249,4961,Incentive,max,550.0000,$
48250,4962,Incentive,,15.0000,$
48251,4964,Incentive,,30.0000,$
48296,5207,Incentive,,575.0000,$/Unit
48297,5207,Incentive,max,575.0000,$
48306,5146,Incentive,,25.0000,"% of cost"
48307,5146,Incentive,max,500.0000,$
48308,3056,Incentive,,100.0000,%
48309,3056,Incentive,max,2000.0000,$
48353,39,Incentive,,1.0000,$/W
48354,39,Incentive,max,10000.0000,$
48355,43,Incentive,min,1.5000,$/Unit
48356,43,Incentive,max,60.0000,"% of cost"
48357,44,Incentive,min,0.3000,$/W
48358,44,Incentive,max,60.0000,"% of cost"
48359,45,Incentive,min,3700.0000,$/Unit
48360,45,Incentive,max,6470.0000,$
48361,46,Incentive,min,78.0000,$/Unit
48362,46,Incentive,max,2823.0000,$/Unit
48363,47,Incentive,min,75.0000,$/Unit
48364,47,Incentive,max,500.0000,$
48365,48,Incentive,min,25.0000,$/Unit
48366,48,Incentive,max,1000.0000,$/Unit
48367,4450,Incentive,min,20.0000,$/Unit
48368,4450,Incentive,max,53.0000,$/Unit
48369,4451,Incentive,min,90.0000,$/Unit
48370,4451,Incentive,max,4015.0000,$/Unit
48371,4452,Incentive,min,500.0000,$/Unit
48372,4452,Incentive,max,2000.0000,$/Unit
48373,4453,Incentive,min,2.0000,"$/linear foot"
48374,4453,Incentive,max,450.0000,"$/linear foot"
48375,4454,Incentive,,100.0000,$/Unit
48376,4455,Incentive,min,0.0050,$/BTU
48377,4456,Incentive,min,175.0000,$/Unit
48378,4457,Incentive,min,79.0000,$/ton
48381,7441,Incentive,,1.5000,"$/square foot"
48510,4003,Incentive,min,250.0000,$/Unit
48511,4003,Incentive,max,750.0000,$
48518,3601,Incentive,max,750.0000,$
48519,6188,Incentive,max,750.0000,$/Unit
48522,4441,Incentive,max,750.0000,$/Unit
48523,4444,Incentive,max,750.0000,$
48582,1524,Incentive,,20.0000,$/Unit
48583,1525,Incentive,min,250.0000,$/Unit
48584,1525,Incentive,max,750.0000,$/Unit
48585,1526,Incentive,,500.0000,$/Unit
48586,1527,Incentive,,75.0000,$/Unit
48587,1528,Incentive,min,150.0000,$/Unit
48588,1528,Incentive,max,500.0000,$/Unit
48589,4388,Incentive,,15.0000,$/Unit
48590,4390,Incentive,,20.0000,$/Unit
48591,4391,Incentive,,200.0000,$/Unit
48592,4392,Incentive,min,500.0000,$/Unit
48593,4392,Incentive,max,750.0000,$/Unit
48594,4393,Incentive,,250.0000,$/Unit
48595,4394,Incentive,,0.8000,"$/linear foot"
48596,4394,Incentive,max,8.0000,$
48597,4395,Incentive,,10.0000,$/Unit
48598,1484,Incentive,min,20.0000,$/horsepower
48599,1484,Incentive,max,100.0000,$/horsepower
48600,4396,Incentive,min,30.0000,$/Unit
48601,4396,Incentive,max,65.0000,$/Unit
48602,4397,Incentive,,0.0600,"$/first year kWh savings"
48605,2358,System,max,10.0000,kW
48606,2358,Incentive,,0.0500,$/W
48607,2358,Incentive,max,500.0000,$
48608,2359,Incentive,,0.5000,"$/first year kWh savings"
48655,3351,Incentive,max,100.0000,$
48832,1768,System,max,2.0000,MW
48833,1768,Incentive,max,50.0000,"% of cost"
48834,1769,Incentive,,3.5000,$/kWh
48835,1769,Incentive,max,50.0000,"% of cost"
48839,109,Incentive,max,900000.0000,$
48840,109,Incentive,max,30.0000,"% of cost"
48841,131,Incentive,max,999999.9999,$
48842,142,Incentive,max,2.0000,$
48843,142,Incentive,max,50.0000,"% of cost"
48844,142,Incentive,,750.0000,$/kW
48845,142,Incentive,,0.0000,$/kWh
48846,41,Incentive,min,0.0000,$/kWh
48847,1787,Incentive,max,25000.0000,$
48851,118,Incentive,min,75.0000,$/kW
48852,118,Incentive,max,999999.9999,$
48853,119,Incentive,,3.0000,"$/square foot"
48854,119,Incentive,max,300.0000,$
48855,119,Incentive,max,75.0000,"% of cost"
48858,6780,Incentive,,2500.0000,$
48859,7281,Incentive,,4500.0000,$
48860,3779,Incentive,,10.0000,%
48861,3779,Incentive,max,100000.0000,$
48874,1911,Incentive,min,0.2850,$/kWh
48875,1912,Incentive,min,0.2480,$/kWh
48876,3445,Incentive,max,70.0000,"% of cost"
48877,3445,Incentive,max,125000.0000,$
48889,1175,Incentive,,100.0000,%
48890,1175,Incentive,max,1500.0000,$
48891,2074,Incentive,max,35.0000,"% of cost"
48892,2075,Incentive,max,35.0000,"% of cost"
48905,2005,Incentive,,0.2800,$/W-AC
48906,2005,Incentive,max,7000.0000,$
48907,2006,Incentive,,0.2800,$/W-AC
48908,2006,Incentive,max,25000.0000,$
48925,2073,Incentive,max,35.0000,%
48926,2073,Incentive,max,7000.0000,$
48927,2072,Incentive,max,35.0000,%
48928,2072,Incentive,max,7000.0000,$
48931,2357,Incentive,max,40.0000,"% of cost"
49065,2672,Incentive,,213.0000,$/kW
49066,2672,Incentive,max,6000.0000,$
49067,2673,Incentive,,213.0000,$/kW
49068,2673,Incentive,max,12000.0000,$
49074,2663,Incentive,max,1370.0000,$
49075,2665,Incentive,max,250.0000,$
49180,1691,Incentive,min,75.0000,$/Unit
49181,1691,Incentive,max,200.0000,$/Unit
49182,1692,Incentive,min,500.0000,$/Unit
49183,1692,Incentive,max,900.0000,$/Unit
49184,1693,Incentive,min,1000.0000,$/Unit
49185,1693,Incentive,max,2000.0000,$/Unit
49186,1948,Incentive,max,15000.0000,$
49187,1948,Incentive,max,30000.0000,$
49215,4036,Incentive,,400.0000,$/Unit
49216,4037,Incentive,,250.0000,$/Unit
49217,4038,Incentive,,45.0000,$/Unit
49218,4040,Incentive,min,0.7500,"$/square foot"
49219,5999,Incentive,,10.0000,$
49220,4490,Incentive,min,100.0000,$/Unit
49221,4490,Incentive,max,500.0000,$/Unit
49222,4491,Incentive,min,150.0000,$/Unit
49223,4491,Incentive,max,250.0000,$/Unit
49224,4492,Incentive,,300.0000,$/Unit
49225,4493,Incentive,min,300.0000,$/Unit
49226,4493,Incentive,max,500.0000,$/Unit
49227,4483,Incentive,,40.0000,$
49228,4484,Incentive,min,90.0000,$
49229,4484,Incentive,max,260.0000,$
49245,2648,Incentive,max,70.0000,"% of cost"
49246,2649,Incentive,max,12000.0000,$/Unit
49247,2650,Incentive,min,0.5000,"$/square foot"
49248,2650,Incentive,max,1.5000,"$/square foot"
49307,4724,Incentive,,50.0000,$/Unit
49308,4726,Incentive,,43.0000,$/Unit
49309,4727,Incentive,min,3.0000,$/Unit
49310,4727,Incentive,max,250.0000,$/Unit
49311,4730,Incentive,min,428.0000,$/Unit
49312,4730,Incentive,max,1200.0000,$/Unit
49313,4731,Incentive,min,17.5000,$/Unit
49314,4731,Incentive,max,1025.0000,$/Unit
49315,4735,Incentive,min,21.0000,$/Unit
49316,4735,Incentive,max,86.0000,$/Unit
49317,4737,Incentive,,50.0000,$/horsepower
49318,6238,Incentive,max,75.0000,"% of cost"
49355,6137,Incentive,,1800.0000,$
49356,2368,Incentive,,0.3000,"$/first year kWh savings"
49374,4475,Incentive,min,100.0000,$
49375,4475,Incentive,max,500.0000,$
49376,2007,Incentive,,18.5900,"$/therm displaced"
49377,2007,Incentive,max,2719.0000,$
49378,2008,Incentive,,14.5300,"$/therm displaced"
49379,2008,Incentive,max,100000.0000,$
49380,6072,Incentive,,19.2300,"$/therm displaced"
49381,6072,Incentive,max,100000.0000,$
49382,1555,Incentive,max,8.0000,$/MBTUh
49383,1555,Incentive,min,2.0000,$/MBTUh
49384,1556,Incentive,,4.0000,$/MBTUh
49385,1557,Incentive,,500.0000,$/ton
49386,6377,Incentive,,5.0000,$/MBTUh
49387,6378,Incentive,,4.0000,$/MBTUh
49393,269,System,min,100.0000,kW
49394,269,System,max,100.0000,kW
49395,270,System,max,2000.0000,kW
49396,270,Incentive,max,126.0000,$
49403,3509,Incentive,min,200.0000,$/ton
49404,3509,Incentive,max,600.0000,$/ton
49405,3511,Incentive,min,150.0000,$/ton
49406,3511,Incentive,max,450.0000,$/ton
49407,3512,Incentive,min,250.0000,$/Unit
49408,3514,Incentive,max,650.0000,$/Unit
49409,7353,Incentive,,300.0000,$
49440,2511,Incentive,,500.0000,$/Unit
49446,2271,Incentive,,250.0000,$/kW
49447,2271,Incentive,max,2500.0000,$
49476,1846,Incentive,max,5000.0000,$
49477,1890,Incentive,max,20000.0000,$
49478,2035,Incentive,,1.2000,$/W
49479,2035,Incentive,max,12000.0000,$
49497,5635,Incentive,min,1500.0000,$
49498,5635,Incentive,max,1900.0000,$
49506,6774,Incentive,,30.0000,"% of cost"
49535,6775,Incentive,,30.0000,"% of cost"
49625,3783,Incentive,,45.0000,"% of cost"
49626,3783,Incentive,max,12000.0000,$
49627,5625,Incentive,,50.0000,"% of cost"
49628,5625,Incentive,max,27000.0000,$
49629,5626,Incentive,,40.0000,"% of cost"
49630,5626,Incentive,max,22000.0000,$
49631,5627,Incentive,max,16500.0000,$
49632,4410,Incentive,min,500.0000,$
49633,4410,Incentive,max,1750.0000,$
49634,4411,Incentive,min,2000.0000,$
49635,4411,Incentive,max,3250.0000,$
49636,3587,Incentive,max,101500.0000,$
49637,3780,Incentive,,625.0000,$/Unit
49638,3780,Incentive,max,2500.0000,$
49639,5628,Incentive,max,6000.0000,$
49640,5628,Incentive,min,800.0000,$/Unit
49641,5629,Incentive,,625.0000,$/Unit
49642,5629,Incentive,max,12500.0000,$
49643,5630,Incentive,,800.0000,$/Unit
49644,5630,Incentive,max,16000.0000,$
49645,5631,Incentive,max,30000.0000,$
49646,2734,Incentive,,50.0000,%
49733,1899,Incentive,,300.0000,$/Unit
49734,1900,Incentive,max,250.0000,$
49735,1901,Incentive,max,175.0000,$
49736,6227,Incentive,,400.0000,$
49737,6228,Incentive,,350.0000,$
49738,6229,Incentive,,125.0000,$
49739,1928,Incentive,,300.0000,$/Unit
49740,1929,Incentive,,350.0000,$/Unit
49741,6224,Incentive,min,50.0000,$
49742,6224,Incentive,max,100.0000,$
49743,6225,Incentive,,100.0000,"% of cost"
49744,6226,Incentive,min,25.0000,$/Unit
49745,6226,Incentive,max,75.0000,$/Unit
49753,4668,Incentive,,250.0000,$
49754,4669,Incentive,,2000.0000,$
49755,4670,Incentive,min,600.0000,$
49756,4670,Incentive,max,800.0000,$
49760,3797,Incentive,min,200.0000,$/Unit
49761,3797,Incentive,max,400.0000,$
49796,6213,Incentive,,0.0400,$/W
49797,6214,Incentive,,50.0000,$/Unit
49798,6215,Incentive,,40.0000,$/horsepower
49799,6216,Incentive,,1000.0000,$
49800,6217,Incentive,,50.0000,$/Unit
49801,6218,Incentive,min,10.0000,$/Unit
49802,6218,Incentive,max,25.0000,$/Unit
49803,6219,Incentive,min,45.0000,$
49804,6219,Incentive,max,125.0000,$
49805,6220,Incentive,,50.0000,$/Unit
49806,6221,Incentive,,80.0000,$/ton
49966,260,Incentive,,100.7400,$/Unit
49967,243,Incentive,,98.1800,$/Unit
49978,7003,Incentive,,100.0000,"% of cost"
50145,2505,Incentive,,300.0000,$
50146,3543,Incentive,,3.0000,%
50147,3543,Incentive,max,750000.0000,$
50159,6772,Incentive,max,80.0000,"% of cost"
50244,1129,System,min,1.0000,MW
50263,6862,Incentive,max,50.0000,"% of cost"
50264,6862,Incentive,max,1000.0000,$
50267,6861,Incentive,max,50.0000,"% of cost"
50268,6861,Incentive,max,1000.0000,$
50271,1176,Incentive,,100.0000,%
50272,1176,Incentive,max,1000.0000,$
50465,6896,Incentive,,250.0000,$
50466,6897,Incentive,,125.0000,$
50467,743,System,max,10.0000,kW
50468,743,Incentive,,0.0025,$/kWh
50469,744,System,min,10.0000,kW
50470,744,System,max,100.0000,kW
50471,744,Incentive,,0.0025,$/kWh
50528,471,Incentive,,25.0000,"% of cost"
50529,471,Incentive,max,2500.0000,$
50530,472,Incentive,,25.0000,"% of cost"
50531,472,Incentive,max,2500.0000,$
50532,2013,Incentive,,25.0000,%
50533,2013,Incentive,max,3000.0000,$
50556,6890,Incentive,,100.0000,"% of cost"
50658,6971,Incentive,,4000.0000,$
50659,6972,Incentive,,11000.0000,$
50660,6973,Incentive,,2700.0000,$
50661,6974,Incentive,min,35000.0000,$
50662,6974,Incentive,max,73000.0000,$
50663,1760,Incentive,,0.3580,$/W
50664,1760,System,max,10.0000,kW
50665,1761,Incentive,,0.2070,$/kWh
50666,1761,System,min,10.0000,kW
50667,1761,System,max,20.0000,kW
50759,6300,Incentive,,200.0000,$/ton
50760,6301,Incentive,min,300.0000,$
50761,6301,Incentive,max,400.0000,$
50762,6302,Incentive,min,20.0000,$/motor
50763,6302,Incentive,max,1000.0000,$/motor
50764,6303,Incentive,,35.0000,$/horsepower
50765,6304,Incentive,min,60.0000,$/Unit
50766,6304,Incentive,max,1000.0000,$/Unit
50767,6305,Incentive,,50.0000,$/Unit
50768,6306,Incentive,,0.4000,"$/square foot"
50769,6307,Incentive,,270.0000,"$/kW peak demand reduction"
50919,6691,Incentive,min,100.0000,$
50920,6691,Incentive,max,2000.0000,$
50921,6692,Incentive,,10.0000,$
50922,6693,Incentive,,15.0000,$
50923,1055,Incentive,,0.0450,"$/first year kWh savings"
50924,1056,Incentive,,50.0000,$/Unit
50925,5527,Incentive,min,200.0000,$/Unit
50926,5527,Incentive,max,8000.0000,$/Unit
50927,5529,Incentive,min,25.0000,$/Unit
50928,5529,Incentive,max,65.0000,$/Unit
50929,6320,Incentive,min,15.0000,$/motor
50930,6320,Incentive,max,2700.0000,$/motor
50931,6702,Incentive,,200.0000,$/ton
50932,6703,Incentive,,50.0000,$/Unit
50933,6704,Incentive,,50.0000,"% of cost"
50936,488,Incentive,,0.2000,$/W
50937,488,System,max,25.0000,kW
50938,489,Incentive,,0.0250,"$/kWh (5 years)"
50939,489,System,min,25.0100,kW
50940,489,System,max,500.0000,kW
50941,490,Incentive,,0.4500,$/W
50942,490,System,max,25.0000,kW
50943,491,Incentive,,0.0550,"$/kWh (5 years)"
50944,491,System,min,25.0100,kW
50945,491,System,max,500.0000,kW
50946,1337,System,max,500.0000,kW
50947,1337,Incentive,,0.4000,$/W-AC
50948,1338,System,max,500.0000,kW
50949,1338,Incentive,,0.8600,$/W-AC
50992,2992,Incentive,max,1000.0000,$
51005,6910,Incentive,max,500000.0000,$
51010,2049,Incentive,,1.0000,"$/first year kWh savings"
51011,2049,Incentive,max,200000.0000,$
51012,2050,Incentive,,1.5000,"$/first year kWh savings"
51013,2050,Incentive,max,200000.0000,$
51014,2051,Incentive,max,200000.0000,$
51015,2051,Incentive,,700.0000,$/ton
51016,2052,Incentive,,800.0000,$/ton
51017,2052,Incentive,max,200000.0000,$
51027,2551,Incentive,,25.6400,"$/therm displaced"
51028,2551,Incentive,max,3750.0000,$
51029,2552,Incentive,,19.2300,"$/therm displaced"
51030,2552,Incentive,max,500000.0000,$
51052,1272,Incentive,min,850.0000,$
51053,1272,Incentive,max,2250.0000,$
51087,5270,System,min,1.0000,kW-CEC-AC
51088,5270,System,max,5.0000,kW-CEC-AC
51089,5270,Incentive,,3.0000,$/W-CEC-AC
51090,2553,Incentive,,29.8500,"$/therm displaced"
51091,2553,Incentive,max,4366.0000,$
51092,2555,Incentive,,20.1900,"$/therm displaced"
51093,2555,Incentive,max,800000.0000,$
51094,2557,Incentive,,5.0000,"$/therm displaced"
51095,2557,Incentive,max,50.0000,"% of cost"
51096,2557,Incentive,max,500000.0000,$
51097,6526,Incentive,,1000.0000,$/Unit
51098,6527,Incentive,,1000.0000,$/Unit
51099,6529,Incentive,,2000.0000,$/Unit
51100,6530,Incentive,,2000.0000,$/Unit
51101,7625,Incentive,,1000.0000,$/Unit
51102,7626,Incentive,,2000.0000,$/Unit
51112,2733,Incentive,,60.0000,%
51113,2733,Incentive,max,5.0000,$
51114,81,Incentive,,1.0000,$/Unit
51115,81,Incentive,max,50.0000,"% of cost"
51116,81,Incentive,max,10.0000,$
51148,6931,Incentive,,100.0000,$
51159,6937,Incentive,min,500.0000,$
51160,6937,Incentive,max,1500.0000,$
51161,6938,Incentive,max,750.0000,$
51162,6939,Incentive,,500.0000,$
51163,6940,Incentive,,1500.0000,$
51164,6942,Incentive,,250.0000,$
51292,2482,Incentive,min,1000.0000,$/kW
51293,2482,Incentive,max,4000.0000,$/kW
51294,2482,Incentive,max,600.0000,$
51295,2482,System,max,750.0000,kW
51296,2482,Incentive,max,50.0000,"% of cost"
51297,5736,System,max,25.0000,kW
51298,5736,Incentive,,4000.0000,$/kW
51299,7654,Incentive,max,100.0000,"% of cost"
51300,7654,Incentive,,5000.0000,$
51301,7655,Incentive,,5000.0000,$
51302,7655,Incentive,max,50.0000,"% of cost"
51303,7656,Incentive,max,50.0000,"% of cost"
51304,7656,Incentive,,50000.0000,$
51305,7657,Incentive,max,100.0000,"% of cost"
51306,7657,Incentive,,50000.0000,$
51307,7658,Incentive,,4000.0000,$
51309,7659,Incentive,,5000.0000,$
51310,7659,Incentive,max,100.0000,"% of cost"
51311,7660,Incentive,,50000.0000,$
51312,7660,Incentive,max,100.0000,"% of cost"
51315,6828,Incentive,max,75.0000,"% of cost"
51316,6828,Incentive,max,250000.0000,$
51331,6911,Incentive,,100.0000,"% of cost"
51395,6813,Incentive,max,10000.0000,$
51572,1696,Incentive,min,50.0000,$/Unit
51573,1697,Incentive,min,250.0000,$/Unit
51574,1697,Incentive,max,900.0000,$/Unit
51575,1698,Incentive,max,25.0000,"% of cost"
51576,1699,Incentive,min,300.0000,$/Unit
51577,1699,Incentive,max,2400.0000,$/Unit
51654,1654,Incentive,,30.0000,%
51655,1654,Incentive,max,2.0000,$
51656,1820,Incentive,max,50.0000,"% of cost"
51657,1820,Incentive,max,200.0000,$
51658,1821,Incentive,,0.1400,"$/square foot"
51659,1821,Incentive,max,375.0000,$
51660,1822,Incentive,min,300.0000,$/Unit
51661,1822,Incentive,max,500.0000,$/Unit
51662,5974,Incentive,,0.0800,"$/square foot"
51663,6754,Incentive,,2.0000,"$/square foot"
51664,6754,Incentive,max,300.0000,$
51768,6879,Incentive,max,100.0000,"% of cost"
51769,6879,Incentive,max,80000.0000,$
51770,7683,Incentive,max,100.0000,"% of cost"
51771,7683,Incentive,max,150000.0000,$
51772,7684,Incentive,,5000.0000,$
51805,6776,Incentive,min,4500.0000,$
51806,6776,Incentive,max,7500.0000,$
51814,6804,Incentive,,1500.0000,$
51815,6805,Incentive,,2500.0000,$
51816,6806,Incentive,max,5000.0000,$
51839,6918,Incentive,min,750.0000,$
51840,6918,Incentive,max,15000.0000,$
51841,6919,Incentive,,1000.0000,$
51845,6925,Incentive,max,2000.0000,$
51846,6926,Incentive,,600.0000,$
51849,6935,Incentive,,50.0000,"% of cost"
51850,6975,Incentive,min,250.0000,$
51851,6975,Incentive,max,500.0000,$
51852,6976,Incentive,min,500.0000,$
51853,6976,Incentive,max,1500.0000,$
51854,6979,Incentive,max,3000.0000,$
51855,6979,Incentive,,75.0000,"% of cost"
51856,6980,Incentive,,400.0000,$/kW
51857,6980,Incentive,max,40000.0000,$
51858,6980,Incentive,max,50.0000,"% of cost"
51859,6981,Incentive,,75.0000,"% of cost"
51860,6981,Incentive,max,5000.0000,$
51861,6982,Incentive,,10000.0000,$/Unit
51862,6982,Incentive,max,40000.0000,$
51863,6983,Incentive,max,75.0000,"% of cost"
51864,6984,Incentive,,75.0000,"% of cost"
51865,6984,Incentive,max,500.0000,$
51867,6991,Incentive,,5000.0000,$
51868,6992,Incentive,,20000.0000,$
51869,6993,Incentive,max,50.0000,"% of cost"
51870,6993,Incentive,max,500000.0000,$
51930,6532,Incentive,,1000.0000,$
52345,7165,Incentive,,0.0600,$/kWh
52346,7165,Incentive,,150.0000,$/kW
52852,6856,Incentive,max,80.0000,"% of cost"
52856,6836,Incentive,,30.0000,"% of cost"
52857,6836,Incentive,max,50000.0000,$
52858,6952,Incentive,,50.0000,$
52859,468,Incentive,,16.0000,$/kW
52860,468,System,min,0.5000,kW
52861,468,System,max,10.0000,kW
52862,469,System,min,10.0100,kW
52863,469,Incentive,,1.0000,$/MWh
53092,6819,Incentive,max,2500.0000,$
53093,6819,Incentive,,50.0000,"% of cost"
53094,6818,Incentive,max,50.0000,"% of cost"
53230,7006,Incentive,,100.0000,$
53297,1849,Incentive,,0.1000,$/kWh
53298,1849,Incentive,max,50.0000,"% of cost"
53299,1849,System,min,200.0000,kW
53300,6138,Incentive,,4000.0000,$
53360,6810,Incentive,,100.0000,"% of cost"
53362,6809,Incentive,max,25000.0000,$
53409,7805,Incentive,max,75.0000,%
53569,458,System,min,0.5000,kW
53570,458,System,max,15.0000,kW
53571,458,Incentive,,0.1000,$/W
53572,459,System,min,0.5000,kW
53573,459,System,max,100.0000,kW
53574,459,Incentive,,0.1000,$/W
53703,5856,Incentive,,50.0000,$
53704,5857,Incentive,,250.0000,$
53827,350,Incentive,,100.0000,%
53857,7843,Incentive,,30.0000,$
53858,7844,Incentive,,25.0000,$
53859,7845,Incentive,,25.0000,$
53860,7846,Incentive,,25.0000,$
53861,7847,Incentive,,150.0000,$
53862,7847,Incentive,,500.0000,$
53863,7848,Incentive,min,150.0000,$
53864,7848,Incentive,max,1100.0000,$
53865,7849,Incentive,min,25.0000,$
53866,7849,Incentive,max,300.0000,$
53867,7850,Incentive,,200.0000,$/ton
53868,7851,Incentive,,25.0000,$
53869,7852,Incentive,,2.0000,$/Unit
53879,7853,Incentive,min,50.0000,$
53880,7853,Incentive,,75.0000,$
53881,7854,Incentive,,25.0000,$
53882,7855,Incentive,,25.0000,$
53883,7856,Incentive,,400.0000,$/ton
53884,7857,Incentive,,500.0000,$
53885,7858,Incentive,,200.0000,$
53886,7859,Incentive,,500.0000,$
53887,7860,Incentive,,30.0000,$
53888,285,Incentive,,25.0000,$
53889,286,Incentive,min,25.0000,$
53890,286,Incentive,max,75.0000,$
53891,287,Incentive,,25.0000,$
53892,289,Incentive,min,50.0000,$/Unit
53893,289,Incentive,max,100.0000,$/Unit
53894,5141,Incentive,max,50.0000,$
53895,7861,Incentive,min,215.0000,$
53896,7861,Incentive,max,325.0000,$
53904,964,Incentive,max,200.0000,$/Unit
53905,965,Incentive,max,630.0000,$/Unit
53906,966,Incentive,max,1200.0000,$/Unit
53907,967,Incentive,max,950.0000,$/Unit
53908,968,Incentive,,50.0000,$/motor
53909,5288,Incentive,max,400.0000,$/Unit
53910,7862,Incentive,,500.0000,$
53926,7863,Incentive,,700.0000,$
53927,7864,Incentive,,30.0000,$
53928,7865,Incentive,max,450.0000,$
53929,7866,Incentive,max,200.0000,$
53930,7867,Incentive,,100.0000,$
53931,7868,Incentive,min,75.0000,$
53932,7868,Incentive,max,125.0000,$
53933,7869,Incentive,min,400.0000,$
53934,7869,Incentive,max,600.0000,$
53935,7870,Incentive,,600.0000,$/ton
53936,7871,Incentive,min,100.0000,$
53937,7871,Incentive,max,150.0000,$
53938,7872,Incentive,,40.0000,$
53939,7873,Incentive,,40.0000,$
53940,7874,Incentive,,40.0000,$
54020,2093,Incentive,,0.2000,$/W
54021,2093,Incentive,max,30.0000,"% of cost"
54022,2093,Incentive,max,1000.0000,$
54167,1348,Incentive,max,1000.0000,$
54168,1348,Incentive,,50.0000,%
54227,7880,Incentive,,75.0000,$
54228,7881,Incentive,,250.0000,$
54229,7882,Incentive,,150.0000,$
54230,7883,Incentive,,300.0000,$
54231,7885,Incentive,,75.0000,$
54232,7886,Incentive,,250.0000,$
54233,7887,Incentive,,150.0000,$
54234,7888,Incentive,,300.0000,$
54235,6908,Incentive,,1000.0000,$
54236,6909,Incentive,min,2000.0000,$
54237,7627,Incentive,,7500.0000,$
54238,7628,Incentive,,6500.0000,$
54242,1734,Incentive,min,0.1700,$/kWh
54243,1734,Incentive,,0.3500,$/kWh
54244,1735,Incentive,min,0.1000,$/kWh
54245,1735,Incentive,max,0.1800,$/kWh
54726,232,Incentive,,25.0000,$
54727,235,Incentive,,25.0000,$
54728,236,Incentive,min,25.0000,$
54729,236,Incentive,max,300.0000,$
54730,238,Incentive,,150.0000,$
54731,239,Incentive,min,1.5000,$/Unit
54732,239,Incentive,max,4.0000,$
54733,5132,Incentive,,200.0000,$/ton
54734,5134,Incentive,,25.0000,$
54746,248,Incentive,min,200.0000,$/ton
54747,249,Incentive,min,25.0000,$/Unit
54748,249,Incentive,max,40.0000,$/Unit
54749,250,Incentive,min,60.0000,$
54750,250,Incentive,max,400.0000,$
54751,251,Incentive,min,25.0000,$/Unit
54752,251,Incentive,max,40.0000,$/Unit
54753,252,Incentive,min,25.0000,$/Unit
54754,252,Incentive,max,75.0000,$/Unit
54755,253,Incentive,min,15.0000,$/Unit
54756,253,Incentive,max,40.0000,$/Unit
54757,254,Incentive,,25.0000,$/Unit
54758,254,Incentive,max,200.0000,$/Unit
54759,255,Incentive,min,50.0000,$/Unit
54760,475,Incentive,max,7500.0000,$
54761,3205,Incentive,,400.0000,$
54762,3206,Incentive,min,175.0000,$
54763,3206,Incentive,max,450.0000,$
54764,3207,Incentive,min,450.0000,$
54765,3207,Incentive,max,600.0000,$
54766,7877,Incentive,min,475.0000,$
54767,7877,Incentive,max,775.0000,$
54768,7878,Incentive,,90.0000,$
54779,2141,Incentive,,100.0000,"% of cost"
54780,987,Incentive,min,600.0000,$/Unit
54781,987,Incentive,max,800.0000,$/Unit
54782,7263,Incentive,,2.0000,$/Unit
54783,7263,Incentive,max,20.0000,$
54784,7264,Incentive,,30.0000,$/Unit
54790,3077,Incentive,min,450.0000,$/Unit
54791,3079,Incentive,min,150.0000,$/Unit
54792,3079,Incentive,max,250.0000,$/Unit
54793,1181,Incentive,,150.0000,$/Unit
54794,1182,Incentive,min,150.0000,$/Unit
54795,1182,Incentive,max,500.0000,$
54796,1183,Incentive,min,0.3000,"$/square foot"
54797,1183,Incentive,max,0.5000,$
54798,1184,Incentive,min,20.0000,$
54799,1184,Incentive,,25.0000,$
54800,1185,Incentive,min,200.0000,$
54801,1185,Incentive,max,225.0000,$
54809,406,Incentive,min,500.0000,$/ton
54810,406,Incentive,max,750.0000,$/ton
54811,407,Incentive,min,60.0000,$/Unit
54812,407,Incentive,max,95.0000,$/Unit
54813,409,Incentive,min,20.0000,$/ton
54814,409,Incentive,max,75.0000,$/ton
54815,410,Incentive,min,80.0000,$/Unit
54816,410,Incentive,max,100.0000,$/Unit
54817,411,Incentive,min,25.0000,$/ton
54818,411,Incentive,max,40.0000,$/ton
54819,5366,Incentive,min,3.0000,$/Unit
54820,5366,Incentive,max,250.0000,$/Unit
54821,5368,Incentive,min,50.0000,"% of cost"
54822,5368,Incentive,max,50000.0000,$
54823,7257,Incentive,min,400.0000,$/Unit
54824,7257,Incentive,max,650.0000,$/Unit
54825,7258,Incentive,,750.0000,$/Unit
54826,7259,Incentive,,675.0000,$/Unit
54827,7260,Incentive,max,1000.0000,$
54828,7261,Incentive,,100.0000,"% of cost"
54829,7262,Incentive,min,275.0000,$/Unit
54830,7262,Incentive,max,425.0000,$/Unit
54831,4287,Incentive,max,750.0000,$/Unit
54832,4288,Incentive,min,225.0000,$/Unit
54833,4288,Incentive,max,1450.0000,$/Unit
54875,5874,Incentive,min,500.0000,$/Unit
54876,5874,Incentive,max,500750.0000,$/Unit
54877,5875,Incentive,,50.0000,$/Unit
54878,5876,Incentive,,50.0000,$/Unit
54879,5877,Incentive,,30.0000,$
54880,5878,Incentive,min,100.0000,$
54881,5879,Incentive,,500.0000,$
54882,5880,Incentive,,50.0000,"% of cost"
54883,5880,Incentive,max,125.0000,$
54884,3366,Incentive,max,70.0000,"% of cost"
54910,7183,Incentive,,30.0000,$/Unit
54911,7184,Incentive,,3000.0000,$/Unit
54912,7185,Incentive,min,200.0000,$/Unit
54913,7185,Incentive,max,1200.0000,$/Unit
54914,7186,Incentive,min,800.0000,$
54915,7186,Incentive,max,900.0000,$
54916,7187,Incentive,,200.0000,$
54917,7188,Incentive,,6.0000,"$/square foot"
54918,7189,Incentive,,1200.0000,$
54949,2061,Incentive,,1500.0000,$/Unit
54950,4164,Incentive,,0.0500,$/kWh
54951,4165,Incentive,min,100.0000,$/Unit
54952,4165,Incentive,max,300.0000,$
54953,4166,Incentive,min,125.0000,$/Unit
54954,4166,Incentive,max,350.0000,$/Unit
54955,4167,Incentive,,0.0500,"$/kWh (1 year)"
54956,4168,Incentive,min,35.0000,$/Unit
54957,4168,Incentive,max,1260.0000,$
54958,4169,Incentive,,0.0500,"$/kWh (1 year)"
54959,6082,Incentive,,0.0500,"$/kWh (1 year)"
54960,6083,Incentive,,0.1000,"$/kWh (1 year)"
54961,6084,Incentive,,0.0500,"$/kWh (1 year)"
54962,7099,Incentive,,200.0000,$/kW
54963,7099,Incentive,,0.0720,$/kWh
54964,7100,Incentive,,200.0000,$/kW
54965,7100,Incentive,,0.0800,$/kWh
54966,7101,Incentive,,150.0000,$/Unit
54967,7102,Incentive,,225.0000,$/kW
54968,7102,Incentive,,0.0870,$/kWh
54969,4712,Incentive,min,75.0000,$/Unit
54970,4712,Incentive,max,560.0000,$/Unit
54971,4713,Incentive,min,350.0000,$
54972,4713,Incentive,max,375.0000,$
54973,4715,Incentive,min,25.0000,$
54974,4715,Incentive,max,100.0000,$
54975,4718,Incentive,min,0.2500,"$/square foot"
54976,4718,Incentive,max,0.6000,"$/square foot"
54977,4720,Incentive,min,100.0000,$
54978,4720,Incentive,max,560.0000,$
54979,7401,Incentive,min,50.0000,$
54980,7401,Incentive,max,1000.0000,$
54981,7402,Incentive,min,1500.0000,$
54982,7402,Incentive,max,3490.0000,$
54983,7404,Incentive,,25.0000,$
54984,7474,Incentive,min,90.0000,$
54985,7474,Incentive,max,225.0000,$
54986,7956,Incentive,min,100.0000,$
54987,7956,Incentive,max,600.0000,$
54988,7956,System,,,
54989,7957,Incentive,,50.0000,$
54990,7958,Incentive,max,100.0000,$
54991,7958,Incentive,min,50.0000,$
54992,7959,Incentive,,40.0000,$
54993,7960,Incentive,min,150.0000,$
54994,7960,Incentive,max,1250.0000,$
54995,7961,Incentive,,800.0000,$
54996,7962,Incentive,,550.0000,$
54997,7963,Incentive,min,75.0000,$
54998,7963,Incentive,max,600.0000,$
54999,7964,Incentive,,75.0000,$/Unit
55000,4249,Incentive,min,250.0000,$/Unit
55001,4249,Incentive,max,500.0000,$/Unit
55002,4250,Incentive,min,800.0000,$/Unit
55003,4250,Incentive,max,3000.0000,$/Unit
55004,4251,Incentive,max,100.0000,$/Unit
55005,4252,Incentive,min,100.0000,$/Unit
55006,4252,Incentive,max,1000.0000,$/Unit
55007,4254,Incentive,,50.0000,"% of cost"
55008,4254,Incentive,max,250.0000,$
55009,6278,Incentive,min,15.0000,$/Unit
55010,6278,Incentive,max,1000.0000,$/Unit
55011,6279,Incentive,min,0.2000,"$/square foot"
55012,6279,Incentive,max,0.3000,"$/square foot"
55013,4300,Incentive,min,5.0000,$/Unit
55014,4300,Incentive,max,250.0000,$/Unit
55015,4301,Incentive,,20.0000,$/Unit
55016,4302,Incentive,,40.0000,$/horsepower
55029,4308,Incentive,,100.0000,$/ton
55030,4309,Incentive,max,335.0000,$/ton
55031,4310,Incentive,,200.0000,$/ton
55032,6280,Incentive,,40.0000,$/horsepower
55033,6281,Incentive,,300.0000,$/kW
55034,6281,Incentive,max,75.0000,"% of cost"
55038,3610,Incentive,,250.0000,$/Unit
55039,3610,Incentive,max,750.0000,$
55040,6191,Incentive,,750.0000,$
55041,7955,Incentive,min,10.0000,$
55042,7955,Incentive,max,110.0000,$
55043,6186,Incentive,max,750.0000,$
55044,6186,Incentive,min,250.0000,$
55045,6187,Incentive,max,750.0000,$
55046,7966,Incentive,,250.0000,$/ton
55047,7967,Incentive,,70.0000,$/ton
55048,7968,Incentive,,85.0000,$/Unit
55049,7969,Incentive,,50.0000,$
55050,7970,Incentive,min,50.0000,$
55051,7970,Incentive,max,250.0000,$
55052,7971,Incentive,,500.0000,$
55053,7972,Incentive,,25.0000,$
55054,2586,Incentive,min,200.0000,$
55055,2586,Incentive,max,600.0000,$
55062,4647,Incentive,,50.0000,$/Unit
55063,4649,Incentive,,50.0000,$/Unit
55064,4650,Incentive,,30.0000,$/Unit
55065,4652,Incentive,,300.0000,$/Unit
55066,4653,Incentive,min,250.0000,$/Unit
55067,4653,Incentive,max,500.0000,$/Unit
55068,7243,Incentive,,50.0000,$/Unit
55069,7244,Incentive,,50.0000,$/Unit
55070,7245,Incentive,,30.0000,$/Unit
55071,7246,Incentive,,300.0000,$/Unit
55072,7247,Incentive,min,250.0000,$/Unit
55073,7247,Incentive,max,500.0000,$/Unit
55074,3057,Incentive,min,25.0000,$
55075,3057,Incentive,max,85.0000,$
55076,3059,Incentive,min,300.0000,$/Unit
55077,3059,Incentive,max,450.0000,$
55078,3060,Incentive,max,1000.0000,$/Unit
55079,3063,Incentive,,50.0000,%
55080,3063,Incentive,max,4000.0000,$
55092,7467,Incentive,,50.0000,$
55093,7468,Incentive,,600.0000,$
55094,7469,Incentive,min,25.0000,$
55095,7469,Incentive,max,400.0000,$
55096,7470,Incentive,min,0.3250,"$/square foot"
55097,7470,Incentive,max,0.4250,"$/square foot"
55098,7471,Incentive,,50.0000,$
55099,7472,Incentive,,25.0000,$
55100,7473,Incentive,,50.0000,$
55101,7973,Incentive,,50.0000,$
55116,7974,Incentive,,25.0000,$
55117,7975,Incentive,min,15.0000,$
55118,7975,Incentive,max,25.0000,
55119,7976,Incentive,,25.0000,$
55120,7977,Incentive,min,25.0000,$
55121,7977,Incentive,max,50.0000,$
55122,7978,Incentive,,50.0000,$
55123,7979,Incentive,max,500.0000,$
55124,7979,Incentive,min,150.0000,$
55125,7980,Incentive,,650.0000,$
55126,7981,Incentive,max,250.0000,$
55127,7981,Incentive,min,30.0000,$
55128,7982,Incentive,,500.0000,
55149,3273,Incentive,,2.0000,$/MBTUh
55150,3274,Incentive,min,2.0000,$/MBTUh
55151,3274,Incentive,max,3.0000,$/MBTUh
55152,3275,Incentive,,75.0000,$/Unit
55153,7395,Incentive,,1.5000,$/therm
55161,4348,Incentive,,50.0000,$/Unit
55162,4349,Incentive,,35.0000,$/Unit
55163,7217,Incentive,,350.0000,$
55164,7219,Incentive,min,100.0000,$/ton
55165,7219,Incentive,max,125.0000,$/ton
55166,7220,Incentive,,1000.0000,$/ton
55167,7222,Incentive,,2.5000,$/Unit
55168,374,Incentive,,30.0000,$/Unit
55169,375,Incentive,min,700.0000,$/Unit
55170,375,Incentive,max,1100.0000,$/Unit
55171,376,Incentive,min,0.3000,"$/square foot"
55172,376,Incentive,max,2.0000,"$/square foot"
55173,377,Incentive,min,6.0000,"$/square foot"
55174,377,Incentive,max,12.0000,"$/square foot"
55175,381,Incentive,,40.0000,$/Unit
55176,4264,Incentive,min,1000.0000,$/Unit
55177,4264,Incentive,max,1200.0000,$/Unit
55178,4265,Incentive,min,1200.0000,$/Unit
55179,4265,Incentive,max,1400.0000,$/Unit
55180,7206,Incentive,,100.0000,$/Unit
55181,7207,Incentive,,140.0000,$/Unit
55207,7983,Incentive,min,75.0000,$
55208,7983,Incentive,max,25.0000,$
55209,7984,Incentive,max,75.0000,$
55210,7984,Incentive,min,50.0000,$
55211,7985,Incentive,min,25.0000,$
55212,7985,Incentive,max,1400.0000,$
55213,7986,System,,35.0000,$
55214,7987,Incentive,min,25.0000,$
55215,7987,Incentive,max,40.0000,$
55216,7988,Incentive,max,1700.0000,$
55217,7988,Incentive,min,225.0000,$
55218,7989,Incentive,,100.0000,$
55219,7990,Incentive,,7000.0000,$
55220,7991,Incentive,,75.0000,$
55227,470,Incentive,max,10000.0000,$
55228,7992,Incentive,max,1200.0000,$
55229,7993,Incentive,max,2000.0000,$
55230,1422,Incentive,,100.0000,$/Unit
55231,1423,Incentive,,250.0000,$/Unit
55232,6019,Incentive,,300.0000,$/Unit
55233,7463,Incentive,min,200.0000,$
55234,7463,Incentive,max,400.0000,$
55235,7464,Incentive,min,300.0000,$
55236,7464,Incentive,max,500.0000,$
55237,7465,Incentive,,500.0000,$
55238,7466,Incentive,,350.0000,$
55239,7994,Incentive,,65.0000,$
55273,7999,Incentive,,65.0000,$
55274,8000,Incentive,,250.0000,$
55275,8001,Incentive,,250.0000,$
55276,8002,Incentive,,25.0000,$
55277,8003,Incentive,min,50.0000,$
55278,8003,Incentive,,60.0000,$
55279,8004,Incentive,,50.0000,$
55280,8005,Incentive,min,15.0000,$
55281,8005,Incentive,max,50.0000,$
55282,8006,Incentive,,3.0000,$
55283,8006,System,,56.0000,
55284,8007,Incentive,min,75.0000,$
55285,8007,Incentive,max,300.0000,$
55286,8008,Incentive,,100.0000,$
55287,8009,Incentive,,50.0000,$
55288,8010,Incentive,,30.0000,$
55289,8011,Incentive,,350.0000,$
55292,6351,Incentive,,50.0000,"% of cost"
55293,6351,Incentive,max,50.0000,
55301,6354,Incentive,min,200.0000,$/Unit
55302,6354,Incentive,max,300.0000,$/Unit
55303,6355,Incentive,,200.0000,$/Unit
55304,6356,Incentive,,50.0000,"% of cost"
55305,6357,Incentive,min,125.0000,$/Unit
55306,6357,Incentive,max,250.0000,$/Unit
55307,6358,Incentive,,300.0000,$/Unit
55345,8020,Incentive,min,30.0000,$
55346,8020,Incentive,max,200.0000,$
55347,8021,Incentive,min,100.0000,$
55348,8021,Incentive,max,350.0000,$
55349,8022,Incentive,,60.0000,$
55350,8023,Incentive,min,25.0000,$/Unit
55351,8023,Incentive,max,50.0000,$/Unit
55352,8024,Incentive,,100.0000,$/Unit
55353,8025,Incentive,,100.0000,$
55354,7310,Incentive,max,1500.0000,$
55361,6125,Incentive,min,0.0900,$/kWh
55362,6125,Incentive,max,0.2300,$/kWh
55363,6126,Incentive,,80.0000,$/horsepower
55364,7306,Incentive,,0.1100,$/kWh
55365,7307,Incentive,,0.2300,$/kWh
55366,7308,Incentive,min,1500.0000,$/Unit
55367,7308,Incentive,max,4000.0000,$/Unit
55368,7299,Incentive,min,300.0000,$/ton
55369,7299,Incentive,max,400.0000,$/ton
55370,7300,Incentive,min,80.0000,$/ton
55371,7300,Incentive,max,100.0000,$/ton
55372,7301,Incentive,max,180.0000,$/Unit
55373,7302,Incentive,min,2.5000,$/Unit
55374,7302,Incentive,max,19.0000,$/Unit
55375,7304,Incentive,min,0.4000,"$/square foot"
55376,7304,Incentive,max,1.3100,"$/square foot"
55377,7305,Incentive,min,2.7500,"$/square foot"
55378,7305,Incentive,max,3.0000,"$/square foot"
55379,4176,Incentive,min,100.0000,$
55380,4176,Incentive,max,200.0000,$
55381,4177,Incentive,,75.0000,$
55382,4178,Incentive,min,150.0000,$/ton
55383,4178,Incentive,max,300.0000,$/ton
55384,4179,Incentive,,50.0000,$
55385,4180,Incentive,min,50.0000,$
55386,4180,Incentive,max,200.0000,$
55387,4183,Incentive,,0.0800,$/kWh
55388,4184,Incentive,,1.0000,"$/square foot"
55389,7293,Incentive,min,0.0600,"$/first year kWh savings"
55390,7293,Incentive,max,0.1000,"$/first year kWh savings"
55391,7294,Incentive,,15.0000,$/Unit
55392,7295,Incentive,min,0.1000,"$/square foot"
55393,7295,Incentive,max,0.2000,"$/square foot"
55394,7296,Incentive,min,50.0000,$/Unit
55395,7296,Incentive,max,100.0000,$/Unit
55396,7297,Incentive,,0.2000,"$/square foot"
55413,2228,Incentive,,0.7500,"$/square foot"
55414,5249,Incentive,,50.0000,$/Unit
55415,5251,Incentive,max,795.0000,$/kW
55416,7288,Incentive,,0.2000,"$/square foot"
55417,7289,Incentive,max,1.7300,"$/square foot"
55418,7290,Incentive,,420.0000,$/kW
55419,7291,Incentive,,800.0000,$/Unit
55420,7292,Incentive,,480.0000,$/kW
55431,7265,Incentive,min,105.0000,$/kW
55432,7265,Incentive,max,370.0000,$/kW
55433,8029,Incentive,min,6.0000,$
55434,8029,Incentive,max,360.0000,$
55435,8030,Incentive,,50.0000,$/ton
55436,8030,Incentive,,150.0000,$/ton
55437,8031,Incentive,min,0.3000,$/Unit
55438,8031,Incentive,,150.0000,$/Unit
55439,8032,Incentive,,2.0000,$/Unit
55440,8033,Incentive,,75.0000,$/Unit
55441,8034,Incentive,min,350.0000,$
55442,8034,Incentive,max,2500.0000,$
55443,8035,Incentive,min,1.0000,"$/square foot"
55444,8035,Incentive,max,800.0000,$/Unit
55445,8036,Incentive,min,100.0000,$
55446,8036,Incentive,max,900.0000,$
55447,8037,Incentive,,40.0000,$/Unit
55448,8038,Incentive,min,3.0000,$
55449,8038,Incentive,max,30.0000,$
55450,8039,Incentive,min,5.0000,$/Unit
55451,8039,Incentive,max,350.0000,$/Unit
55452,2180,Incentive,,80.0000,"% of cost"
55453,5254,Incentive,,30.0000,$/Unit
55454,7283,Incentive,,0.1200,"$/square foot"
55455,7284,Incentive,min,750.0000,$/Unit
55456,7284,Incentive,max,1200.0000,$/Unit
55462,359,Incentive,max,6000.0000,$
55463,359,Incentive,max,5.0000,Years
55481,556,Incentive,max,250.0000,$/ton
55482,559,Incentive,max,500.0000,$/Unit
55483,560,Incentive,,25.0000,$/kW
55487,56,Incentive,,50.0000,$/Unit
55488,4926,Incentive,,100.0000,$/ton
55489,6178,Incentive,,300.0000,$/Unit
55512,7548,Incentive,,0.1000,$/W
55513,7548,Incentive,max,25.0000,"% of cost"
55514,7548,Incentive,max,1000.0000,$
55563,292,Incentive,min,25.0000,$/Unit
55564,292,Incentive,max,40.0000,$/Unit
55565,293,Incentive,min,25.0000,$/Unit
55566,293,Incentive,max,40.0000,$/Unit
55567,294,Incentive,min,25.0000,$/Unit
55568,294,Incentive,max,75.0000,$/Unit
55569,295,Incentive,min,15.0000,$/Unit
55570,295,Incentive,max,40.0000,$/Unit
55571,296,Incentive,min,100.0000,$/Unit
55572,296,Incentive,max,2200.0000,$/Unit
55573,297,Incentive,min,25.0000,$/Unit
55574,297,Incentive,max,200.0000,$
55575,5168,Incentive,,50.0000,$/Unit
55576,5169,Incentive,,200.0000,$/ton
55577,7386,Incentive,min,60.0000,$
55578,7386,Incentive,max,400.0000,$
55579,7387,Incentive,min,10.0000,$
55580,7387,Incentive,max,100.0000,$
55584,8055,Incentive,,75.0000,$
55585,8056,Incentive,,30.0000,$
55586,8057,Incentive,max,10.0000,$
55587,8058,Incentive,max,15000.0000,$
55588,8059,Incentive,max,500.0000,$
55589,8060,Incentive,max,1500.0000,$
55590,8061,Incentive,max,1500.0000,$
55591,8062,Incentive,,75.0000,"% of cost"
55592,595,Incentive,min,15.0000,$/Unit
55593,595,Incentive,max,2700.0000,$/Unit
55594,596,Incentive,min,200.0000,$/Unit
55595,596,Incentive,max,4000.0000,$/Unit
55596,597,Incentive,,0.0450,"$/kWh (1 year)"
55597,598,Incentive,,50.0000,$/Unit
55598,4965,Incentive,max,75000.0000,$
55599,739,Incentive,min,30.0000,$/motor
55600,739,Incentive,max,5400.0000,$/motor
55601,740,Incentive,min,400.0000,$/Unit
55602,740,Incentive,max,8000.0000,$/Unit
55603,5581,Incentive,min,0.5000,$/Unit
55604,5581,Incentive,max,145.0000,$/Unit
55605,5582,Incentive,min,15.0000,$/Unit
55606,5582,Incentive,max,40.0000,$/Unit
55607,5583,Incentive,max,200.0000,$/Unit
55690,1519,Incentive,min,100.0000,$
55691,1519,Incentive,max,500.0000,$
55692,1521,Incentive,,75.0000,$/Unit
55693,1522,Incentive,,50.0000,$/Unit
55694,7368,Incentive,min,25.0000,$
55695,7368,Incentive,max,50.0000,$
55696,7369,Incentive,min,50.0000,$
55697,7369,Incentive,max,200.0000,$
55698,7370,Incentive,,15.0000,$/Unit
55699,7371,Incentive,,40.0000,$/Unit
55711,6374,Incentive,,750.0000,$/ton
55712,6375,Incentive,max,1500.0000,$/Unit
55713,6376,Incentive,max,750.0000,$/Unit
55714,7360,Incentive,,300.0000,$/Unit
55715,7361,Incentive,,200.0000,$
55716,7362,Incentive,,650.0000,$
55717,7363,Incentive,,750.0000,$
55718,7364,Incentive,,85.0000,$/Unit
55719,7365,Incentive,,1.7000,"$/square foot"
55720,1007,Incentive,min,112.5000,$/Unit
55721,1007,Incentive,max,1200.0000,$/Unit
55722,1008,Incentive,min,225.0000,$/Unit
55723,1008,Incentive,max,375.0000,$/Unit
55724,1009,Incentive,max,412.5000,$/Unit
55725,1010,Incentive,max,100.0000,$/Unit
55726,1011,Incentive,,225.0000,$/Unit
55727,5622,Incentive,min,80.0000,$/Unit
55728,5622,Incentive,max,180.0000,$/Unit
55767,7329,Incentive,,200.0000,$/ton
55768,7330,Incentive,,25.0000,$
55769,7331,Incentive,,150.0000,$
55770,7332,Incentive,,2.0000,$/Unit
55771,7333,Incentive,min,25.0000,$
55772,7333,Incentive,max,300.0000,$
55773,7334,Incentive,min,150.0000,$
55774,7334,Incentive,max,1000.0000,$
55775,7335,Incentive,,25.0000,$
55776,7336,Incentive,max,500.0000,$
55777,7336,Incentive,min,150.0000,$
55795,1070,Incentive,min,550.0000,$/Unit
55796,1070,Incentive,max,700.0000,$/Unit
55797,1073,Incentive,max,8.0000,$/bulb
55798,1073,Incentive,,50.0000,"% of cost"
55799,6259,Incentive,max,550.0000,$/ton
55800,7405,Incentive,,60.0000,$/Unit
55801,7406,Incentive,min,300.0000,$/ton
55802,7406,Incentive,max,750.0000,$/ton
55803,7407,Incentive,min,25.0000,$/Unit
55804,7407,Incentive,max,75.0000,$/Unit
55805,7408,Incentive,,50.0000,"% of cost"
55806,7408,Incentive,max,500.0000,$
55807,8071,Incentive,,100.0000,$
55828,3928,Incentive,,350.0000,$
55829,3934,Incentive,min,125.0000,$/Unit
55830,3934,Incentive,max,300.0000,$/Unit
55831,3935,Incentive,,625.0000,$/Unit
55832,3936,Incentive,max,50.0000,$/Unit
55942,8086,Incentive,max,1000.0000,$
55943,8087,Incentive,,1250.0000,$
55944,8088,Incentive,,1000.0000,$
56007,3589,Incentive,min,325.0000,$/Unit
56008,3589,Incentive,max,400.0000,$
56009,7337,Incentive,max,75.0000,$
56010,6379,Incentive,min,150.0000,$/Unit
56011,6379,Incentive,max,300.0000,$/Unit
56049,1278,Incentive,,150.0000,$/Unit
56050,1279,Incentive,max,500.0000,$/Unit
56051,7820,Incentive,min,25.0000,$
56052,7820,Incentive,max,50.0000,$
56053,7821,Incentive,min,30.0000,$
56054,7821,Incentive,max,100.0000,$
56055,7822,Incentive,,50.0000,$
56056,7823,Incentive,,50.0000,$
56057,7824,Incentive,,30.0000,$
56058,8101,Incentive,max,15000.0000,$
56059,8102,Incentive,,100.0000,%
56068,8106,Incentive,max,999999.9999,$
56087,8118,Incentive,max,2500.0000,$
56088,8119,Incentive,max,50000.0000,$
56090,8121,Incentive,max,15000.0000,$
56091,8122,Incentive,min,2500.0000,$
56092,8122,Incentive,max,20000.0000,$
56093,8123,Incentive,,350.0000,$/ton
56094,8124,Incentive,,50.0000,$/ton
56095,8125,Incentive,,100.0000,$/ton
56105,8134,Incentive,,100.0000,%
56106,8135,Incentive,,100.0000,%
56123,8143,Incentive,max,50000.0000,$
56131,8149,Incentive,max,25000.0000,$
56132,2336,Incentive,,25.0000,"% of cost"
56133,2336,Incentive,max,750.0000,$
56134,8150,Incentive,max,2000.0000,$
56135,8150,Incentive,,20.0000,"% of cost"
56137,8151,Incentive,,250.0000,$
56142,6933,Incentive,,150.0000,$
56143,1736,Incentive,,0.1700,$/kWh
56144,1737,Incentive,,0.3000,$/kWh
56145,1738,Incentive,,0.3500,$/kWh
56188,8171,Incentive,min,250.0000,$
56189,8171,Incentive,max,350.0000,$
56190,8172,Incentive,max,25.0000,$
56191,8172,Incentive,max,2.0000,$/Unit
56192,8173,Incentive,max,50.0000,$
56239,8201,Incentive,,1000.0000,$
56240,8202,Incentive,,3.0000,$
56241,8203,Incentive,,250.0000,$/Unit
56297,6934,Incentive,,50.0000,$/kW
56298,6934,Incentive,max,2000.0000,$
56299,6934,Incentive,,250.0000,$/kW
56300,6934,Incentive,max,20000.0000,$
56301,8210,Incentive,,100.0000,$/kW
56302,8210,Incentive,max,20000.0000,$
56303,7014,Incentive,max,400.0000,$
56381,8223,Incentive,max,20000.0000,$
56382,8224,Incentive,max,20000.0000,$
56383,8225,Incentive,max,40000.0000,$
56384,8226,Incentive,max,100000.0000,$
56385,8226,Incentive,min,32000.0000,$
56386,8227,Incentive,max,100000.0000,$
56387,8227,Incentive,,56000.0000,$
56388,8228,Incentive,max,640000.0000,$
56389,8228,Incentive,,160000.0000,$
56390,8229,Incentive,max,100000.0000,$
56391,8229,Incentive,,32000.0000,$
56399,6817,Incentive,,25.0000,"% of cost"
56400,6817,Incentive,max,2.0000,$
56401,8222,Incentive,max,5000.0000,$
56402,6868,Incentive,max,100.0000,"% of cost"
56403,6868,Incentive,max,50000.0000,$
56404,6869,Incentive,max,80.0000,"% of cost"
56405,6869,Incentive,max,50000.0000,$
56406,6870,Incentive,max,60.0000,"% of cost"
56407,6870,Incentive,max,50000.0000,$
56408,6871,Incentive,,60.0000,"% of cost"
56409,6871,Incentive,max,50000.0000,$
56410,6872,Incentive,max,100.0000,"% of cost"
56411,6872,Incentive,max,50000.0000,$
56412,6873,Incentive,max,80.0000,"% of cost"
56413,6873,Incentive,max,50000.0000,$
56414,6874,Incentive,max,60.0000,"% of cost"
56415,6874,Incentive,max,50000.0000,$
56416,6875,Incentive,max,7500.0000,$/Unit
56417,6876,Incentive,max,5000.0000,$/Unit
56418,8232,Incentive,max,300000.0000,$
56419,8233,Incentive,max,400000.0000,$
56487,8237,Incentive,min,3.0000,$
56488,8237,Incentive,max,900.0000,$
56489,8238,Incentive,min,3.2500,$/Unit
56490,8238,Incentive,,1500.0000,$
56491,8239,Incentive,,600.0000,$
56492,8240,Incentive,,30.0000,$/Unit
56493,8240,Incentive,,2000.0000,$/Unit
56494,8241,Incentive,,40.0000,$/ton
56495,8242,Incentive,,40.0000,$/ton
56496,8243,Incentive,,40.0000,$/ton
56497,8244,Incentive,,200.0000,$/ton
56498,8245,Incentive,,150.0000,$
56499,8246,Incentive,,200.0000,$
56500,8247,Incentive,min,2.0000,$
56501,8247,Incentive,max,175.0000,$
56514,8089,Incentive,,15.0000,$/Unit
56515,8089,Incentive,max,400.0000,$/horsepower
56516,8090,Incentive,max,120.0000,$/horsepower
56517,8091,Incentive,min,25.0000,$
56518,8091,Incentive,max,300.0000,$
56519,8092,Incentive,min,2.0000,$/Unit
56520,8092,Incentive,max,100.0000,$/Unit
56521,8093,Incentive,min,25.0000,$/Unit
56522,8093,Incentive,max,65.0000,$/Unit
56523,8094,Incentive,min,50.0000,$
56524,8094,Incentive,max,1000.0000,$
56525,8248,Incentive,,50.0000,$/Unit
56526,8249,Incentive,min,300.0000,$
56527,8249,Incentive,max,1000.0000,$
56528,8250,Incentive,min,100.0000,$
56529,8250,Incentive,max,125.0000,$
56778,76,Incentive,max,50.0000,"% of cost"
56779,76,Incentive,max,100.0000,$
56780,646,Incentive,max,350000.0000,$
56781,646,Incentive,min,50000.0000,$
56871,2506,Incentive,max,999999.9999,$
56901,8325,Incentive,min,0.0300,$/Unit
56902,8325,Incentive,max,500.0000,$/Unit
56903,8326,Incentive,min,0.1000,$/Unit
56904,8326,Incentive,max,1100.0000,$/Unit
56905,8327,Incentive,min,33.0000,$/Unit
56906,8327,Incentive,max,1320.0000,$/Unit
56907,8328,Incentive,min,8.0000,$/Unit
56908,8328,Incentive,max,825.0000,$/Unit
56909,8329,Incentive,min,1.0000,$/Unit
56910,8329,Incentive,max,400.0000,$/Unit
56911,8330,Incentive,min,1.0000,$/Unit
56912,8330,Incentive,max,220.0000,$/Unit
56913,8331,Incentive,,1.3000,$
56914,8331,Incentive,,2906.0000,$
56923,8332,Incentive,min,125.0000,$
56924,8332,Incentive,max,7000.0000,$
56925,8333,Incentive,min,3.0000,$
56926,8333,Incentive,max,600.0000,$
56927,8334,Incentive,min,100.0000,$
56928,8334,Incentive,max,650.0000,$
56929,8335,Incentive,min,1.0000,"$/square foot"
56930,8335,Incentive,max,1.2500,"$/square foot"
56931,8335,System,,,
56948,1324,Incentive,max,800.0000,$/Unit
56949,5985,Incentive,max,800.0000,$/Unit
56950,8336,Incentive,min,75.0000,$
56951,8336,Incentive,max,100.0000,$
56952,2787,Incentive,max,200.0000,$/Unit
56953,2788,Incentive,max,800.0000,$
56954,2788,Incentive,,0.1900,"$/square foot"
56955,2790,Incentive,,2.0000,"$/square foot"
56956,2790,Incentive,max,400.0000,$
56974,8120,Incentive,max,25000.0000,$
56976,3174,Incentive,max,350.0000,$
56977,3175,Incentive,max,300.0000,$/Unit
56978,3175,Incentive,,0.1250,"$/square foot"
56979,3176,Incentive,,500.0000,$/Unit
56980,3177,Incentive,max,300.0000,$
56981,5784,Incentive,,650.0000,$
56982,8337,Incentive,,15.0000,$
56983,8338,Incentive,,25.0000,$
56984,8339,Incentive,max,50.0000,$
56985,8340,Incentive,min,250.0000,$
56986,8340,Incentive,min,400.0000,$
56987,8341,Incentive,,15.0000,$
56988,8342,Incentive,,200.0000,$
56989,8343,Incentive,,75.0000,$
56990,8344,Incentive,,50.0000,$
56991,8345,Incentive,max,200.0000,$
57015,8346,Incentive,min,0.1500,"$/square foot"
57016,8346,Incentive,max,0.7600,"$/square foot"
57017,8347,Incentive,,135.0000,$
57018,8348,Incentive,max,50.0000,$
57019,8349,Incentive,max,350.0000,$
57020,8350,Incentive,,750.0000,$
57021,8351,Incentive,,20.0000,$
57022,8352,Incentive,,25.0000,$
57023,8353,Incentive,min,25.0000,$
57024,8353,Incentive,max,50.0000,$
57025,8354,Incentive,,40.0000,$
57026,8354,System,,50.0000,
57027,8355,Incentive,,350.0000,$
57067,6380,Incentive,min,200.0000,$/Unit
57068,6380,Incentive,max,300.0000,$/Unit
57069,6381,Incentive,,300.0000,$/Unit
57070,6382,Incentive,,100.0000,$/Unit
57083,8363,Incentive,min,150.0000,$/ton
57084,8363,Incentive,max,750.0000,$/ton
57085,8364,Incentive,,150.0000,$/ton
57086,8365,Incentive,,250.0000,$
57087,8366,Incentive,max,500.0000,$
57088,8367,Incentive,max,50.0000,$
57089,8368,Incentive,max,50.0000,$
57105,3486,Incentive,max,500.0000,$
57106,6415,Incentive,,50.0000,$/Unit
57107,6415,Incentive,max,7.0000,
57108,8370,Incentive,,250.0000,$
57127,8371,Incentive,min,6.0000,$/Unit
57128,8371,Incentive,max,360.0000,$/Unit
57129,8372,Incentive,min,5.0000,$
57130,8372,Incentive,max,30.0000,$
57131,8373,Incentive,max,10000.0000,$/Unit
57132,8374,Incentive,max,2500.0000,$/Unit
57133,8375,Incentive,max,350.0000,$/Unit
57353,978,Incentive,min,100.0000,$/ton
57354,978,Incentive,max,400.0000,$/ton
57355,979,Incentive,,25.0000,$/Unit
57356,980,Incentive,min,25.0000,$/Unit
57357,980,Incentive,max,50.0000,$/Unit
57358,981,Incentive,,125.0000,$/Unit
57359,981,Incentive,max,300.0000,$/Unit
57360,985,Incentive,,40.0000,$/horsepower
57361,7392,Incentive,min,200.0000,$/Unit
57362,7392,Incentive,max,1500.0000,$/Unit
57363,8381,Incentive,min,8.0000,$
57364,8381,Incentive,max,600.0000,$
57373,8382,Incentive,min,5.0000,$/Unit
57374,8382,Incentive,max,360.0000,$/Unit
57375,8383,Incentive,min,5.0000,$/Unit
57376,8383,Incentive,max,30.0000,$/Unit
57377,8384,Incentive,max,10000.0000,$/Unit
57378,8385,Incentive,max,2500.0000,$/Unit
57379,8386,Incentive,min,3.0000,$/Unit
57380,8386,Incentive,max,350.0000,$/Unit
57383,5039,Incentive,min,7.0000,$/Unit
57384,5039,Incentive,max,700.0000,$/Unit
57385,8387,Incentive,min,6.5000,$
57386,8387,Incentive,max,80.0000,$
57387,8388,Incentive,min,4.0000,$
57388,8388,Incentive,max,500.0000,$
57389,8389,Incentive,max,5000.0000,$/Unit
57390,8390,Incentive,max,10000.0000,$/Unit
57391,8391,Incentive,max,1100.0000,$/Unit
57392,8392,Incentive,max,817.6000,$/Unit
57393,8393,Incentive,max,700.0000,$/Unit
57394,7388,Incentive,min,0.0200,"$/kWh (1 year)"
57395,7388,Incentive,max,0.0800,"$/kWh (1 year)"
57396,7388,Incentive,max,40.0000,"% of cost"
57409,8394,Incentive,min,250.0000,$
57410,8394,Incentive,max,2000.0000,$
57411,8395,Incentive,,250.0000,$
57412,8395,Incentive,,1800.0000,$
57413,8396,Incentive,,800.0000,$
57414,8397,Incentive,,75.0000,$
57426,8402,Incentive,min,300.0000,$/Unit
57427,8402,Incentive,max,500.0000,$/Unit
57428,8403,Incentive,,500.0000,$/Unit
57429,8403,Incentive,,1500.0000,$/Unit
57430,8404,Incentive,,150.0000,$
57436,8405,Incentive,,300.0000,$
57437,8405,Incentive,,500.0000,$
57438,8406,Incentive,,2000.0000,$
57439,8407,Incentive,min,200.0000,$
57440,8407,Incentive,max,500.0000,$
57441,8408,Incentive,max,150.0000,$
57442,8409,Incentive,,300.0000,$
57443,8409,Incentive,,500.0000,$
57444,8410,Incentive,,2000.0000,$
57445,8411,Incentive,min,200.0000,$
57446,8411,Incentive,max,500.0000,$
57468,8412,Incentive,min,300.0000,$
57469,8412,Incentive,max,500.0000,$
57470,8413,Incentive,,2000.0000,$
57471,8414,Incentive,min,200.0000,$
57472,8414,Incentive,max,500.0000,$
57473,8415,Incentive,min,150.0000,$
57474,8415,Incentive,max,350.0000,$
57475,8416,Incentive,,75.0000,$
57476,8417,System,,250.0000,$
57477,8418,Incentive,max,50.0000,$
57478,8419,Incentive,min,3.0000,$
57479,8419,Incentive,max,300.0000,$
57480,8420,Incentive,,60.0000,$
57481,8421,Incentive,,0.7500,$
57482,8421,Incentive,,2000.0000,$
57483,8422,Incentive,min,10.0000,$
57484,8422,Incentive,max,350.0000,$
57485,8423,Incentive,min,55.0000,$
57486,8423,Incentive,max,1300.0000,$
57487,8424,Incentive,,2.0000,$
57488,8424,Incentive,,180.0000,$
57501,8425,Incentive,,0.7500,"$/square foot"
57502,8425,Incentive,max,1000.0000,$
57503,8426,Incentive,,150.0000,$
57504,8427,Incentive,,200.0000,$
57509,8428,Incentive,min,1000.0000,$/Unit
57510,8428,Incentive,max,1500.0000,$/Unit
57511,8429,Incentive,min,1000.0000,$/Unit
57512,8429,Incentive,max,1500.0000,$/Unit
57513,8430,Incentive,max,1500.0000,$/Unit
57514,8431,Incentive,max,1500.0000,$/Unit
57515,8432,Incentive,max,1000.0000,$/Unit
57520,7282,Incentive,,50.0000,"% of cost"
57521,7282,Incentive,max,3000.0000,$
57525,2032,Incentive,,1.5000,$/W
57526,2032,Incentive,max,4500.0000,$
57527,7543,Incentive,,300.0000,$
57528,1286,System,max,10.0000,kW-DC
57529,1286,Incentive,,0.0900,"$/kWh (5 years)"
57537,2542,Incentive,,0.4000,"$/first year kWh savings"
57588,3617,Incentive,max,20000.0000,$
57589,3617,Incentive,max,50.0000,"% of cost"
57590,3629,Incentive,min,1.5000,$/horsepower
57591,3629,Incentive,max,8.0000,$/horsepower
57592,3630,Incentive,max,50.0000,%
57593,3630,Incentive,max,6800.0000,$
57594,3630,Incentive,min,1600.0000,$
57595,3633,Incentive,min,30.0000,$/Unit
57596,3633,Incentive,max,350.0000,$/Unit
57597,6248,Incentive,,50.0000,"% of cost"
57598,6248,Incentive,max,8.0000,$/bulb
57599,6248,Incentive,max,50.0000,
57600,6251,Incentive,,60.0000,$/Unit
57601,7531,Incentive,max,450.0000,$/ton
57602,7531,Incentive,max,700.0000,$/ton
57603,7533,Incentive,max,600.0000,$/Unit
57604,7534,Incentive,,100.0000,$/Unit
57605,7535,Incentive,min,25.0000,$/Unit
57606,7535,Incentive,max,100.0000,$/Unit
57607,7536,Incentive,,50.0000,"% of cost"
57608,7536,Incentive,max,1000.0000,$
57619,4542,Incentive,max,1200.0000,$
57620,4542,Incentive,min,600.0000,$
57621,4542,Incentive,,0.0200,$/kWh
57622,4543,Incentive,max,600.0000,$
57623,4543,Incentive,min,300.0000,$
57624,4543,Incentive,,0.0200,$/kWh
57625,7529,Incentive,max,150.0000,$/Unit
57626,7529,Incentive,max,2.0000,
57627,7530,Incentive,min,350.0000,$/Unit
57628,7530,Incentive,max,650.0000,$/Unit
57638,761,Incentive,max,50.0000,$/Unit
57639,761,Incentive,min,30.0000,$/Unit
57640,762,Incentive,,500.0000,$/Unit
57641,763,Incentive,min,150.0000,$/Unit
57642,763,Incentive,max,400.0000,$
57643,6239,Incentive,,100.0000,"% of cost"
57644,6239,Incentive,max,250.0000,$
57645,6240,Incentive,,100.0000,"% of cost"
57646,6240,Incentive,max,700.0000,$
57647,8434,Incentive,,250.0000,$
57648,8435,Incentive,,100.0000,$
57649,795,Incentive,min,300.0000,$/Unit
57650,795,Incentive,max,400.0000,$/Unit
57651,6241,Incentive,,50.0000,$/Unit
57652,6241,Incentive,max,2.0000,
57653,6242,Incentive,max,30.0000,"% of cost"
57654,6242,Incentive,max,25000.0000,$
57655,7528,Incentive,max,5000.0000,$
57709,432,Incentive,,3.0000,%
57710,432,Incentive,max,15.0000,Years
57711,432,Incentive,max,999999.9999,$
57722,8398,Incentive,,50.0000,"% of cost"
57723,8398,Incentive,max,50.0000,$
57724,8399,Incentive,min,300.0000,$
57725,8399,Incentive,,500.0000,$
57726,8400,Incentive,,2000.0000,$
57727,8401,Incentive,,500.0000,$
57815,8457,Incentive,min,200.0000,$
57816,8457,Incentive,max,500.0000,$
57817,8458,Incentive,min,300.0000,$
57818,8458,Incentive,max,2000.0000,$
57824,8459,Incentive,min,300.0000,$
57825,8459,Incentive,max,500.0000,$
57826,8460,Incentive,max,2000.0000,$
57827,8461,Incentive,min,150.0000,$
57828,8461,Incentive,max,500.0000,$
57842,8462,Incentive,min,250.0000,$
57843,8462,Incentive,max,1000.0000,$
57844,8463,Incentive,min,250.0000,$
57845,8463,Incentive,max,1800.0000,$
57846,8464,Incentive,min,200.0000,$
57847,8464,Incentive,max,800.0000,$
57848,8465,Incentive,,75.0000,$
57850,8466,Incentive,max,250.0000,$
57863,1377,Incentive,,800.0000,$/Unit
57864,5677,Incentive,min,250.0000,$/Unit
57865,5677,Incentive,max,2000.0000,$/Unit
57866,5678,Incentive,min,250.0000,$/Unit
57867,5678,Incentive,max,1800.0000,$/Unit
57868,8467,Incentive,,75.0000,$/Unit
57881,8436,Incentive,max,75.0000,$/Unit
57882,8437,Incentive,max,3000.0000,$/Unit
57883,8438,Incentive,,3.7500,"$/square foot"
57884,8439,Incentive,min,0.7700,"$/square foot"
57885,8439,Incentive,max,1.1600,"$/square foot"
57886,8440,Incentive,min,310.0000,$
57887,8440,Incentive,max,770.0000,$
57888,8441,Incentive,,35.0000,$
57889,8442,Incentive,,800.0000,$
57890,8443,Incentive,min,25.0000,$
57891,8443,Incentive,max,55.0000,$
57892,8444,Incentive,max,7500.0000,$
57893,8445,Incentive,max,2000.0000,$
57894,8446,Incentive,max,9000.0000,$
57895,8447,Incentive,max,20000.0000,$
57896,8468,Incentive,,100.0000,$/Unit
57897,8469,Incentive,min,0.6000,$/Unit
57898,8469,Incentive,max,0.8000,$/Unit
57899,8470,Incentive,min,15.0000,$/ton
57900,8470,Incentive,max,45.0000,$/ton
57901,8471,Incentive,min,2.5000,$
57902,8471,Incentive,max,215.0000,$
57903,8472,Incentive,min,100.0000,$
57904,8472,Incentive,max,395.0000,$
57931,8479,Incentive,,75.0000,$
57937,1022,Incentive,,175.0000,$/kW
57938,1023,Incentive,min,40.0000,$/Unit
57939,1023,Incentive,max,60.0000,$
57940,1024,Incentive,min,0.1500,"$/square foot"
57941,1024,Incentive,max,0.3500,"$/square foot"
57969,4510,Incentive,,1.5000,"$/square foot"
57970,4511,Incentive,,100.0000,"% of cost"
57971,4511,Incentive,max,500.0000,$
57972,4514,Incentive,max,1150.0000,$
57973,4515,Incentive,min,0.1000,"$/square foot"
57974,6710,Incentive,,100.0000,"% of cost"
57975,6710,Incentive,max,900.0000,$
57976,8480,Incentive,max,200.0000,$
57977,8481,Incentive,,100.0000,"% of cost"
57978,8481,Incentive,max,100.0000,$
57988,8482,Incentive,min,1000.0000,$
57989,8482,Incentive,max,10000.0000,$
57990,8483,Incentive,min,300.0000,$
57991,8483,Incentive,max,450.0000,$
57992,8484,Incentive,min,1000.0000,$
57993,8484,Incentive,max,1500.0000,$
57994,8485,Incentive,max,25.0000,$
57995,8486,Incentive,,25.0000,$
57996,8487,Incentive,,25.0000,$
58000,8488,Incentive,max,75.0000,$
58001,8489,Incentive,max,10.0000,$
58050,8490,Incentive,min,250.0000,$
58051,8490,Incentive,max,1.0000,
58052,8491,Incentive,,600.0000,$
58053,8492,Incentive,min,6.0000,"$/square foot"
58054,8492,Incentive,max,8.0000,"$/square foot"
58055,8493,Incentive,min,0.2600,"$/square foot"
58056,8493,Incentive,max,0.6600,"$/square foot"
58057,8494,Incentive,,60.0000,$
58058,8495,Incentive,,1.0000,$
58085,7137,Incentive,min,6.0000,"$/square foot"
58086,7137,Incentive,max,8.0000,"$/square foot"
58087,7138,Incentive,min,0.2600,"$/square foot"
58088,7138,Incentive,max,0.6600,"$/square foot"
58089,7139,Incentive,min,500.0000,$/Unit
58090,7139,Incentive,max,1200.0000,$/Unit
58091,7140,Incentive,min,250.0000,$
58092,7140,Incentive,max,300.0000,$
58093,7141,Incentive,,600.0000,$
58094,7142,Incentive,,60.0000,$/Unit
58095,7143,Incentive,min,150.0000,$/Unit
58096,7143,Incentive,max,200.0000,$/Unit
58097,8496,Incentive,,1000.0000,$
58104,8497,Incentive,min,150.0000,$/ton
58105,8497,Incentive,max,1000.0000,$/ton
58106,8498,Incentive,,600.0000,$
58107,8499,Incentive,,1000.0000,$
58108,8500,Incentive,min,350.0000,$
58109,8500,Incentive,max,400.0000,$
58110,7180,Incentive,,500.0000,$/Unit
58111,7181,Incentive,,100.0000,$/Unit
58140,8510,Incentive,min,100.0000,$/ton
58141,8510,Incentive,max,550.0000,$/ton
58142,8511,Incentive,min,200.0000,$/ton
58143,8511,Incentive,max,600.0000,$/ton
58144,8512,Incentive,,650.0000,$/Unit
58145,8513,Incentive,,300.0000,$
58146,8514,Incentive,,75.0000,$
58147,8515,Incentive,,350.0000,$/ton
58148,8515,Incentive,,700.0000,$/ton
58149,8516,Incentive,,2.0000,$/Unit
58150,8517,Incentive,min,400.0000,$/Unit
58151,8517,Incentive,max,800.0000,
58152,8518,Incentive,,200.0000,$/Unit
58153,8519,Incentive,,400.0000,$/Unit
58204,8520,Incentive,min,225.0000,$/Unit
58205,8520,Incentive,max,375.0000,$/Unit
58206,8521,Incentive,,375.0000,$/Unit
58207,8521,Incentive,,1.5000,$/MBTUh
58208,8522,Incentive,min,150.0000,$/Unit
58209,8522,Incentive,max,300.0000,$/Unit
58210,8522,Incentive,max,90.0000,$/ton
58211,8522,Incentive,min,75.0000,$/ton
58212,8523,Incentive,min,900.0000,$/Unit
58213,8523,Incentive,max,1200.0000,$/Unit
58214,8524,Incentive,,1.5000,$/Unit
58215,8524,Incentive,,400.0000,$/Unit
58218,8525,Incentive,max,2000.0000,$
58219,8526,Incentive,max,500.0000,$
58229,8527,Incentive,min,200.0000,$
58230,8527,Incentive,max,300.0000,$
58231,8528,Incentive,,300.0000,$
58232,8529,Incentive,,35.0000,$/Unit
58233,8530,Incentive,,50.0000,$/Unit
58234,8531,Incentive,max,450.0000,$/Unit
58235,8532,Incentive,min,30.0000,$
58236,8532,Incentive,max,50.0000,$
58237,8533,Incentive,max,500.0000,$
58241,8537,Incentive,min,300.0000,$
58242,8537,Incentive,max,500.0000,$
58243,8538,Incentive,max,2000.0000,$
58270,8544,Incentive,min,0.1100,"$/square foot"
58271,8544,Incentive,max,0.2800,"$/square foot"
58272,8545,Incentive,,250.0000,$
58273,8546,Incentive,,0.0100,$/BTU
58274,8547,Incentive,,175.0000,$
58275,1923,Incentive,,20.0000,$/Unit
58276,1923,Incentive,max,100.0000,$
58277,6222,Incentive,,400.0000,$
58278,6223,Incentive,,75.0000,$/Unit
58279,6223,Incentive,max,150.0000,$
58280,7564,Incentive,,30.0000,"$/square foot"
58281,7564,Incentive,max,450.0000,$
58309,8548,Incentive,,100.0000,$
58310,8549,Incentive,,50.0000,$
58311,8550,Incentive,,25.0000,$
58312,8551,Incentive,,250.0000,$
58313,8552,Incentive,min,50.0000,$
58314,8552,Incentive,max,300.0000,$
58315,8553,Incentive,max,800.0000,$
58316,8553,Incentive,min,200.0000,$
58317,8554,Incentive,max,150.0000,$
58318,8555,Incentive,,100.0000,$
58331,8556,Incentive,,25.0000,$
58332,8556,Incentive,,30.0000,$/horsepower
58333,8557,Incentive,min,50.0000,$
58334,8557,Incentive,max,500.0000,$
58385,8569,Incentive,,1600.0000,$
58386,8570,Incentive,,1750.0000,$
58387,8571,Incentive,,8000.0000,$
58388,2476,System,max,100.0000,kW
58389,2476,Incentive,,60.0000,$/kW
58390,2477,System,max,250.0000,"Square Feet"
58391,2477,Incentive,,20.0000,"$/square foot"
58392,2478,Incentive,,3000.0000,$
58393,2478,System,max,10.0000,Tons
58394,2479,System,min,100.0000,kW
58395,2479,System,max,375.0000,kW
58396,2479,Incentive,,30.0000,$/kW
58397,2480,Incentive,,10.0000,"$/square foot"
58398,2480,Incentive,max,5000.0000,$
58399,2480,System,min,250.0000,"Square Feet"
58400,2480,System,max,1200.0000,"Square Feet"
58401,2481,Incentive,min,12000.0000,$
58402,2481,System,min,10.0000,Tons
58403,2481,System,max,50.0000,Tons
58407,2759,Incentive,,100.0000,%
58408,3426,Incentive,,50.0000,%
58409,3426,Incentive,max,500.0000,$
58427,5683,Incentive,,800.0000,$/Unit
58428,5684,Incentive,max,2000.0000,$/Unit
58429,5685,Incentive,min,250.0000,$/Unit
58430,5685,Incentive,max,1800.0000,$/Unit
58431,7576,Incentive,,75.0000,$/Unit
58432,2283,Incentive,,300.0000,$/Unit
58433,2284,Incentive,min,259.0000,$/Unit
58434,2284,Incentive,max,701.0000,$
58435,2285,Incentive,min,109.0000,$/Unit
58436,2285,Incentive,max,384.0000,$
58453,431,Incentive,min,25.0000,%
58454,431,Incentive,min,35.0000,%
58455,431,Incentive,max,10.0000,Years
58456,431,Incentive,max,100000.0000,$
58464,2286,Incentive,min,55.0000,$/ton
58465,2286,Incentive,max,96.0000,$/ton
58466,2287,Incentive,min,2.0000,$/Unit
58467,2287,Incentive,max,20000.0000,$
58468,2288,Incentive,min,2.0000,$/Unit
58469,2288,Incentive,max,75.0000,$
58470,2289,Incentive,max,20000.0000,$
58471,2289,Incentive,max,30.0000,"% of cost"
58472,8572,Incentive,,15.0000,$
58473,8573,Incentive,min,60.0000,$
58474,8573,Incentive,max,125.0000,$/Unit
58475,6758,Incentive,min,100.0000,$
58476,6758,Incentive,max,225.0000,$
58477,6760,Incentive,,50.0000,$/Unit
58478,8574,Incentive,min,2700.0000,$
58479,8574,Incentive,max,9000.0000,$
58480,8575,Incentive,,450.0000,$/ton
58481,8576,Incentive,,175.0000,$/Unit
58482,8576,Incentive,,510.0000,$/Unit
58491,2825,Incentive,max,225.0000,$/Unit
58492,2826,Incentive,,350.0000,$/Unit
58493,2827,Incentive,max,600.0000,$
58494,6059,Incentive,max,400.0000,$
58495,7167,Incentive,,25.0000,$
58496,7168,Incentive,,150.0000,$
58508,7027,Incentive,,75.0000,"% of cost"
58509,7028,Incentive,max,1200.0000,$
58511,8577,Incentive,,400.0000,$
58529,4579,Incentive,min,0.0600,"$/square foot"
58530,4579,Incentive,max,2.0000,"$/square foot"
58531,4580,Incentive,min,6.0000,"$/square foot"
58532,4580,Incentive,max,12.0000,"$/square foot"
58533,4582,Incentive,,40.0000,$/Unit
58534,4583,Incentive,min,125.0000,$
58535,4583,Incentive,max,1200.0000,$
58536,5884,Incentive,,100.0000,$
58537,5885,Incentive,,30.0000,$
58547,8579,Incentive,max,2500.0000,$
58554,2978,Incentive,max,500000.0000,$
58555,2978,Incentive,max,50.0000,"% of cost"
58570,1880,Incentive,min,400.0000,$/Unit
58571,1880,Incentive,max,600.0000,$/Unit
58572,6212,Incentive,,100.0000,$/Unit
58573,7566,Incentive,,800.0000,$/Unit
58574,7567,Incentive,,200.0000,$/Unit
58575,7568,Incentive,,250.0000,$/Unit
58576,7568,Incentive,max,500.0000,$
58577,8581,Incentive,min,125.0000,$
58578,8581,Incentive,max,200.0000,$
58579,8582,Incentive,,600.0000,$
58580,8583,Incentive,,800.0000,$
58581,8584,Incentive,,100.0000,$
58582,8585,Incentive,,250.0000,$
58583,8586,Incentive,,150.0000,$
58584,8586,Incentive,max,50.0000,"% of cost"
58585,3010,Incentive,,50.0000,$/Unit
58586,3011,Incentive,max,500.0000,$
58587,6660,Incentive,,50.0000,$/Unit
58588,6661,Incentive,,150.0000,$/ton
58589,6662,Incentive,min,150.0000,$/ton
58590,6662,Incentive,max,300.0000,$/ton
58591,7565,Incentive,,250.0000,$/Unit
58592,3672,Incentive,min,5.0000,$/Unit
58593,3672,Incentive,max,225.0000,$
58594,3673,Incentive,min,50.0000,$/ton
58595,3673,Incentive,max,250.0000,$
58596,3674,Incentive,max,30.0000,"% of cost"
58597,3674,Incentive,max,25000.0000,$
58638,8235,Incentive,min,25.0000,$
58639,8235,Incentive,max,50.0000,$
58692,6470,Incentive,min,50.0000,$/Unit
58693,6470,Incentive,max,75.0000,$/Unit
58694,6471,Incentive,,300.0000,$/Unit
58695,6472,Incentive,min,100.0000,$/Unit
58696,6472,Incentive,max,350.0000,$/Unit
58697,6473,Incentive,min,300.0000,$/Unit
58698,6473,Incentive,max,350.0000,$/Unit
58699,6474,Incentive,min,400.0000,$/Unit
58700,6474,Incentive,max,600.0000,$/Unit
58701,6475,Incentive,,2.5000,"$/square foot"
58702,6476,Incentive,,750.0000,$
58745,6892,Incentive,,50.0000,"% of cost"
58746,6892,Incentive,max,19000.0000,$/Unit
58747,6893,Incentive,,50.0000,"% of cost"
58748,6893,Incentive,max,1000.0000,$
58755,6895,Incentive,,50.0000,"% of cost"
58771,2483,Incentive,,750.0000,$/Unit
58772,2485,Incentive,min,100.0000,$/Unit
58773,2485,Incentive,max,750.0000,$/Unit
58774,2486,Incentive,,300.0000,$/Unit
58775,2487,Incentive,min,300.0000,$/Unit
58776,2487,Incentive,max,350.0000,$/Unit
58777,2488,Incentive,min,400.0000,$/Unit
58778,2488,Incentive,max,600.0000,$/Unit
58779,2489,Incentive,min,50.0000,$/Unit
58780,2489,Incentive,max,75.0000,$/Unit
58781,6481,Incentive,min,0.0700,"$/square foot"
58782,6481,Incentive,max,0.4000,"$/square foot"
58783,7577,Incentive,min,1000.0000,$
58784,7577,Incentive,max,1200.0000,$
58785,7578,Incentive,,2.5000,"$/square foot"
58796,7002,Incentive,min,400.0000,$
58797,7002,Incentive,max,800.0000,$
58798,1074,Incentive,max,0.3150,$/kWh
58799,7001,Incentive,min,400.0000,$
58800,7001,Incentive,max,800.0000,$
58801,6978,Incentive,min,400.0000,$
58802,6978,Incentive,max,800.0000,$
58803,6977,Incentive,min,400.0000,$
58804,6977,Incentive,max,800.0000,$
58805,6987,Incentive,,100.0000,$
58806,6988,Incentive,,2500.0000,$
58807,7000,Incentive,,500.0000,$
58808,7012,Incentive,,50.0000,$
58837,7446,Incentive,,25.0000,$
58838,7448,Incentive,max,40.0000,$
58839,8593,Incentive,max,700.0000,$
58840,8594,Incentive,max,600.0000,$
58841,8595,Incentive,,75.0000,$
58842,4578,Incentive,min,1200.0000,$
58843,4578,Incentive,max,2500.0000,$
58844,8596,Incentive,min,250.0000,$
58845,8596,Incentive,max,900.0000,$
58846,8597,Incentive,max,20000.0000,$
58847,8598,Incentive,min,450.0000,$
58848,8598,Incentive,max,1450.0000,$
58849,8599,Incentive,min,20.0000,$
58850,8599,Incentive,max,1050.0000,$
58851,8600,Incentive,,1700.0000,$
58852,8601,Incentive,,65.0000,$
58853,8602,Incentive,,500.0000,$
58854,8603,Incentive,min,50.0000,"% of cost"
58855,8603,Incentive,,0.5000,"$/square foot"
58856,8603,Incentive,,1.0000,"$/square foot"
58857,8604,Incentive,,5.0000,$
58858,8605,Incentive,,25.0000,$
58876,8606,Incentive,min,250.0000,$
58877,8606,Incentive,max,750.0000,$
58878,8607,Incentive,,800.0000,$
58879,8608,Incentive,min,250.0000,$
58880,8608,Incentive,max,2000.0000,$
58881,8609,Incentive,,75.0000,$
58882,8610,Incentive,,350.0000,$
58883,8610,System,,600.0000,$
58884,8611,Incentive,min,600.0000,$
58885,8611,Incentive,max,350.0000,$
58886,8612,Incentive,min,125.0000,$
58887,8612,Incentive,,400.0000,$
58922,8613,Incentive,min,30.0000,$
58923,8613,Incentive,max,90.0000,$
58924,8614,Incentive,,30.0000,$
58925,8615,Incentive,,60.0000,$
58926,8616,Incentive,min,30.0000,$
58927,8616,Incentive,max,350.0000,$
58928,8617,Incentive,min,25.0000,$
58929,8617,Incentive,max,50.0000,$
58930,8618,Incentive,min,200.0000,$
58931,8618,Incentive,max,500.0000,$
58932,8619,Incentive,,100.0000,$
58933,8620,Incentive,max,60.0000,"% of cost"
58934,8620,Incentive,max,450.0000,$
58935,8621,Incentive,min,50.0000,"% of cost"
58936,8621,Incentive,max,600.0000,$/ton
58937,8622,Incentive,max,750.0000,$/ton
58938,8622,Incentive,max,50.0000,"% of cost"
58939,8623,Incentive,max,1000.0000,$
58940,8624,Incentive,max,5000.0000,$
58941,8625,Incentive,min,30.0000,$
58942,8625,Incentive,max,800.0000,$
58943,8626,Incentive,min,12.6000,$
58944,8626,Incentive,max,3390.0000,$
58945,8627,Incentive,min,0.4400,$
58946,8627,Incentive,max,169.0000,$
58947,6500,Incentive,min,75.0000,$/Unit
58948,6500,Incentive,max,300.0000,$/Unit
58949,6501,Incentive,min,250.0000,$/Unit
58950,6501,Incentive,max,400.0000,$/Unit
58951,6502,Incentive,min,150.0000,$/Unit
58952,6502,Incentive,max,400.0000,$/Unit
58953,6503,Incentive,max,50.0000,$/Unit
58954,6504,Incentive,min,5.0000,$/Unit
58955,6504,Incentive,max,500.0000,$/Unit
58956,6505,Incentive,min,50.0000,$/Unit
58957,6505,Incentive,max,150.0000,$/Unit
59003,3092,Incentive,min,250.0000,$/Unit
59004,3092,Incentive,max,450.0000,$/Unit
59005,3095,Incentive,,50.0000,%
59006,3095,Incentive,max,400.0000,$
59007,5768,Incentive,min,75.0000,$
59008,5768,Incentive,max,200.0000,$
59009,5769,Incentive,,200.0000,$
59010,5770,Incentive,,25.0000,$
59011,5771,Incentive,,100.0000,$
59012,2457,Incentive,max,3500.0000,$
59013,2457,Incentive,,30.0000,"$/square foot"
59022,8628,Incentive,min,225.0000,$
59023,8628,Incentive,max,375.0000,$
59024,8629,Incentive,min,150.0000,$/Unit
59025,8629,Incentive,max,300.0000,$/Unit
59026,8629,Incentive,,90.0000,$/ton
59027,8630,Incentive,,900.0000,$/Unit
59028,8630,Incentive,,1200.0000,$/Unit
59029,8631,Incentive,,225.0000,$/Unit
59030,8632,Incentive,max,100.0000,$
59031,8633,Incentive,,50.0000,$/Unit
59045,6464,Incentive,min,4.8000,"$/square foot"
59046,6464,Incentive,max,12.8000,"$/square foot"
59047,6465,Incentive,,30.0000,$/Unit
59048,6466,Incentive,min,0.0500,"$/square foot"
59049,6466,Incentive,max,2.0400,"$/square foot"
59050,6467,Incentive,min,400.0000,$
59051,6467,Incentive,max,2800.0000,$
59052,6468,Incentive,min,650.0000,$
59053,6468,Incentive,max,900.0000,$
59054,7593,Incentive,min,15.0000,$
59055,7593,Incentive,max,115.0000,$
59056,7594,Incentive,min,550.0000,$
59057,7594,Incentive,max,900.0000,$
59120,8634,Incentive,,50.0000,$
59121,8635,Incentive,,10.0000,$
59122,8635,Incentive,max,75.0000,$
59123,8636,Incentive,min,8.0000,$
59124,8636,Incentive,max,600.0000,$
59125,8637,Incentive,min,200.0000,$
59126,8637,Incentive,max,600.0000,$
59127,8638,Incentive,min,10.0000,$
59128,8638,Incentive,max,75.0000,$
59129,8639,Incentive,,75.0000,$
59135,8640,Incentive,max,4000.0000,$
59136,8641,Incentive,max,75.0000,$
59137,8642,Incentive,,90.0000,$
59138,8643,Incentive,max,900.0000,$
59139,8643,Incentive,min,75.0000,
59140,8644,Incentive,min,300.0000,$
59141,8644,Incentive,max,2000.0000,$
59142,8645,Incentive,,2000.0000,$
59143,8646,Incentive,min,5.0000,$/MBTUh
59144,8646,Incentive,max,1200.0000,$/Unit
59145,8646,Incentive,max,6.0000,$/MBTUh
59146,8647,Incentive,min,750.0000,$
59147,8647,Incentive,max,5000.0000,$
59148,8648,Incentive,min,75.0000,$
59149,8648,Incentive,max,100.0000,$
59150,8649,Incentive,min,400.0000,$
59151,8649,Incentive,max,800.0000,$
59152,8650,Incentive,min,75.0000,$
59153,8650,Incentive,max,100.0000,$
59154,8651,Incentive,,35.0000,$
59155,8652,Incentive,,50.0000,$
59156,3148,Incentive,max,300.0000,$
59157,3148,Incentive,,0.0900,"$/square foot"
59158,3149,Incentive,,200.0000,$
59159,3151,Incentive,,150.0000,$/kW
59160,3151,Incentive,max,5000.0000,$
59161,3152,Incentive,max,250.0000,$
59162,5843,Incentive,,25.0000,"% of cost"
59163,5843,Incentive,max,325.0000,$
59164,6664,Incentive,,50.0000,"% of cost"
59165,6664,Incentive,max,100.0000,$
59166,7572,Incentive,,100.0000,$
59167,2726,Incentive,,100.0000,%
59171,2838,Incentive,,100.0000,%
59208,8658,Incentive,max,1750.0000,$
59209,8659,Incentive,max,8000.0000,$
59210,8660,Incentive,max,1600.0000,$
59212,1080,Incentive,,100.0000,%
59213,1080,System,min,0.5000,MW
59214,7801,Incentive,,100.0000,%
59215,7801,System,min,5.0000,MW
59216,7545,Incentive,,100.0000,%
59217,1973,Incentive,,100.0000,%
59218,2774,Incentive,,100.0000,%
59219,271,System,max,100.0000,kW
59220,271,Incentive,max,98.1800,$
59221,272,System,max,2000.0000,kW
59222,272,Incentive,max,126.0000,$
59223,8129,Incentive,,100.0000,%
59224,7517,Incentive,,200.0000,$
59280,1807,Incentive,max,33.0000,"% of cost"
59281,3014,Incentive,max,12.5000,"% of cost"
59282,1808,Incentive,,100.0000,%
59290,4084,Incentive,,75.0000,$
59291,4085,Incentive,min,100.0000,$/Unit
59292,4085,Incentive,max,750.0000,$/Unit
59293,4088,Incentive,min,0.0800,"$/square foot"
59294,4088,Incentive,max,1.5000,"$/square foot"
59295,4089,Incentive,,0.0700,"$/square foot"
59296,4089,Incentive,max,100.0000,$
59297,4089,Incentive,max,50.0000,"% of cost"
59298,6605,Incentive,,750.0000,$
59299,6606,Incentive,min,300.0000,$
59300,6606,Incentive,max,350.0000,$
59305,7035,Incentive,,10.0000,"% of cost"
59306,7035,Incentive,max,2500.0000,$
59317,4079,Incentive,min,50.0000,$/Unit
59318,4079,Incentive,max,75.0000,$/Unit
59319,4080,Incentive,min,100.0000,$/Unit
59320,4080,Incentive,,5.2500,"$/square foot"
59321,6598,Incentive,min,300.0000,$
59322,6598,Incentive,max,350.0000,$
59323,6599,Incentive,min,400.0000,$
59324,6599,Incentive,max,600.0000,$
59325,8114,Incentive,,5000.0000,$
59328,7550,Incentive,,100.0000,%
59330,8104,Incentive,,100.0000,%
59331,8105,Incentive,,100.0000,%
59332,8130,Incentive,,100.0000,%
59333,8103,Incentive,,100.0000,%
59334,6032,Incentive,,2.5000,"$/square foot"
59335,6034,Incentive,min,300.0000,$/Unit
59336,6034,Incentive,max,350.0000,$/Unit
59337,6035,Incentive,min,400.0000,$/Unit
59338,6035,Incentive,max,600.0000,$/Unit
59339,6037,Incentive,min,100.0000,$/Unit
59340,6037,Incentive,max,750.0000,$/Unit
59341,6602,Incentive,,300.0000,$
59342,6603,Incentive,min,50.0000,$/Unit
59343,6603,Incentive,max,75.0000,$/Unit
59344,6604,Incentive,,750.0000,$
59345,8131,Incentive,,80.0000,%
59346,8132,Incentive,,100.0000,%
59347,8127,Incentive,,100.0000,%
59348,2071,Incentive,,15.0000,%
59349,2071,Incentive,max,1000.0000,$
59350,8128,Incentive,,100.0000,%
59363,8661,Incentive,min,2.0000,$
59364,8661,Incentive,max,10.0000,$
59365,8662,Incentive,min,25.0000,$
59366,8662,Incentive,,1000.0000,$
59367,8663,Incentive,min,25.0000,$
59368,8663,Incentive,max,75.0000,$
59369,8664,Incentive,,50.0000,$
59370,8665,Incentive,,25.0000,$
59371,8665,Incentive,,1000.0000,$
59372,8666,Incentive,,25.0000,$
59373,8667,Incentive,,25.0000,$
59374,8667,Incentive,,700.0000,$
59376,8141,Incentive,max,25000.0000,$
59377,8580,Incentive,max,10.0000,$
59378,8580,Incentive,min,2.0000,$
59382,8137,Incentive,,999999.9999,$
59383,8137,Incentive,max,100.0000,"% of cost"
59384,8138,Incentive,max,999999.9999,$
59387,8152,Incentive,,300.0000,$/kWh
59388,8152,Incentive,max,6000.0000,$
59394,8115,Incentive,,40.0000,"% of cost"
59395,8115,Incentive,,5000.0000,$
59396,8502,Incentive,max,85.0000,"% of cost"
59397,8503,Incentive,max,100.0000,"% of cost"
59398,8504,Incentive,,200.0000,
59399,8504,Incentive,max,1000.0000,$
59420,3785,Incentive,max,950.0000,$
59421,4001,Incentive,,50.0000,$
59422,6784,Incentive,min,7500.0000,$
59423,6784,Incentive,max,90000.0000,$
59424,6866,Incentive,,3500.0000,$
59425,7774,Incentive,,1500.0000,$
59426,8147,Incentive,max,10000.0000,$
59427,8148,Incentive,max,20000.0000,$
59428,8145,Incentive,max,5000.0000,$
59429,8146,Incentive,max,35000.0000,$
59430,5085,Incentive,max,20000.0000,$
59431,8053,Incentive,max,10000.0000,$
59432,3669,Incentive,max,50.0000,"% of cost"
59433,3669,Incentive,,1000.0000,$/kW
59434,7610,Incentive,max,750.0000,$
59435,7611,Incentive,max,3000.0000,$
59436,7612,Incentive,max,3125.0000,$
59437,8051,Incentive,max,4500.0000,$
59438,2031,Incentive,,625.0000,$/kW
59439,2031,Incentive,max,3125.0000,$
59440,8054,Incentive,,600.0000,$/kW
59441,8054,Incentive,max,12000.0000,$
59442,7544,Incentive,,600.0000,$/kW
59443,7544,Incentive,max,50.0000,"% of cost"
59444,7544,Incentive,max,12000.0000,$
59445,8144,Incentive,,1.2000,$/W-DC
59446,8144,Incentive,max,50.0000,"% of cost"
59447,8144,Incentive,max,7500.0000,$
59454,8668,Incentive,,0.6000,$/W
59455,8668,Incentive,max,6000.0000,$
59485,7549,Incentive,,0.3000,$/W
59486,7549,Incentive,max,3000.0000,$
59487,8675,Incentive,max,700.0000,$
59488,8676,Incentive,max,1700.0000,$
59489,8677,Incentive,max,77000.0000,$
59490,8678,Incentive,max,143000.0000,$
59491,8672,Incentive,,1000.0000,$/Unit
59492,8673,Incentive,max,1000.0000,$/Unit
59493,8669,Incentive,,500.0000,$/Unit
59495,8674,Incentive,,500.0000,$
59498,8578,Incentive,,200.0000,$/kW
59499,8578,Incentive,min,4000.0000,$
59500,8578,Incentive,max,600.0000,$
59501,7784,Incentive,max,20.0000,$
59502,7785,Incentive,max,2.0000,$
59503,8211,Incentive,min,434.0000,$/Unit
59504,8211,Incentive,max,1175.0000,$/Unit
59505,8212,Incentive,,304.0000,$/Unit
59506,8213,Incentive,min,4195.0000,$/Unit
59507,8213,Incentive,max,35600.0000,$/Unit
59508,8214,Incentive,,20889.0000,$/Unit
59509,8679,Incentive,,7.5000,$
59510,8680,Incentive,,50.0000,$
59515,8682,Incentive,,200.0000,$/kW
59516,8682,Incentive,,35.0000,$/kW
59517,8681,Incentive,,275.0000,$/kW
59518,8681,Incentive,max,1.0000,$
59519,8670,Incentive,,100.0000,$/kWh
59521,8683,Incentive,,30.0000,$
59522,8684,Incentive,max,10.0000,$
59523,1249,Incentive,,50.0000,$/Unit
59524,1250,Incentive,min,250.0000,$/Unit
59525,1250,Incentive,max,500.0000,$/Unit
59526,1251,Incentive,,850.0000,$/Unit
59527,5936,Incentive,,30.0000,$/Unit
59528,5940,Incentive,,250.0000,$/Unit
59529,6081,Incentive,,50.0000,"% of cost"
59530,6081,Incentive,max,100.0000,$
59545,6954,Incentive,min,200.0000,$
59546,6954,Incentive,max,700.0000,$
59547,1057,Incentive,min,50.0000,$/Unit
59548,1057,Incentive,max,90.0000,$
59549,1058,Incentive,min,15.0000,$/Unit
59550,1058,Incentive,max,25.0000,$
59551,1059,Incentive,min,25.0000,$/Unit
59552,1059,Incentive,max,40.0000,$
59553,1060,Incentive,min,100.0000,$/Unit
59554,1060,Incentive,max,22000.0000,$/Unit
59555,1060,Incentive,max,50.0000,"% of cost"
59556,1061,Incentive,,25.0000,$/Unit
59557,1062,Incentive,,50.0000,%
59558,1062,Incentive,max,20.0000,$
59559,3967,Incentive,min,200.0000,$/ton
59560,6614,Incentive,min,60.0000,$/Unit
59561,6614,Incentive,max,400.0000,$/Unit
59562,6614,Incentive,max,50.0000,"% of cost"
59563,6615,Incentive,min,50.0000,$/Unit
59564,6615,Incentive,max,100.0000,$/Unit
59565,6615,Incentive,max,50.0000,"% of cost"
59606,3972,Incentive,min,200.0000,$/ton
59607,6616,Incentive,min,300.0000,$/Unit
59608,6616,Incentive,max,1000.0000,$/Unit
59609,6617,Incentive,min,40.0000,$/motor
59610,6617,Incentive,max,2700.0000,$/motor
59611,6618,Incentive,min,200.0000,$/Unit
59612,6618,Incentive,max,4000.0000,$/Unit
59613,6619,Incentive,,0.0450,$/kWh
59614,6620,Incentive,,50.0000,"% of cost"
59615,6620,Incentive,max,50.0000,$
59648,8693,Incentive,,75.0000,$
59649,8694,Incentive,,75.0000,$
59650,8695,Incentive,,300.0000,$
59651,8696,Incentive,,450.0000,$
59652,8697,Incentive,,100.0000,$
59653,8698,Incentive,max,100.0000,$
59654,8699,Incentive,,300.0000,$
59655,8700,Incentive,,300.0000,$
59687,2306,Incentive,,50.0000,$/Unit
59688,2307,Incentive,,10.0000,$/kW
59689,2695,Incentive,,750.0000,$/Unit
59690,6633,Incentive,max,750.0000,$/Unit
59691,8711,Incentive,,400.0000,$/Unit
59692,8712,Incentive,,275.0000,$/Unit
59693,8713,Incentive,,275.0000,$/Unit
59694,8714,Incentive,,450.0000,$/Unit
59695,8715,Incentive,,50.0000,$
59696,8716,Incentive,,75.0000,$/Unit
59707,8718,Incentive,,100.0000,
59708,8719,Incentive,,450.0000,$/Unit
59709,8720,Incentive,min,200.0000,$/Unit
59710,8720,Incentive,max,350.0000,$/Unit
59711,8721,Incentive,,800.0000,$/Unit
59712,8722,Incentive,,10.0000,"$/square foot"
59713,8723,Incentive,min,450.0000,$
59714,8723,Incentive,max,3150.0000,$
59715,8724,Incentive,,525.0000,$
59716,8725,Incentive,,75.0000,$
59717,5783,Incentive,,250.0000,$/kW
59718,5783,Incentive,max,12500.0000,$
59719,5783,Incentive,max,50.0000,"% of cost"
59720,7252,Incentive,,25.0000,$/Unit
59721,2224,Incentive,max,50.0000,"% of cost"
59722,7249,Incentive,min,150.0000,$/ton
59723,7249,Incentive,max,225.0000,$/ton
59724,7250,Incentive,min,175.0000,$/ton
59725,7250,Incentive,max,250.0000,$/ton
59726,7251,Incentive,,1.5000,"$/square foot"
59727,1651,Incentive,,1.0000,$/W
59728,1651,Incentive,max,2500.0000,$
59729,1651,System,min,1.0000,kW
59730,1651,Incentive,max,50.0000,"% of cost"
59731,1652,Incentive,,1.0000,$/W
59732,1652,Incentive,max,5000.0000,$
59733,1652,System,min,1.0000,kW
59734,1652,Incentive,max,50.0000,"% of cost"
59741,8729,Incentive,max,8000.0000,$
59742,8730,Incentive,max,840.0000,$
59743,8731,Incentive,max,1750.0000,$
59744,8732,Incentive,max,1600.0000,$
59745,8733,Incentive,max,16000.0000,$
59746,8733,Incentive,max,100.0000,"% of cost"
59747,8734,Incentive,max,16000.0000,$
59748,8734,Incentive,max,100.0000,"% of cost"
59760,8735,Incentive,,50.0000,"% of cost"
59761,8735,Incentive,max,200.0000,$
59762,8736,Incentive,,200.0000,$
59763,8737,Incentive,,50.0000,"% of cost"
59764,8737,Incentive,max,100.0000,$
59765,8738,Incentive,,50.0000,"% of cost"
59766,8738,Incentive,max,100.0000,$
59767,8739,System,,25.0000,$
59768,8740,Incentive,,200.0000,$
59769,8741,Incentive,,100.0000,$/ton
59770,8742,Incentive,,100.0000,$/ton
59775,2799,Incentive,,50.0000,"% of cost"
59776,2799,Incentive,max,10000.0000,$
59777,2799,Incentive,max,12500.0000,$
59778,6243,Incentive,,250.0000,$/kW
59779,6243,Incentive,,100.0000,$/kW
59780,6243,Incentive,max,3400.0000,$
59781,6243,System,max,25.0000,kW
59782,7589,Incentive,,50.0000,"% of cost"
59783,7589,Incentive,max,15000.0000,$
59784,7589,Incentive,max,20000.0000,$
59831,8743,Incentive,min,1.0000,$
59832,8743,Incentive,max,250.0000,$
59833,8744,Incentive,min,0.3000,$/W
59834,8744,Incentive,max,0.6000,$/W
59835,8745,Incentive,min,10.0000,$
59836,8745,Incentive,max,40.0000,$
59837,8746,Incentive,,750.0000,$
59838,8747,Incentive,,75.0000,$
59839,8748,Incentive,min,10.0000,$/Unit
59840,8748,Incentive,max,750.0000,$/Unit
59841,8749,Incentive,min,70.0000,$/Unit
59842,8749,Incentive,max,525.0000,$/Unit
59843,1271,Incentive,min,2500.0000,$
59844,1271,Incentive,max,50000.0000,$
59845,1265,Incentive,max,200000.0000,$
59846,8750,Incentive,min,150.0000,$
59847,8750,Incentive,max,675.0000,$
59848,8751,Incentive,min,75.0000,$
59849,8751,Incentive,max,1125.0000,$
59852,8752,Incentive,,150.0000,$
59853,8753,Incentive,,50.0000,$
59882,8754,Incentive,min,25.0000,$
59883,8754,Incentive,max,50.0000,$
59884,8755,Incentive,,25.0000,$
59885,8756,Incentive,,25.0000,$
59886,8757,Incentive,,25.0000,$
59887,8758,Incentive,min,0.5000,$/Unit
59888,8758,Incentive,max,5.0000,$/Unit
59889,8759,System,,150.0000,$
59890,8759,System,,300.0000,$
59891,8760,Incentive,,200.0000,$/ton
59892,8761,Incentive,,400.0000,$/ton
59893,8762,Incentive,,400.0000,$
59894,8763,Incentive,min,50.0000,$/Unit
59895,8763,Incentive,max,500.0000,$/Unit
59913,8765,Incentive,min,200.0000,$/Unit
59914,8765,Incentive,max,1200.0000,$/Unit
59915,8766,Incentive,,100.0000,$
59916,8767,Incentive,min,0.1500,"$/square foot"
59917,8767,Incentive,max,0.9000,"$/square foot"
59918,8768,Incentive,,6.0000,"$/square foot"
59919,8769,Incentive,min,800.0000,$
59920,8769,Incentive,max,900.0000,$
59928,8770,Incentive,min,200.0000,$
59929,8770,Incentive,max,1200.0000,$
59930,8771,Incentive,max,900.0000,$
59931,8772,Incentive,max,250.0000,$
59940,8773,Incentive,,200.0000,$
59941,8773,Incentive,min,120.0000,$/ton
59942,8773,Incentive,max,1000.0000,$/ton
59943,8774,Incentive,min,0.8000,"$/square foot"
59944,8774,Incentive,max,9.0000,"$/square foot"
59952,8775,Incentive,,140.0000,$
59953,8776,Incentive,min,700.0000,$
59954,8776,Incentive,max,900.0000,$
59955,8777,Incentive,,6.0000,"$/square foot"
59956,8778,Incentive,,40.0000,$
59957,8779,Incentive,min,800.0000,$
59958,8779,Incentive,max,1200.0000,$
59959,8780,Incentive,,50.0000,$
59960,8781,Incentive,,100.0000,$
59961,1248,Incentive,,70.0000,%
59971,8782,Incentive,min,150.0000,$
59972,8782,Incentive,max,1000.0000,$
59973,8783,Incentive,min,50.0000,$
59974,8783,Incentive,max,150.0000,$
59975,8784,Incentive,,300.0000,"$/square foot"
59976,8784,Incentive,,100.0000,"$/linear foot"
59977,8785,Incentive,,10.0000,"$/square foot"
59978,8786,Incentive,min,2.0000,$
59979,8786,Incentive,max,20.0000,$
59986,7005,Incentive,max,4500.0000,$
59987,7624,Incentive,max,35000.0000,$
59996,8787,Incentive,min,0.3000,"$/square foot"
59997,8787,Incentive,max,2.0000,"$/square foot"
59998,8788,Incentive,,6.0000,"$/square foot"
59999,8789,Incentive,,200.0000,$/Unit
60000,8789,Incentive,,1200.0000,$/Unit
60001,8790,Incentive,min,700.0000,$
60002,8790,Incentive,max,900.0000,$
60003,8791,Incentive,,35.0000,$
60004,8793,Incentive,,800.0000,$
60005,8794,Incentive,,30.0000,$
60006,8795,Incentive,,140.0000,$
60020,8796,Incentive,min,250.0000,$
60021,8796,Incentive,max,1000.0000,$
60022,8797,Incentive,min,200.0000,$
60023,8797,Incentive,max,250.0000,$
60024,8798,Incentive,,600.0000,$
60025,8799,Incentive,,6.0000,"$/square foot"
60026,8800,Incentive,min,30.0000,$
60027,8800,Incentive,max,35.0000,$
60028,8801,Incentive,min,0.1000,$
60029,8801,Incentive,max,0.9000,$
60030,8802,Incentive,min,30.0000,$
60031,8802,Incentive,max,120.0000,$
60032,8803,Incentive,,100.0000,$
60077,7039,Incentive,max,75.0000,"% of cost"
60078,7039,Incentive,max,75000.0000,$
60079,7040,Incentive,min,200.0000,$
60080,7040,Incentive,max,1700.0000,$
60084,6795,Incentive,max,7500.0000,$
60085,8814,Incentive,min,1800.0000,$
60086,8814,Incentive,max,20000.0000,$
60087,6796,Incentive,min,500.0000,$/Unit
60088,6796,Incentive,max,1000.0000,$/Unit
60089,6793,Incentive,max,45000.0000,$
60090,6794,Incentive,max,95000.0000,$
60103,7036,Incentive,,500.0000,$/Unit
60104,7036,Incentive,max,50000.0000,$
60105,7036,Incentive,max,75.0000,"% of cost"
60106,8815,Incentive,,300.0000,$
60107,8816,Incentive,,100.0000,$
60108,8817,Incentive,,30.0000,$
60109,8818,Incentive,,25.0000,$
60110,8819,Incentive,,1.0000,$
60111,8820,Incentive,max,400.0000,$
60112,8821,Incentive,,300.0000,$
60113,4584,Incentive,,0.0400,"$/kWh (5 years)"
60134,8822,Incentive,min,250.0000,$
60135,8822,Incentive,max,400.0000,$
60136,8823,Incentive,min,500.0000,$
60137,8823,Incentive,max,600.0000,$
60138,8824,Incentive,min,100.0000,$
60139,8824,Incentive,max,500.0000,$
60140,8825,Incentive,,100.0000,$
60146,8826,Incentive,max,75.0000,$/Unit
60147,8827,Incentive,,775.0000,$/Unit
60148,8828,Incentive,,225.0000,$
60149,8829,Incentive,min,75.0000,$
60150,8829,Incentive,max,600.0000,$
60153,8832,Incentive,min,2.0000,$/Unit
60154,8832,Incentive,min,250.0000,$/Unit
60155,8833,Incentive,,25.0000,$/ton
60156,8833,Incentive,,100.0000,$/ton
60157,8834,Incentive,max,4000.0000,$
60158,8835,Incentive,min,20.0000,$
60159,8835,Incentive,max,125.0000,$
60160,8836,Incentive,,50.0000,$/ton
60161,8837,Incentive,,50.0000,$/Unit
60162,8838,Incentive,,50.0000,$
60165,8839,Incentive,,25.0000,$
60166,8840,Incentive,,150.0000,$
60169,8841,Incentive,max,15000.0000,$
60170,8841,Incentive,max,60.0000,"% of cost"
60173,8842,Incentive,,100.0000,$
60174,1075,Incentive,,0.1500,$/W
60175,1076,Incentive,,150.0000,"$/kW peak demand reduction"
60176,2399,Incentive,,400.0000,$/Unit
60181,8843,Incentive,max,500.0000,$
60182,8844,Incentive,max,15000.0000,$
60183,8845,Incentive,max,450.0000,$
60184,8846,Incentive,max,50.0000,"% of cost"
60185,2157,Incentive,,300.0000,$/Unit
60186,2158,Incentive,min,50.0000,$/Unit
60187,2159,Incentive,min,400.0000,$/Unit
60188,2159,Incentive,max,500.0000,$/Unit
60189,2161,Incentive,,50.0000,$/Unit
60190,2161,Incentive,max,100.0000,$/Unit
60209,5849,Incentive,,30.0000,"% of cost"
60210,5849,Incentive,max,500.0000,$
60211,5851,Incentive,,30.0000,"% of cost"
60212,5851,Incentive,max,300.0000,$
60213,5852,Incentive,,100.0000,"% of cost"
60214,5852,Incentive,max,200.0000,$
60215,5853,Incentive,,100.0000,"% of cost"
60216,5853,Incentive,max,100.0000,$
60217,8847,Incentive,max,350.0000,$
60218,8848,Incentive,max,100.0000,$
60219,2400,Incentive,,500.0000,$/Unit
60222,5898,Incentive,,150.0000,$/kW
60223,5898,Incentive,max,5000.0000,$
60224,27,Incentive,,100.0000,$/Unit
60225,28,Incentive,,75.0000,$/Unit
60226,29,Incentive,,75.0000,$/Unit
60227,30,Incentive,,250.0000,$/Unit
60228,31,Incentive,,100.0000,$/Unit
60229,32,Incentive,max,1000.0000,$
60230,32,Incentive,,0.1000,"$/square foot"
60231,4971,Incentive,,450.0000,$
60232,4972,Incentive,,100.0000,$/kW
60233,4972,Incentive,max,5000.0000,$
60234,4973,Incentive,,450.0000,$/Unit
60235,8849,Incentive,,75.0000,$
60236,2351,Incentive,,450.0000,$/Unit
60237,2402,Incentive,,0.0100,$/BTU
60238,2402,System,max,600.0000,
60239,1689,Incentive,,500.0000,$/Unit
60240,1690,Incentive,max,500.0000,$
60241,5915,Incentive,,60.0000,$
60242,6673,Incentive,,900.0000,$
60250,2510,Incentive,max,400.0000,$
60251,5778,Incentive,max,35.0000,$
60252,5779,Incentive,,50.0000,$
60253,5781,Incentive,,300.0000,$
60254,8850,Incentive,,20.0000,$
60255,8851,Incentive,max,425.0000,$
60256,8852,Incentive,max,250.0000,$
60257,8133,Incentive,,100.0000,%
60258,1121,Incentive,,750.0000,$/Unit
60259,8853,Incentive,min,200.0000,$
60260,8853,Incentive,max,2400.0000,$
60261,8854,Incentive,min,450.0000,$
60262,8854,Incentive,max,3150.0000,$
60263,8855,Incentive,min,31.5000,$
60264,8855,Incentive,max,126.0000,$
60265,8856,Incentive,min,990.0000,$
60266,8856,Incentive,max,1300.0000,$
60267,8857,Incentive,min,12.0000,"$/square foot"
60268,8857,Incentive,max,16.0000,"$/square foot"
60269,2642,Incentive,max,50000.0000,$
60270,2643,Incentive,max,25000.0000,$
60271,7670,Incentive,,350.0000,$/Unit
60272,7041,Incentive,,1000.0000,$
60273,7043,Incentive,,100000.0000,$/Unit
60274,7509,Incentive,,40.0000,$
60276,1619,Incentive,,300.0000,$/Unit
60277,7662,Incentive,max,1500.0000,$
60278,7663,Incentive,max,5000.0000,$
60279,7664,Incentive,max,7500.0000,$/Unit
60280,7664,Incentive,max,30000.0000,$
60281,7665,Incentive,max,10000.0000,$
60282,7666,Incentive,max,25000.0000,$/Unit
60283,7666,Incentive,max,100000.0000,$
60284,7667,Incentive,max,50000.0000,$
60285,8858,Incentive,max,300.0000,$
60286,6997,Incentive,max,500.0000,$
60287,6998,Incentive,max,500.0000,$
60288,6958,Incentive,max,500.0000,$
60289,6958,Incentive,,50.0000,"% of cost"
60290,7661,Incentive,,1000.0000,$
60291,6907,Incentive,,100.0000,"% of cost"
60292,6906,Incentive,min,2000.0000,$
60293,6906,Incentive,max,315000.0000,$
60296,8859,Incentive,max,8000.0000,$
60348,8860,Incentive,,40.0000,"% of cost"
60349,8860,Incentive,max,1200.0000,$
60350,8861,Incentive,,80.0000,"% of cost"
60351,8861,Incentive,max,1200.0000,$
60352,8862,Incentive,,40.0000,"% of cost"
60353,8862,Incentive,max,1200.0000,$
60354,8863,Incentive,,60.0000,"% of cost"
60355,8863,Incentive,max,500.0000,$
60356,8864,Incentive,,80.0000,"% of cost"
60357,8864,Incentive,max,200.0000,$
60358,8865,Incentive,,80.0000,"% of cost"
60359,8865,Incentive,max,2000.0000,$
60360,8866,Incentive,,1.0000,$/W
60361,8866,Incentive,max,2000.0000,$
60362,8866,Incentive,max,80.0000,"% of cost"
60363,8867,Incentive,,80.0000,"% of cost"
60364,8867,Incentive,max,500.0000,$
60365,6768,Incentive,max,215000.0000,$/Unit
60366,1766,System,max,25.0000,kW
60375,8868,Incentive,min,2500.0000,$
60376,8868,Incentive,max,12000.0000,$
60377,8869,Incentive,,1.5000,"$/square foot"
60378,8870,Incentive,,75.0000,$
60395,4909,Incentive,max,75.0000,$
60396,5232,Incentive,,0.1000,$/kWh
60397,5232,Incentive,max,75000.0000,$
60398,5723,Incentive,,250.0000,$/Unit
60399,7615,Incentive,max,50.0000,$/motor
60400,7616,Incentive,max,400.0000,
60401,7616,Incentive,max,80.0000,$/ton
60434,5130,Incentive,,500.0000,$
60435,5131,Incentive,,15.0000,"$/square foot"
60436,5131,Incentive,max,1200.0000,$
60437,168,Incentive,,500.0000,$
60438,508,Incentive,min,400.0000,$/Unit
60439,508,Incentive,max,800.0000,$
60442,950,Incentive,min,1200.0000,$/Unit
60443,1781,Incentive,,25.0000,%
60444,1781,Incentive,max,3500.0000,$
60474,8881,Incentive,min,75.0000,$
60475,8881,Incentive,max,500.0000,$
60476,8882,Incentive,max,1200.0000,$
60477,8883,Incentive,,200.0000,$
60478,8884,Incentive,min,30.0000,$
60479,8884,Incentive,max,800.0000,$
60480,8885,Incentive,min,15.0000,$
60481,8885,Incentive,max,50.0000,$
60482,8886,Incentive,,15.0000,$
60483,8887,Incentive,,25.0000,$
60484,8888,Incentive,,25.0000,$
60485,8889,Incentive,min,475.0000,$
60486,8889,Incentive,max,600.0000,$
60487,8890,Incentive,,10.0000,$
60488,8891,Incentive,,10.0000,$
60489,8892,Incentive,,100.0000,$
60490,8893,Incentive,max,450.0000,$
60491,8894,Incentive,min,440.0000,$
60492,8894,Incentive,max,2500.0000,$
60494,2313,Incentive,,25.0000,%
60495,2313,Incentive,max,1000.0000,$
60496,2363,Incentive,,0.0500,$/W
60497,2363,Incentive,max,2500.0000,$
60498,2365,Incentive,,0.7500,"$/first year kWh savings"
60499,8052,System,min,1000.0000,kW-AC
60500,8052,System,max,5000.0000,kW-AC
60501,8052,Incentive,,0.0600,"$/kWh (20 years)"
60502,1578,Incentive,,35.0000,%
60503,1578,Incentive,max,2250.0000,$
60504,1579,Incentive,,35.0000,%
60505,1579,Incentive,max,250000.0000,$
60506,1580,Incentive,,35.0000,%
60507,1580,Incentive,max,5000.0000,$
60508,1581,Incentive,,35.0000,%
60509,1581,Incentive,max,500000.0000,
60510,1582,Incentive,,25.0000,%
60511,1582,Incentive,max,1500.0000,$
60512,1583,Incentive,,25.0000,%
60513,1583,Incentive,max,500000.0000,$
60514,1570,Incentive,,35.0000,%
60515,1570,Incentive,max,2250.0000,$
60516,1571,Incentive,,35.0000,%
60517,1571,Incentive,max,250000.0000,$
60518,1572,Incentive,,35.0000,%
60519,1572,Incentive,max,5000.0000,$
60520,1573,Incentive,,35.0000,%
60521,1573,Incentive,max,500000.0000,$
60522,1574,Incentive,,25.0000,%
60523,1574,Incentive,max,1500.0000,$
60524,1575,Incentive,,25.0000,%
60525,1575,Incentive,max,500000.0000,$
60526,6990,Incentive,max,500.0000,$/Unit
60527,6990,Incentive,min,250.0000,$/Unit
60528,434,Incentive,,55.0000,%
60529,434,Incentive,max,20.0000,Years
60530,434,System,min,10.0000,MW
60536,5233,Incentive,,0.9500,$/W
60537,5233,Incentive,max,5700.0000,$
60538,7807,Incentive,,1.2000,$/W
60539,7807,Incentive,max,7200.0000,$
60540,2502,Incentive,,500.0000,$
60541,2502,System,min,10.0000,"Square Feet"
60542,2503,Incentive,,1000.0000,$
60543,2503,System,max,20.0000,kW
60544,2503,System,min,1.0000,kW
60545,2504,Incentive,,3000.0000,$
60546,2504,System,min,1.0000,Tons
60549,8895,Incentive,min,350.0000,$
60550,8895,Incentive,max,1250.0000,$
60553,6951,Incentive,max,100.0000,"% of cost"
60556,6950,Incentive,,250.0000,$
60578,6778,Incentive,,75.0000,"% of cost"
60579,6778,Incentive,max,2500.0000,$/Unit
60580,6779,Incentive,max,300.0000,$/Unit
60581,6994,Incentive,,250.0000,$
60582,7638,Incentive,min,750.0000,$
60583,7638,System,,1500.0000,
60584,6621,Incentive,,100.0000,$
60585,6623,Incentive,,250.0000,$
60586,7601,Incentive,,0.2000,"$/square foot"
60587,7602,Incentive,,25.0000,$
60588,7603,Incentive,,350.0000,$
60589,7604,Incentive,,200.0000,$/ton
60590,7605,Incentive,min,500.0000,$
60591,7605,Incentive,max,750.0000,$
60592,7606,Incentive,min,750.0000,$
60593,7606,Incentive,max,1250.0000,$
60594,7607,Incentive,,250.0000,$
60595,7637,Incentive,,2000.0000,$
60596,8902,Incentive,,350.0000,$
60597,6932,Incentive,,200.0000,$
60598,8903,Incentive,,250.0000,$/Unit
60599,8904,Incentive,min,750.0000,$/Unit
60600,8904,Incentive,max,1500.0000,$/Unit
60601,6941,Incentive,,250.0000,$
60602,8905,Incentive,min,750.0000,$
60603,8905,Incentive,max,1500.0000,$
60604,6968,Incentive,,250.0000,$
60605,6969,Incentive,max,2000.0000,$
60610,8906,Incentive,,50.0000,$
60611,8907,Incentive,,300.0000,$
60612,8908,Incentive,max,375.0000,$
60613,8908,Incentive,min,125.0000,$
60614,1845,Incentive,,6.0000,%
60616,6903,Incentive,min,500.0000,$
60617,6903,Incentive,max,5000.0000,$
60618,6904,Incentive,max,10000.0000,$
60619,6904,Incentive,min,3000.0000,$
60620,6905,Incentive,max,10000.0000,$
60621,6905,Incentive,min,5000.0000,$
60622,505,Incentive,,5.0000,$/ton
60623,3473,Incentive,max,40000.0000,$
60624,3474,Incentive,,75.0000,$/Unit
60652,842,Incentive,max,225.0000,$/Unit
60653,7055,Incentive,max,1.5000,"$/square foot"
60654,7056,Incentive,max,600.0000,$
60655,699,Incentive,,250.0000,$/Unit
60656,700,Incentive,,350.0000,$/Unit
60657,701,Incentive,,100.0000,$
60658,5584,Incentive,,300.0000,$/Unit
60659,5585,Incentive,,250.0000,$
60660,8591,Incentive,max,16000.0000,$
60661,8587,Incentive,max,1.0000,$
60662,8588,Incentive,max,8.0000,$
60663,8589,Incentive,max,1.0000,$
60664,8590,Incentive,max,4.0000,$
60675,98,Incentive,max,1000.0000,$/Unit
60676,99,Incentive,max,4000.0000,$/Unit
60677,100,Incentive,max,25.0000,"$/square foot"
60678,101,Incentive,max,2.5000,"$/square foot"
60679,5040,Incentive,,100.0000,$/Unit
60680,5042,Incentive,max,700.0000,$
60681,6028,Incentive,,150.0000,$
60682,5153,Incentive,max,3600.0000,$
60683,6851,Incentive,,50.0000,"% of cost"
60684,6851,Incentive,max,5000.0000,$
60685,1679,Incentive,,0.2000,$/gallon
60686,1762,Incentive,,0.2000,$/gallon
60687,1659,Incentive,,25.0000,%
60688,1659,Incentive,max,5000.0000,$
60689,347,System,min,2.0000,MW
60690,347,Incentive,,75.0000,%
60691,347,Incentive,max,20.0000,Years
60692,346,System,min,2.0000,MW
60693,346,Incentive,,75.0000,%
60694,346,Incentive,max,20.0000,Years
60721,2076,Incentive,,7.2000,%
60722,6811,Incentive,max,75.0000,"% of cost"
60723,6811,Incentive,max,100000.0000,$
60724,6812,Incentive,max,50.0000,"% of cost"
60737,257,Incentive,max,70.0000,"% of cost"
60738,258,Incentive,,0.3000,$/kWh
60739,6029,Incentive,min,100.0000,$/ton
60740,6029,Incentive,max,1300.0000,$/ton
60741,7062,Incentive,min,800.0000,$
60742,7062,Incentive,max,2000.0000,$
60743,7063,Incentive,,9.0000,"$/square foot"
60744,7064,Incentive,min,0.8000,"$/square foot"
60745,7064,Incentive,max,1.9000,"$/square foot"
60748,8909,Incentive,min,0.4500,$/kWh
60749,8909,Incentive,max,0.6800,$/kWh
60750,6042,Incentive,min,150.0000,$/ton
60751,6042,Incentive,max,200.0000,$/ton
60752,6043,Incentive,,100.0000,$
60753,6044,Incentive,,100.0000,$
60754,6045,Incentive,,100.0000,$
60755,6046,Incentive,,150.0000,$
60756,6047,Incentive,,200.0000,$/ton
60757,7072,Incentive,,10.0000,"% of cost"
60758,7073,Incentive,,25.0000,$
60759,7073,Incentive,,50.0000,$
60760,7074,Incentive,,50.0000,"% of cost"
60761,7074,Incentive,,1000.0000,$
60762,1538,Incentive,min,250.0000,$/Unit
60763,1538,Incentive,max,3770.0000,$
60764,1539,Incentive,max,25000.0000,$
60765,7079,Incentive,max,30000.0000,$
60766,7080,Incentive,max,15000.0000,$
60767,7081,Incentive,,100.0000,$
60796,3300,Incentive,,80.0000,"% of cost"
60797,3300,Incentive,max,8000.0000,$
60798,3301,Incentive,,33.0000,"% of cost"
60799,3301,Incentive,max,6000.0000,$
60800,3302,Incentive,max,9000.0000,$
60801,3302,Incentive,min,3000.0000,$
60802,3304,Incentive,,33.0000,%
60803,3304,Incentive,max,3000.0000,$
60807,228,Incentive,,2.0000,$/W
60808,8293,Incentive,min,150.0000,$/kWh
60809,8293,Incentive,max,1000.0000,$/kWh
60810,8567,Incentive,max,8000.0000,$/Unit
60811,8568,Incentive,max,1750.0000,$/Unit
60814,8911,Incentive,,1250.0000,$
60815,8911,System,max,3.0000,Tons
60818,6850,Incentive,min,5000.0000,$
60819,6850,Incentive,max,450000.0000,$
60820,6767,Incentive,,100.0000,$
60821,6985,Incentive,,500.0000,$
60843,7809,Incentive,max,250.0000,$/kWh
60844,7810,Incentive,min,450.0000,$/kWh
60845,7810,Incentive,max,600.0000,$/kWh
60846,7811,Incentive,max,182.0000,$/kWh
60847,7811,Incentive,max,159.2500,$/kWh
60848,7811,Incentive,max,91.0000,$/kWh
60849,7812,Incentive,max,225.0000,$/kW
60850,7812,Incentive,max,130.0000,$/kW
60851,6783,System,max,5000.0000,kW-AC
60868,8912,Incentive,max,1000.0000,$
60869,8913,Incentive,,50.0000,"% of cost"
60870,8913,Incentive,max,20000.0000,$
60871,8913,Incentive,max,40000.0000,$
60872,8914,Incentive,,50.0000,"% of cost"
60873,8914,Incentive,,100.0000,"% of cost"
60874,8914,Incentive,max,150000.0000,$
60875,8914,Incentive,max,250000.0000,$
60882,8654,Incentive,max,1600.0000,$
60883,8655,Incentive,max,1750.0000,$
60884,8656,Incentive,max,1600.0000,$
60885,8657,Incentive,max,840.0000,$
60886,8657,Incentive,max,8000.0000,$
60887,8657,Incentive,max,8000.0000,$
60888,7802,Incentive,,750.0000,$
60889,7802,Incentive,,1500.0000,$
60890,7802,Incentive,,2250.0000,$
60891,7803,Incentive,,1500.0000,$
60892,7803,Incentive,,3000.0000,$
60893,7803,Incentive,,3500.0000,$
60894,7804,Incentive,,1500.0000,$
60895,7804,Incentive,,3000.0000,
60896,7804,Incentive,,3500.0000,$
60897,6838,Incentive,min,5500.0000,$
60898,6838,Incentive,max,100000.0000,$
60899,8915,Incentive,,45.0000,"% of cost"
60900,6837,Incentive,min,5500.0000,$
60901,6837,Incentive,max,100000.0000,$
60902,7477,Incentive,max,6000.0000,$
60903,7477,Incentive,,10.0000,"% of cost"
60904,7477,System,min,100.0000,W
60905,7478,System,min,15.0000,"Square Feet"
60906,7478,Incentive,,10.0000,"% of cost"
60907,7478,Incentive,max,6000.0000,$
60908,1917,Incentive,max,4000.0000,$
60912,1134,Incentive,,3.0000,%
60913,1134,Incentive,max,20000.0000,$
60914,1134,Incentive,max,5.0000,Years
60915,183,Incentive,min,1.0000,%
60916,183,Incentive,max,10.0000,"% of cost"
61061,1850,System,max,15.0000,kW-DC
61062,1850,Incentive,,0.3385,"$/kWh (15 years)"
61063,1851,System,min,16.0000,kW-DC
61064,1851,System,max,25.0000,kW-DC
61065,1851,Incentive,,0.3235,"$/kWh (20 years)"
61066,1852,System,min,26.0000,kW-DC
61067,1852,System,max,250.0000,kW-DC
61068,1852,Incentive,,0.3195,"$/kWh (20 years)"
61069,1853,System,min,251.0000,kW-DC
61070,1853,System,max,500.0000,kW-DC
61071,1853,Incentive,,0.2855,"$/kWh (20 years)"
61072,1854,System,min,501.0000,kW-DC
61073,1854,System,max,999.0000,kW-DC
61074,1854,Incentive,,0.2375,"$/kWh (20 years)"
61075,1855,System,max,5000.0000,kW-DC
61076,1855,Incentive,,0.1985,"$/kWh (20 years)"
61077,1855,Incentive,,0.2165,"$/kWh (20 years)"
61078,1858,System,max,5000.0000,kW
61079,1858,Incentive,,0.3335,"$/kWh (20 years)"
61080,1859,System,max,5000.0000,kW
61081,1859,Incentive,,0.1895,"$/kWh (20 years)"
61082,7505,System,min,1000.0000,kW-DC
61083,7505,System,max,4999.0000,kW-DC
61084,7505,Incentive,,0.1805,"$/kWh (20 years)"
61085,7506,System,min,5000.0000,kW-DC
61086,7506,System,max,39000.0000,kW-DC
61087,7506,Incentive,,0.1745,"$/kWh (20 years)"
61088,7507,System,min,251.0000,kW-DC
61089,7507,System,max,500.0000,kW-DC
61090,7507,Incentive,,0.3145,"$/kWh (20 years)"
61091,7508,System,min,501.0000,kW-DC
61092,7508,System,max,1000.0000,kW-DC
61093,7508,Incentive,,0.2665,"$/kWh (20 years)"
61094,8916,System,min,1000.0000,kW-AC
61095,8916,System,max,4999.0000,kW-DC
61096,8916,Incentive,,0.2075,"$/kWh (20 years)"
61097,8917,Incentive,max,20000.0000,$
61098,8917,Incentive,max,90.0000,"% of cost"
61099,184,Incentive,,0.6000,$/kWh
61100,184,Incentive,max,2000.0000,$
61101,7013,Incentive,max,100.0000,"% of cost"
61102,6839,Incentive,max,80.0000,"% of cost"
61103,193,Incentive,,100.0000,%
61104,6785,Incentive,min,5000.0000,$
61105,6785,Incentive,max,20000.0000,$
61114,1786,Incentive,max,750.0000,$
61121,2758,Incentive,max,2000.0000,$
61122,5821,Incentive,min,185.0000,$
61123,5821,Incentive,max,750.0000,$
61124,7772,Incentive,,250.0000,$/Unit
61125,7773,Incentive,max,1000.0000,$
61126,8918,Incentive,max,15000.0000,$
61129,7558,Incentive,,40.0000,"% of cost"
61130,7558,Incentive,max,65000.0000,$
61131,1913,System,max,500.0000,kW-AC
61132,1913,Incentive,max,0.2000,$/W
61133,1915,Incentive,max,120.0000,$/BTU
61134,1915,Incentive,min,70.0000,$/BTU
61135,1915,System,max,100.0000,kW-AC
61136,2042,Incentive,,40.0000,"% of cost"
61137,2042,Incentive,max,10000.0000,$
61138,1767,Incentive,max,50.0000,"% of cost"
61156,7629,Incentive,min,400.0000,$/Unit
61157,7629,Incentive,max,500.0000,$/Unit
61158,7630,Incentive,min,100.0000,$
61159,7630,Incentive,max,250.0000,$
61160,7631,Incentive,min,250.0000,$
61161,7631,Incentive,max,1650.0000,$
61162,7632,Incentive,min,1000.0000,$
61163,7632,Incentive,max,1400.0000,$
61164,7633,Incentive,min,0.5000,"$/square foot"
61165,7633,Incentive,max,1.5000,"$/square foot"
61166,7634,Incentive,,80.0000,$
61167,7635,Incentive,min,100.0000,$
61168,7635,Incentive,max,700.0000,$
61169,7636,Incentive,min,1.0000,"$/square foot"
61170,7636,Incentive,max,1.5000,"$/square foot"
61171,8919,Incentive,max,450.0000,$/kW
61172,8919,Incentive,max,5400.0000,$/Unit
61173,3675,Incentive,max,950.0000,$
61174,3676,Incentive,min,800.0000,$/Unit
61175,3676,Incentive,max,8000.0000,$
61176,3679,Incentive,max,1500.0000,$
61211,7409,Incentive,min,1.0000,"$/square foot"
61212,7409,Incentive,max,12.0000,"$/square foot"
61213,7643,Incentive,min,100.0000,$/Unit
61214,7643,Incentive,max,400.0000,$/Unit
61215,7644,Incentive,,70.0000,$/Unit
61216,7645,Incentive,min,1000.0000,$/Unit
61217,7645,Incentive,max,3000.0000,$/Unit
61218,7647,Incentive,min,100.0000,$/Unit
61219,7647,Incentive,max,250.0000,$/Unit
61220,7648,Incentive,min,100.0000,$/Unit
61221,7648,Incentive,max,250.0000,$/Unit
61222,7649,Incentive,min,0.2500,"$/square foot"
61223,7649,Incentive,max,1.9000,"$/square foot"
61224,7650,Incentive,,10.0000,"$/linear foot"
61225,7651,Incentive,,900.0000,$
61226,8920,Incentive,min,30.0000,$/fixture
61227,8920,Incentive,max,440.0000,$/fixture
61228,6835,Incentive,max,2500.0000,$
61229,7668,Incentive,max,7500.0000,$
61230,7668,System,,,
61231,501,Incentive,min,900.0000,$
61232,501,Incentive,max,1050.0000,$
61233,502,Incentive,min,0.1100,$/W-AC
61234,502,Incentive,max,0.1300,$/W-AC
61235,502,Incentive,max,13000.0000,$
61236,7652,Incentive,min,0.1100,$/W-AC
61237,7652,Incentive,max,0.1300,$/W-AC
61238,7652,Incentive,max,13000.0000,
61239,7653,Incentive,min,0.8000,$/W
61240,7653,Incentive,max,1.0000,$/W
61241,7653,Incentive,max,6000.0000,$
61242,8922,Incentive,min,700.0000,$/kWh
61243,8922,Incentive,max,900.0000,$/kWh
61244,8922,Incentive,max,10800.0000,$
61245,2092,Incentive,max,2000.0000,$
61246,7623,Incentive,,1000.0000,$/Unit
61247,7623,System,max,12.0000,kW
61248,8923,System,min,12.1000,kW
61249,8923,Incentive,,0.1200,"$/first year kWh savings"
61250,3681,Incentive,,50.0000,$/Unit
61251,3682,Incentive,,50.0000,$/Unit
61252,3684,Incentive,,500.0000,$/Unit
61253,3685,Incentive,,40.0000,$/Unit
61254,3686,Incentive,max,500.0000,$/Unit
61255,3687,Incentive,,30.0000,$/Unit
61256,7771,Incentive,,100.0000,$/Unit
61257,2204,Incentive,min,75.0000,$/ton
61258,2204,Incentive,max,200.0000,$/ton
61259,2205,Incentive,min,250.0000,$/Unit
61260,2205,Incentive,max,500.0000,$/Unit
61261,2206,Incentive,max,6.0000,$/Unit
61262,2208,Incentive,min,30.0000,$/Unit
61263,2208,Incentive,max,80.0000,$/Unit
61264,7084,Incentive,,250.0000,$
61265,7085,Incentive,,75.0000,$
61266,7086,Incentive,min,0.1200,"$/square foot"
61267,7086,Incentive,max,0.2500,"$/square foot"
61268,7087,Incentive,,0.5000,"$/linear foot"
61269,7088,Incentive,,250.0000,$
61270,7089,Incentive,,25.0000,$
61271,7090,Incentive,,75.0000,$
61272,8182,Incentive,max,100.0000,$/fixture
61273,8183,Incentive,,1875.0000,$
61274,8184,Incentive,min,300.0000,$
61275,8184,Incentive,max,1125.0000,$
61312,2083,Incentive,,90.0000,$/ton
61313,2083,Incentive,max,310.0000,$/ton
61314,2085,Incentive,,150.0000,$/horsepower
61315,7091,Incentive,min,0.2500,"$/square foot"
61316,7091,Incentive,max,0.3500,"$/square foot"
61317,7092,Incentive,,85.0000,$/Unit
61318,7093,Incentive,,0.6000,$/kWh
61319,7094,Incentive,,2500.0000,$
61320,7770,Incentive,,250.0000,$
61321,1749,Incentive,min,358.0000,$/kW
61322,1749,Incentive,min,0.1200,$/kWh
61323,1749,Incentive,max,420.0000,$
61324,1749,Incentive,max,0.1400,$/kWh
61325,7107,Incentive,min,250.0000,$/ton
61326,7107,Incentive,max,2000.0000,$/ton
61327,7108,Incentive,min,100.0000,$/ton
61328,7108,Incentive,max,1000.0000,$/ton
61329,7769,Incentive,,250.0000,$/Unit
61330,4343,Incentive,min,2500.0000,$/Unit
61331,4343,Incentive,max,3500.0000,$/Unit
61332,4344,Incentive,min,1200.0000,$/Unit
61333,4344,Incentive,max,5000.0000,$/Unit
61334,4345,Incentive,,0.2500,"$/first year kWh savings"
61335,4346,Incentive,,1.0000,"$/therm displaced"
61336,2751,Incentive,max,4000.0000,$
61337,5102,Incentive,max,15000.0000,$
61338,2752,Incentive,max,8000.0000,$
61339,8925,Incentive,max,1500.0000,$/Unit
61340,8926,Incentive,max,50.0000,"% of cost"
61341,8927,Incentive,min,500.0000,$/ton
61342,8927,Incentive,max,1000.0000,$/ton
61343,8928,Incentive,min,100.0000,$/Unit
61344,8928,Incentive,max,600.0000,$/Unit
61345,8929,Incentive,,0.2000,$/kWh
61346,8930,Incentive,,0.2000,$/kWh
61436,3947,Incentive,,100.0000,$/Unit
61437,3948,Incentive,,100.0000,$/Unit
61438,3949,Incentive,,50.0000,$/Unit
61439,3950,Incentive,,200.0000,$/Unit
61440,3951,Incentive,,200.0000,$/Unit
61441,3952,Incentive,,10.0000,$/Unit
61442,3953,Incentive,,300.0000,$/Unit
61443,3954,Incentive,,25.0000,$/Unit
61444,3955,Incentive,max,250.0000,$/ton
61445,3955,Incentive,,150.0000,$/ton
61446,3956,Incentive,,250.0000,$/Unit
61447,3957,Incentive,,150.0000,$/Unit
61448,6085,Incentive,,50.0000,$/Unit
61449,8932,Incentive,min,0.3000,"$/square foot"
61450,8932,Incentive,max,0.7500,"$/square foot"
61451,8933,Incentive,,3.0000,"$/square foot"
61452,8934,Incentive,min,100.0000,$/ton
61453,8934,Incentive,max,150.0000,$/ton
61454,8935,Incentive,min,500.0000,$
61455,8935,Incentive,max,750.0000,$
61456,8936,Incentive,min,1000.0000,$
61457,8936,Incentive,max,3500.0000,$
61480,8937,Incentive,,0.1500,"$/kWh (1 year)"
61481,8938,Incentive,,0.1500,"$/kWh (1 year)"
61482,8939,Incentive,min,75.0000,$/ton
61483,8939,Incentive,max,200.0000,$/ton
61484,8940,Incentive,min,100.0000,$/ton
61485,8940,Incentive,max,250.0000,$/ton
61486,8941,Incentive,min,75.0000,$/Unit
61487,8941,Incentive,max,250.0000,$/Unit
61488,8942,Incentive,,200.0000,$/Unit
61489,8943,Incentive,,3000.0000,$
61490,8944,Incentive,,4000.0000,$
61611,6781,System,max,6000.0000,
61612,6781,Incentive,,0.0300,$/kWh
61613,6781,Incentive,max,110.0000,$
61614,6782,System,min,6000.0000,
61615,6782,System,max,10000.0000,
61616,6782,Incentive,,0.0300,$/kWh
61617,6782,Incentive,max,158.0000,$
61618,8945,System,min,10000.0000,
61619,8945,System,max,26000.0000,
61620,8945,Incentive,,0.0300,$/kWh
61621,8945,Incentive,max,363.0000,
61622,8946,System,min,26000.0000,
61623,8946,Incentive,,0.0300,$/kWh
61624,8946,Incentive,max,2250.0000,$
61625,8947,System,max,6000.0000,
61626,8947,Incentive,,0.0300,$/kWh
61627,8947,Incentive,max,82.0000,$
61628,8948,System,min,6000.0000,
61629,8948,System,max,10000.0000,
61630,8948,Incentive,,0.0300,$/kWh
61631,8948,Incentive,max,118.0000,$
61632,8949,System,min,10000.0000,
61633,8949,System,max,26000.0000,
61634,8949,Incentive,,0.0300,$/kWh
61635,8949,Incentive,max,272.0000,$
61636,8950,System,min,26000.0000,
61637,8950,Incentive,,0.0300,$/kWh
61638,8950,Incentive,max,1687.0000,$
61639,8951,Incentive,,200.0000,$
61640,6821,Incentive,,100.0000,"% of cost"
61641,6821,Incentive,max,40000.0000,$/Unit
61642,6821,Incentive,max,80000.0000,$
61643,6822,Incentive,,80.0000,"% of cost"
61644,6822,Incentive,max,25000.0000,$/Unit
61645,6822,Incentive,max,50000.0000,$
61646,6823,Incentive,,60.0000,"% of cost"
61647,6823,Incentive,max,8000.0000,$/Unit
61648,6823,Incentive,max,16000.0000,$
61650,1823,Incentive,,100.0000,%
61655,2967,Incentive,,30.0000,%
61656,2967,Incentive,max,9000.0000,$
61657,2969,Incentive,,30.0000,%
61658,2969,Incentive,max,9000.0000,$
61659,1641,Incentive,min,5.0000,$/Unit
61660,1641,Incentive,max,180.0000,$/Unit
61661,1642,Incentive,min,70.0000,$/ton
61662,1642,Incentive,max,150.0000,$/ton
61663,1643,Incentive,,200.0000,$/Unit
61819,8952,Incentive,min,50.0000,$/Unit
61820,8952,Incentive,,150.0000,$/Unit
61821,8953,Incentive,min,200.0000,$/Unit
61822,8953,Incentive,max,4500.0000,$/Unit
61823,8954,Incentive,min,100.0000,$/Unit
61824,8954,Incentive,max,1000.0000,$/Unit
61825,8955,Incentive,min,40.0000,$/Unit
61826,8955,Incentive,max,200.0000,$/Unit
61827,8956,Incentive,min,50.0000,$/Unit
61828,8956,Incentive,max,150.0000,$/Unit
61829,8957,Incentive,,100.0000,$/Unit
61830,8958,Incentive,min,300.0000,$
61831,8958,Incentive,max,7000.0000,$
61832,8959,Incentive,min,0.1500,"$/square foot"
61833,8959,Incentive,max,0.2000,"$/square foot"
61834,8960,Incentive,,2.0000,"$/square foot"
61835,8961,Incentive,min,0.5000,"$/square foot"
61836,8961,Incentive,max,30.0000,"$/square foot"
61837,8962,Incentive,,10.0000,$/Unit
61838,8962,Incentive,,1000.0000,$/Unit
61839,8963,Incentive,min,70.0000,$/Unit
61840,8963,Incentive,,300.0000,$/Unit
61841,8964,Incentive,,0.0300,$/kWh
61842,8965,Incentive,min,0.5000,$
61843,8965,Incentive,max,30.0000,$
61892,8966,Incentive,,15.0000,$
61893,8967,Incentive,,35.0000,$
61894,8968,Incentive,max,750.0000,$
61895,8969,Incentive,,200.0000,$
61896,8970,Incentive,min,25.0000,$
61897,8970,System,,800.0000,$
61898,8971,Incentive,,85.0000,$
61899,8972,Incentive,,1400.0000,$
61900,8973,Incentive,max,1400.0000,$
61901,8974,Incentive,,1400.0000,$
61902,8975,Incentive,min,1800.0000,$
61903,8975,Incentive,max,3000.0000,$
61904,8976,Incentive,min,450.0000,$
61905,8976,Incentive,max,600.0000,$
61914,8977,Incentive,min,250.0000,$
61915,8977,Incentive,max,1100.0000,$
61916,8978,Incentive,,550.0000,$
61917,7744,Incentive,,250.0000,$/Unit
61918,7745,Incentive,,50.0000,$/Unit
61919,7746,Incentive,,50.0000,$
61920,7747,Incentive,min,150.0000,$/ton
61921,7747,Incentive,max,750.0000,$/ton
61922,7748,Incentive,,50.0000,$/Unit
61923,7749,Incentive,max,500.0000,$
61924,8234,Incentive,max,999999.9999,$
61930,6912,Incentive,max,25000.0000,$
61931,8979,Incentive,max,4500.0000,$
61935,8980,Incentive,min,500.0000,$/Unit
61936,8980,Incentive,max,2500.0000,$/Unit
61937,8981,Incentive,,500.0000,$/Unit
61972,8985,Incentive,,0.0000,%
61973,8985,Incentive,max,10.0000,Years
61990,8982,Incentive,min,1.9900,%
61991,8982,Incentive,max,3.9900,%
61992,8982,Incentive,min,1500.0000,$
61993,8982,Incentive,max,5000.0000,$
61994,8982,Incentive,max,5.0000,Years
61995,8983,Incentive,min,1.9900,%
61996,8983,Incentive,max,3.9900,%
61997,8983,Incentive,min,5001.0000,$
61998,8983,Incentive,max,10000.0000,$
61999,8983,Incentive,min,5.0000,Years
62000,8983,Incentive,max,10.0000,Years
62001,8984,Incentive,min,1.9900,%
62002,8984,Incentive,max,3.9900,%
62003,8984,Incentive,min,10001.0000,$
62004,8984,Incentive,max,20000.0000,$
62005,8984,Incentive,max,10.0000,Years
62006,6913,Incentive,max,500.0000,$
62007,6914,Incentive,max,1500.0000,$
62008,6915,Incentive,min,200.0000,$
62009,6915,Incentive,max,600.0000,$
62012,8986,Incentive,max,11400.0000,$/Unit
62013,8987,Incentive,,200.0000,$
62014,8988,Incentive,max,1000.0000,$/Unit
62015,8989,Incentive,max,5000.0000,$/Unit
62016,8990,Incentive,max,500.0000,$
62023,8991,Incentive,,1800.0000,$/Unit
62024,8991,Incentive,,2700.0000,$/Unit
62025,8992,Incentive,,600.0000,$/Unit
62026,8992,Incentive,,1000.0000,$/Unit
62027,8993,Incentive,min,15000.0000,$/Unit
62028,8993,Incentive,max,25000.0000,$/Unit
62029,6797,Incentive,,4000.0000,$/Unit
62030,6798,Incentive,,50.0000,"% of cost"
62031,6798,Incentive,max,42000.0000,$
62032,8994,Incentive,,3000.0000,$/Unit
62033,6792,Incentive,,150.0000,$
62040,8995,Incentive,,500.0000,$/Unit
62041,8996,Incentive,,200.0000,$/kWh
62042,8996,Incentive,,50.0000,"% of cost"
62046,6989,Incentive,,1000.0000,$
62047,6960,Incentive,max,500.0000,$
62048,6961,Incentive,max,250.0000,$
62049,8997,Incentive,max,1000.0000,$/Unit
62050,8998,Incentive,max,549.0000,$/Unit
62051,8999,Incentive,,500.0000,$/Unit
62052,8999,Incentive,max,1000.0000,$/Unit
62065,9000,Incentive,max,750.0000,$
62066,9001,Incentive,max,3000.0000,$
62067,8126,Incentive,max,999999.9999,$
62068,8139,Incentive,max,500000.0000,$
62069,7011,Incentive,,50.0000,$
62074,9003,Incentive,,50.0000,"% of cost"
62075,9003,Incentive,max,500.0000,$
62076,9004,Incentive,max,50.0000,"% of cost"
62077,9004,Incentive,,1000.0000,$/kW
62078,9006,Incentive,max,50.0000,"% of cost"
62079,9006,Incentive,max,7500.0000,$
62080,9007,Incentive,,15000.0000,$
62100,9012,Incentive,,90.0000,"% of cost"
62101,9012,Incentive,,100.0000,"% of cost"
62102,9012,Incentive,max,15000.0000,$
62103,9014,Incentive,,50.0000,"% of cost"
62104,9014,Incentive,,60.0000,"% of cost"
62105,9014,Incentive,,5000.0000,$
62106,9015,Incentive,,15000.0000,$
62107,9008,Incentive,,90.0000,"% of cost"
62108,9008,Incentive,,100.0000,"% of cost"
62109,9008,Incentive,max,15000.0000,$
62110,9009,Incentive,,50.0000,"% of cost"
62111,9009,Incentive,,50.0000,"% of cost"
62112,9009,Incentive,max,5000.0000,$
62113,9010,Incentive,max,15000.0000,$
62114,9016,Incentive,min,120.0000,$
62115,9016,Incentive,max,250.0000,$
62116,9017,Incentive,min,150.0000,$
62117,9017,Incentive,max,250.0000,$
62120,9019,Incentive,,50.0000,"% of cost"
62121,9019,Incentive,max,250.0000,$
62122,9020,Incentive,,250.0000,$
62123,9021,Incentive,,250.0000,$
62124,9022,Incentive,min,750.0000,$
62125,9022,Incentive,max,1500.0000,$
62130,9023,Incentive,max,1200.0000,$
62131,9023,Incentive,,50.0000,"% of cost"
62132,9024,Incentive,max,3000.0000,$
62133,9025,Incentive,max,5000.0000,$
62134,9026,Incentive,max,3000.0000,$/Unit
62135,9027,Incentive,,5000.0000,$/Unit
62136,6999,Incentive,,400.0000,$
62137,6996,Incentive,,500.0000,$
62138,6995,Incentive,min,250.0000,$
62139,6995,Incentive,max,500.0000,$
62148,9028,Incentive,,2500.0000,$/Unit
62149,9029,Incentive,,3500.0000,$/Unit
62150,9030,Incentive,,20000.0000,$/Unit
62151,9031,Incentive,,25000.0000,$/Unit
62152,9032,Incentive,,500.0000,$
62153,9033,Incentive,max,7500.0000,$
62154,9034,Incentive,,70000.0000,$
62155,9035,Incentive,,50.0000,"% of cost"
62156,9035,Incentive,max,20000.0000,$
62185,9036,Incentive,max,1500.0000,$
62186,9037,Incentive,max,1000.0000,$
62187,9038,Incentive,max,1000.0000,$
62188,9039,Incentive,max,4000.0000,$
62201,9040,Incentive,,50.0000,"% of cost"
62202,9041,Incentive,max,1000.0000,$
62203,9042,Incentive,max,7500.0000,$
62204,6920,Incentive,,500.0000,$
62215,6917,Incentive,min,2500.0000,$/Unit
62216,6917,Incentive,max,3500.0000,$/Unit
62217,9043,Incentive,min,7500.0000,$/Unit
62218,9043,Incentive,max,30000.0000,$/Unit
62219,9044,Incentive,,100.0000,$/kWh
62222,6916,Incentive,min,3000.0000,$
62223,6916,Incentive,max,6000.0000,$
62230,7678,Incentive,min,75.0000,$
62231,7678,Incentive,max,120.0000,$
62232,7679,Incentive,,100.0000,$
62237,4699,Incentive,,300.0000,$/Unit
62241,9045,Incentive,min,250.0000,$/ton
62242,9045,Incentive,max,400.0000,$/ton
62243,9046,Incentive,,300.0000,$
62244,9047,Incentive,min,15.0000,$
62245,9047,Incentive,max,60.0000,$
62246,4705,Incentive,,50.0000,"% of cost"
62247,4705,Incentive,max,7.0000,$/Unit
62248,4707,Incentive,,300.0000,$/Unit
62249,4708,Incentive,min,15.0000,$/Unit
62250,4708,Incentive,max,60.0000,$/Unit
62256,7671,Incentive,max,75.0000,$/Unit
62257,9048,Incentive,max,25.0000,$/Unit
62258,9049,Incentive,,250.0000,$/Unit
62259,9050,Incentive,,250.0000,$/Unit
62260,9051,Incentive,,250.0000,$/Unit
62326,2278,Incentive,max,600.0000,$
62327,2279,Incentive,max,800.0000,$
62336,9063,Incentive,,500.0000,$/kWh
62337,9064,Incentive,,5000.0000,$/Unit
62338,9065,Incentive,max,2.0000,$/W
62339,17,Incentive,,50.0000,$
62340,18,Incentive,min,150.0000,$/Unit
62341,19,Incentive,max,300.0000,$
62342,19,Incentive,min,0.1250,"$/square foot"
62343,19,Incentive,max,0.4000,"$/square foot"
62344,20,Incentive,min,300.0000,$
62345,20,Incentive,max,550.0000,$
62346,4967,Incentive,,450.0000,$/Unit
62347,4968,Incentive,min,550.0000,$/Unit
62348,4968,Incentive,max,675.0000,$/Unit
62349,4969,Incentive,min,100.0000,$/Unit
62350,4969,Incentive,max,150.0000,$/Unit
62351,4970,Incentive,,500.0000,$/Unit
62352,6816,Incentive,max,100000.0000,$
62353,8136,Incentive,max,999999.9999,$
62354,8113,Incentive,max,25000.0000,$
62355,8113,Incentive,,80.0000,"% of cost"
62364,7952,Incentive,,0.3600,$/W-AC
62365,7952,Incentive,max,3600.0000,$
62366,7953,Incentive,,400.0000,$/kWh
62367,7953,Incentive,max,5400.0000,$
62369,9066,Incentive,max,10000.0000,$
62370,2401,Incentive,,450.0000,$/Unit
62371,3046,Incentive,max,5000.0000,$
62372,3046,Incentive,,0.1000,"$/square foot"
62373,6607,Incentive,,0.4000,"$/square foot"
62374,6608,Incentive,,50.0000,$/horsepower
62375,9067,Incentive,,0.1200,$/W-AC
62376,9068,Incentive,min,10.0000,$
62377,9068,Incentive,max,20.0000,$
62378,9069,Incentive,min,25.0000,$/ton
62379,9069,Incentive,max,50.0000,$/ton
62380,9070,Incentive,,50.0000,$/Unit
62381,9071,Incentive,min,50.0000,$/Unit
62382,9071,Incentive,max,75.0000,$/Unit
62383,9072,Incentive,min,30.0000,$/Unit
62384,9072,Incentive,max,250.0000,$/Unit
62385,9073,Incentive,,0.0500,$/kWh
62386,9074,Incentive,,50.0000,$/ton
62387,9075,Incentive,max,1000.0000,$
62388,1806,Incentive,max,10000.0000,$
62389,9076,Incentive,max,3000.0000,$
62390,3166,Incentive,,100.0000,$/Unit
62391,3169,Incentive,max,700.0000,$/Unit
62392,3171,Incentive,max,350.0000,$
62393,3171,Incentive,min,100.0000,$
62394,3172,Incentive,max,750.0000,$
62395,3172,Incentive,min,100.0000,$
62396,3173,Incentive,,40.0000,$
62397,5846,Incentive,,200.0000,$
62398,5847,Incentive,max,450.0000,$
62399,5848,Incentive,,450.0000,$
62417,9086,Incentive,max,350.0000,$
62418,9087,Incentive,min,200.0000,$
62419,9087,Incentive,max,500.0000,$
62420,9088,Incentive,min,50.0000,$/Unit
62421,9088,Incentive,max,100.0000,$/Unit
62422,9089,Incentive,,400.0000,$
62423,9090,Incentive,,350.0000,$/Unit
62424,9090,Incentive,,450.0000,$/Unit
62425,9091,Incentive,,200.0000,$/Unit
62426,9091,Incentive,,300.0000,$/Unit
62427,9092,Incentive,,50.0000,$
62428,9093,Incentive,max,25.0000,$
62429,9093,Incentive,min,10.0000,$
62430,9094,Incentive,min,5.0000,$/Unit
62431,9094,Incentive,max,60.0000,$/Unit
62432,9095,Incentive,min,300.0000,$/Unit
62433,9095,Incentive,max,700.0000,$/Unit
62434,9096,Incentive,min,15.0000,$
62435,9096,Incentive,max,525.0000,$
62436,9097,Incentive,min,75.0000,$/Unit
62437,9097,Incentive,max,525.0000,$/Unit
62438,9098,Incentive,,150.0000,$/horsepower
62439,9099,Incentive,,25.0000,$
62440,9100,Incentive,,25.0000,$
62441,6515,Incentive,min,10.0000,$/Unit
62442,6515,Incentive,max,25.0000,$/Unit
62443,6516,Incentive,min,25.0000,$/Unit
62444,6516,Incentive,max,1500.0000,$/Unit
62445,6517,Incentive,min,20.0000,$/ton
62446,6517,Incentive,max,50.0000,$/ton
62447,6518,Incentive,min,2.0000,$/ton
62448,6518,Incentive,max,5.0000,$/ton
62449,6519,Incentive,max,50.0000,"% of cost"
62480,9101,Incentive,min,25.0000,$
62481,9101,Incentive,max,50.0000,$
62482,9102,Incentive,,25.0000,$
62483,9103,Incentive,,25.0000,$
62484,9104,Incentive,,25.0000,$
62485,9105,Incentive,,25.0000,$
62486,9106,Incentive,min,0.5000,$/Unit
62487,9106,Incentive,max,5.0000,$/Unit
62488,9107,Incentive,min,150.0000,$/Unit
62489,9107,Incentive,max,300.0000,$/Unit
62490,9108,Incentive,,200.0000,$/ton
62491,9109,Incentive,,400.0000,$/ton
62492,9110,Incentive,,400.0000,$
62493,9111,Incentive,max,500.0000,$
62494,9112,Incentive,max,500.0000,$
62495,9113,Incentive,,100.0000,$
62510,9114,Incentive,,100.0000,"% of cost"
62511,9115,Incentive,,75.0000,"% of cost"
62512,9116,Incentive,min,100.0000,$
62513,9116,Incentive,max,1500.0000,$
62514,9117,Incentive,max,1500.0000,$
62515,9118,Incentive,max,450.0000,$
62516,9119,Incentive,max,500.0000,$
62517,9119,Incentive,min,100.0000,$
62518,9120,Incentive,,500.0000,$
62519,9121,Incentive,min,25.0000,$/Unit
62520,9121,Incentive,max,85.0000,$/Unit
62521,9122,Incentive,min,1000.0000,$
62522,9122,Incentive,max,10000.0000,$
62523,9123,Incentive,,350.0000,$
62524,9123,Incentive,,450.0000,$
62525,9124,Incentive,min,25.0000,$/Unit
62526,9124,Incentive,max,85.0000,$/Unit
62527,9125,Incentive,,200.0000,$/Unit
62528,9125,Incentive,min,1.0000,$/MBTUh
62529,9125,Incentive,max,2.0000,$/MBTUh
62530,9126,Incentive,,1.0000,$/MBTUh
62531,9127,Incentive,,50.0000,$/Unit
62532,9127,Incentive,,1000.0000,$/Unit
62533,6434,Incentive,,250.0000,$/ton
62534,6434,Incentive,,175.0000,$/ton
62535,6435,Incentive,,200.0000,$/ton
62536,7047,Incentive,,5000.0000,$
62537,4804,Incentive,max,2400.0000,$
62538,4804,Incentive,min,1500.0000,$
62539,4805,Incentive,min,250.0000,$
62540,4805,Incentive,max,2400.0000,$
62541,4807,Incentive,max,125.0000,$
62542,4807,Incentive,min,75.0000,$
62543,4810,Incentive,min,0.2000,"$/square foot"
62544,4810,Incentive,max,2.5000,"$/square foot"
62545,4825,Incentive,max,1250.0000,$
62546,4826,Incentive,max,100.0000,$
62547,4826,Incentive,max,1500.0000,$
62548,4827,Incentive,min,75.0000,$
62549,4827,Incentive,max,175.0000,$
62550,6061,Incentive,min,400.0000,$
62551,6061,Incentive,max,,
62574,9130,Incentive,,100.0000,$
62575,9131,Incentive,,500.0000,$
62594,9132,Incentive,,500.0000,$
62595,9133,Incentive,,50.0000,$
62596,9134,Incentive,,50.0000,$
62597,9135,Incentive,,50.0000,$
62598,9136,Incentive,,50.0000,$
62599,9137,Incentive,,25.0000,$
62600,9138,Incentive,,50.0000,"% of cost"
62601,9138,Incentive,max,125.0000,$
62602,9139,Incentive,,50.0000,"% of cost"
62603,9139,Incentive,max,1500.0000,$
62604,9140,Incentive,,50.0000,$/Unit
62605,9140,Incentive,max,500.0000,$/Unit
62606,9141,Incentive,min,500.0000,$/ton
62607,9141,Incentive,max,750.0000,$/ton
62608,9141,Incentive,max,7500.0000,$
62609,9142,Incentive,min,200.0000,$
62610,9142,Incentive,max,650.0000,$
62611,9143,Incentive,,100.0000,$/kWh
62612,4050,Incentive,max,2500.0000,$
62613,4050,Incentive,min,300.0000,$
62614,9144,Incentive,min,2500.0000,$
62615,9144,Incentive,max,5000.0000,$
62637,7738,Incentive,,250.0000,$
62638,7739,Incentive,min,200.0000,$/ton
62639,7739,Incentive,max,750.0000,$/ton
62640,7740,Incentive,min,150.0000,$/ton
62641,7740,Incentive,max,500.0000,$/ton
62642,7742,Incentive,max,750.0000,$
62643,9145,Incentive,max,500.0000,$
62672,6842,Incentive,min,50.0000,"% of cost"
62673,6842,Incentive,max,100.0000,"% of cost"
62674,7720,Incentive,max,500.0000,$
62675,7721,Incentive,min,200.0000,$
62676,7721,Incentive,max,500.0000,$
62677,8181,Incentive,,75.0000,"% of cost"
62678,8181,Incentive,max,5000.0000,$
62679,8185,Incentive,,75.0000,"% of cost"
62680,8185,Incentive,max,4000.0000,$
62681,8186,Incentive,,75.0000,"% of cost"
62682,8186,Incentive,max,9500.0000,$
62698,7715,Incentive,min,500.0000,$/Unit
62699,7715,Incentive,max,1500.0000,$/Unit
62700,7716,Incentive,,800.0000,$/Unit
62701,7717,Incentive,,750.0000,$/ton
62702,7719,Incentive,,50.0000,$
62703,8230,Incentive,,25.0000,"% of cost"
62704,8230,Incentive,max,2500.0000,$
62705,8231,Incentive,,25.0000,"% of cost"
62706,8231,Incentive,max,5000.0000,$
62737,7706,Incentive,,50.0000,"% of cost"
62738,7706,Incentive,max,750.0000,$
62739,7708,Incentive,min,300.0000,$/ton
62740,7708,Incentive,max,500.0000,$/ton
62741,7709,Incentive,min,150.0000,$/ton
62742,7709,Incentive,max,750.0000,$/ton
62743,7710,Incentive,,50.0000,$/Unit
62744,7711,Incentive,,250.0000,$
62745,7711,Incentive,,50.0000,"% of cost"
62746,9147,Incentive,,50.0000,"% of cost"
62747,9147,Incentive,max,500.0000,$
62748,9148,Incentive,max,30000.0000,$
62757,6855,Incentive,max,2000.0000,$
62768,7700,Incentive,min,50.0000,$
62769,7700,Incentive,max,750.0000,$
62770,7701,Incentive,,150.0000,$/ton
62771,7702,Incentive,,50.0000,$/Unit
62772,7703,Incentive,,50.0000,$/Unit
62773,7704,Incentive,max,250.0000,$
62774,7705,Incentive,,50.0000,$/horsepower
62775,9149,Incentive,min,400.0000,$/ton
62776,9149,Incentive,max,750.0000,$/ton
62777,9150,Incentive,max,250.0000,$
62781,7698,Incentive,min,800.0000,$/ton
62782,7698,Incentive,max,1200.0000,$/ton
62783,7699,Incentive,,1200.0000,$/ton
62784,7781,Incentive,max,5000.0000,$
62785,6814,Incentive,min,2500.0000,$
62786,6814,Incentive,max,5000.0000,$
62787,6815,Incentive,min,1500.0000,$
62788,6815,Incentive,max,3000.0000,$
62789,7696,Incentive,min,150.0000,$/Unit
62790,7696,Incentive,max,250.0000,$/Unit
62791,7696,Incentive,,1000.0000,$/MBTUh
62792,7697,Incentive,min,250.0000,$
62793,7697,Incentive,max,1000.0000,$
62801,5362,Incentive,min,500.0000,$/Unit
62802,5362,Incentive,max,600.0000,$/Unit
62803,5363,Incentive,,100.0000,$/Unit
62804,5364,Incentive,min,25.0000,$/Unit
62805,5364,Incentive,max,100.0000,$/Unit
62806,6520,Incentive,min,250.0000,$/Unit
62807,6520,Incentive,max,350.0000,$/Unit
62816,7794,Incentive,max,2500.0000,$
62817,7794,Incentive,max,25.0000,"% of cost"
62818,7795,Incentive,max,5000.0000,$
62819,7795,Incentive,max,25.0000,"% of cost"
62820,2041,Incentive,max,25000.0000,$
62821,8111,Incentive,max,9000.0000,$
62822,8112,Incentive,max,5000.0000,$
62823,8116,Incentive,min,1000.0000,$
62824,8116,Incentive,max,20000.0000,$
62825,8116,Incentive,max,8.0000,Years
62826,8116,Incentive,,1.0000,%
62827,9151,Incentive,min,1000.0000,$
62828,9151,Incentive,max,20000.0000,$
62829,9151,Incentive,max,10.0000,Years
62830,9151,Incentive,,1.0000,%
62831,9152,Incentive,min,1000.0000,$
62832,9152,Incentive,max,20000.0000,$
62833,9152,Incentive,max,20000.0000,$
62834,9152,Incentive,max,5.0000,Years
62835,9152,Incentive,,1.0000,%
62836,9153,Incentive,min,1000.0000,$
62837,9153,Incentive,max,20000.0000,$
62838,9153,Incentive,max,10.0000,Years
62839,9153,Incentive,,1.0000,%
62840,9154,Incentive,min,1000.0000,$
62841,9154,Incentive,max,5000.0000,$
62842,9154,Incentive,max,5.0000,Years
62843,9154,Incentive,,1.0000,%
62844,9155,Incentive,min,5000.0000,$
62845,9155,Incentive,max,20000.0000,$
62846,9155,Incentive,max,10.0000,Years
62847,9155,Incentive,,1.0000,%
62848,9156,Incentive,min,1000.0000,$
62849,9156,Incentive,max,20000.0000,$
62850,9156,Incentive,max,5.0000,Years
62851,9156,Incentive,,1.0000,%
62852,9157,Incentive,min,1000.0000,$
62853,9157,Incentive,max,20000.0000,$
62854,9157,Incentive,max,10.0000,Years
62855,9157,Incentive,,1.0000,%
62856,2173,Incentive,max,100.0000,"% of cost"
62857,2173,Incentive,min,250000.0000,$
62858,2173,Incentive,max,10.0000,Years
62865,7686,Incentive,,60.0000,$
62866,7687,Incentive,max,500.0000,$
62867,7687,Incentive,min,60.0000,
62868,7688,Incentive,min,1.0000,"$/square foot"
62869,7688,Incentive,max,1.5000,"$/square foot"
62870,7689,Incentive,min,600.0000,$
62871,7689,Incentive,max,3000.0000,$
62872,9158,Incentive,,400.0000,$
62873,9159,Incentive,min,250.0000,$
62874,9159,Incentive,max,450.0000,$
62875,9160,Incentive,max,1500.0000,$
62876,9161,Incentive,max,1000.0000,$
62877,9162,Incentive,max,1000.0000,$
62878,8140,Incentive,max,500000.0000,$
62883,9163,Incentive,min,500.0000,$
62884,9163,Incentive,max,3000.0000,$
62885,9163,Incentive,max,3.0000,Years
62886,9163,Incentive,,0.0000,%
62887,9164,Incentive,min,300.0000,$
62888,9164,Incentive,max,5000.0000,$
62889,9164,Incentive,max,3.0000,Years
62890,9164,Incentive,,0.0000,%
62909,3390,Incentive,,125.0000,$/Unit
62910,3391,Incentive,min,200.0000,$/Unit
62911,3391,Incentive,max,300.0000,$/Unit
62912,3392,Incentive,max,50.0000,%
62913,3392,Incentive,max,5000.0000,$
62914,3393,Incentive,,50.0000,$/Unit
62915,9165,Incentive,,200.0000,$
62926,3841,Incentive,max,30000.0000,$
62927,3843,Incentive,max,750.0000,$/ton
62928,3843,Incentive,min,150.0000,$/ton
62929,3844,Incentive,max,500.0000,$/ton
62930,3844,Incentive,min,150.0000,$/ton
62931,7048,Incentive,,50.0000,"% of cost"
62932,7048,Incentive,max,250.0000,$
62933,7051,Incentive,max,50.0000,$
62934,9166,Incentive,,100.0000,%
62935,6048,Incentive,,300.0000,$
62936,2152,Incentive,min,700.0000,$/Unit
62937,2152,Incentive,max,800.0000,$
62938,2153,Incentive,max,800.0000,$
62939,2153,Incentive,min,600.0000,$/Unit
62940,2154,Incentive,,300.0000,$/Unit
62941,2155,Incentive,,500.0000,$/Unit
62942,9167,Incentive,min,25.0000,$
62943,9167,Incentive,max,700.0000,$
62944,9168,Incentive,,50.0000,$
62945,9169,Incentive,,25.0000,$
62946,9170,Incentive,max,40.0000,$
62947,9171,Incentive,,50.0000,$
62948,9172,Incentive,,400.0000,$
62949,9173,Incentive,,300.0000,$
62950,9174,Incentive,,50.0000,$
62959,9175,Incentive,min,2.5000,$/Unit
62960,9175,Incentive,max,225.0000,$/Unit
62961,9176,Incentive,,20.0000,$
62962,9177,Incentive,,75.0000,$/horsepower
62963,9178,Incentive,min,65.0000,$/ton
62964,9178,Incentive,max,70.0000,$/ton
62965,9179,Incentive,min,0.2500,$/Unit
62966,9179,Incentive,max,200.0000,$/Unit
62967,9180,Incentive,,40.0000,$
62968,9181,Incentive,,600.0000,$
62969,9182,Incentive,min,500.0000,$
62970,9182,Incentive,max,1000.0000,$
62971,9183,Incentive,min,100.0000,$
62972,9183,Incentive,,125.0000,$
62989,3791,Incentive,max,250.0000,$
62990,8174,Incentive,max,110.0000,$
62991,8175,Incentive,,100.0000,$
62992,8176,Incentive,,100.0000,$
62993,8177,Incentive,max,100.0000,$
62994,8178,Incentive,max,400.0000,$
62995,8179,Incentive,,400.0000,$
62996,8180,Incentive,min,350.0000,$
62997,8180,Incentive,max,450.0000,$
63004,9185,Incentive,max,1000.0000,$
63005,9186,Incentive,,500.0000,$
63006,9187,Incentive,min,800.0000,$
63007,9187,Incentive,max,6000.0000,$
63008,9188,Incentive,,900.0000,$
63009,9189,Incentive,max,1000.0000,$
63010,364,Incentive,,500.0000,$/Unit
63011,9190,Incentive,min,600.0000,$
63012,9190,Incentive,max,800.0000,$
63013,9191,Incentive,min,550.0000,$
63014,9191,Incentive,max,1500.0000,$
63015,9192,Incentive,,500.0000,$
63016,9193,Incentive,min,0.5000,"$/square foot"
63017,9193,Incentive,max,0.8000,"$/square foot"
63022,3894,Incentive,min,1.0000,$/Unit
63023,3894,Incentive,max,100.0000,$/Unit
63024,6757,Incentive,min,70.0000,$
63025,6757,Incentive,max,100.0000,$
63026,1341,Incentive,,200.0000,$
63039,3296,Incentive,min,325.0000,$/Unit
63040,3296,Incentive,max,425.0000,$/Unit
63041,3297,Incentive,max,1000.0000,$
63042,6756,Incentive,min,115.0000,$/Unit
63043,6756,Incentive,max,300.0000,$/Unit
63044,7682,Incentive,max,200.0000,$
63104,9195,Incentive,min,200.0000,$
63105,9195,Incentive,max,3000.0000,$
63106,9196,Incentive,min,425.0000,$
63107,9196,Incentive,max,3500.0000,$
63108,9197,Incentive,min,150.0000,$
63109,9197,Incentive,max,2000.0000,$
63110,9198,Incentive,min,375.0000,$
63111,9198,Incentive,max,420.0000,$
63112,9199,Incentive,min,100.0000,$
63113,9199,Incentive,max,1000.0000,$
63114,9200,Incentive,,50.0000,$
63128,1441,Incentive,min,250.0000,$/Unit
63129,1441,Incentive,max,2000.0000,$/Unit
63130,1442,Incentive,min,250.0000,$
63131,1442,Incentive,max,1800.0000,$
63132,1443,Incentive,,800.0000,$/Unit
63133,7681,Incentive,,75.0000,$
63134,9201,Incentive,,,
63135,3422,Incentive,,50.0000,$/Unit
63136,3423,Incentive,,25.0000,$/Unit
63137,3424,Incentive,,25.0000,$/Unit
63138,3425,Incentive,,75.0000,$/Unit
63139,6039,Incentive,,25.0000,$/Unit
63140,6040,Incentive,,100.0000,$/Unit
63141,6041,Incentive,min,25.0000,$/Unit
63142,6041,Incentive,min,50.0000,$/Unit
63155,9202,Incentive,max,33.0000,$
63156,9203,Incentive,,110.0000,$
63157,9204,Incentive,,165.0000,$
63158,9205,Incentive,,80.0000,$
63159,9206,Incentive,,200.0000,$
63160,9207,Incentive,min,80.0000,$
63161,9207,Incentive,max,165.0000,$
63162,9208,Incentive,,50.0000,$
63163,9209,Incentive,,300.0000,$
63164,9210,Incentive,max,400.0000,$
63165,9211,Incentive,min,80.0000,$
63166,9211,Incentive,max,200.0000,$
63225,9215,Incentive,min,200.0000,$
63226,9215,Incentive,max,1200.0000,$
63227,9216,Incentive,,800.0000,$
63228,9217,Incentive,min,0.1200,"$/square foot"
63229,9217,Incentive,max,2.0000,"$/square foot"
63230,9218,Incentive,min,0.2100,"$/square foot"
63231,9218,Incentive,max,1.2900,"$/square foot"
63232,9219,Incentive,,2.0000,"$/square foot"
63233,9220,Incentive,min,6.0000,"$/square foot"
63234,9220,Incentive,max,12.0000,"$/square foot"
63235,9221,Incentive,,40.0000,$
63236,9222,Incentive,min,800.0000,$
63237,9222,Incentive,max,900.0000,$
63238,9223,Incentive,,300.0000,$
63255,9224,Incentive,,800.0000,$
63256,9225,Incentive,min,200.0000,$
63257,9225,Incentive,max,250.0000,$
63258,9226,Incentive,,1000.0000,$
63259,9227,Incentive,min,200.0000,$
63260,9227,Incentive,max,1200.0000,$
63261,9228,Incentive,min,0.5000,"$/square foot"
63262,9228,Incentive,max,2.0000,"$/square foot"
63263,9229,Incentive,,0.8500,"$/square foot"
63264,9230,Incentive,,2.0000,"$/square foot"
63265,9231,Incentive,min,700.0000,$
63266,9231,Incentive,max,900.0000,$
63267,9232,Incentive,,30.0000,$
63268,9233,Incentive,,50.0000,$
63269,9234,Incentive,min,1200.0000,$
63270,9234,Incentive,max,1400.0000,$
63271,9235,Incentive,min,40.0000,$/Unit
63272,9235,Incentive,max,500.0000,$/Unit
63273,9236,Incentive,min,200.0000,$
63274,9236,Incentive,max,250.0000,$
63275,9237,Incentive,max,40.0000,$
63276,9238,Incentive,max,15000.0000,$
63277,9239,Incentive,min,300.0000,$
63278,9239,Incentive,max,450.0000,$
63279,9240,Incentive,min,100.0000,$
63280,9240,Incentive,max,1000.0000,$
63283,6854,Incentive,min,1000.0000,$/Unit
63284,6854,Incentive,max,4000.0000,$/Unit
63285,9241,Incentive,min,2.0000,$
63286,9241,Incentive,,620.0000,$
63287,9242,Incentive,min,150.0000,$/ton
63288,9242,Incentive,max,700.0000,$/ton
63289,9243,Incentive,,150.0000,$
63290,9244,Incentive,min,0.2500,"$/square foot"
63291,9244,Incentive,max,0.6000,"$/square foot"
63292,9245,Incentive,,9.0000,"$/square foot"
63293,9246,Incentive,min,800.0000,$
63294,9246,Incentive,max,1100.0000,$
63295,9247,Incentive,max,50.0000,"% of cost"
63296,9248,Incentive,max,50.0000,"% of cost"
63297,9249,Incentive,max,50.0000,"% of cost"
63298,9250,Incentive,max,0.1800,$/kWh
63299,9250,Incentive,max,50.0000,"% of cost"
63302,6742,Incentive,min,5.2500,$/ton
63303,6742,Incentive,max,7.5000,$/ton
63304,6743,Incentive,,70.0000,$/horsepower
63305,6744,Incentive,min,30.0000,$/horsepower
63306,6744,Incentive,max,70.0000,$/horsepower
63307,6747,Incentive,,0.5000,"$/square foot"
63308,6748,Incentive,,0.0200,$/kWh
63309,6748,Incentive,max,75.0000,"% of cost"
63310,6749,Incentive,,0.0200,$/kWh
63311,6749,Incentive,max,75.0000,"% of cost"
63312,6750,Incentive,min,20.0000,$/Unit
63313,6750,Incentive,max,195.0000,$/Unit
63314,6751,Incentive,min,0.1000,"$/square foot"
63315,6751,Incentive,max,0.3000,"$/square foot"
63316,6752,Incentive,min,2.2500,$/Unit
63317,6752,Incentive,max,50.0000,$/Unit
63318,6753,Incentive,min,200.0000,$/Unit
63319,6753,Incentive,max,250.0000,$/Unit
63341,9251,Incentive,,20.0000,$/ton
63342,9252,Incentive,min,100.0000,$
63343,9252,Incentive,max,200.0000,$
63344,9253,Incentive,min,50.0000,$/Unit
63345,9253,Incentive,max,2000.0000,$/Unit
63346,9254,Incentive,min,100.0000,$/Unit
63347,9254,Incentive,max,250.0000,$/Unit
63348,9255,Incentive,min,100.0000,$/Unit
63349,9255,Incentive,max,250.0000,$/Unit
63350,9256,Incentive,,80.0000,$/ton
63351,9257,Incentive,,250.0000,$/ton
63352,9258,Incentive,,80.0000,$
63353,9259,Incentive,,50.0000,$
63354,9260,Incentive,min,5.0000,$/Unit
63355,9260,Incentive,max,200.0000,$/Unit
63364,876,Incentive,,30.0000,%
63365,198,Incentive,,0.0275,"$/kWh (10 years)"
63366,8433,Incentive,,0.0150,"$/kWh (10 years)"
63391,9268,Incentive,,150.0000,$/Unit
63392,9269,Incentive,min,150.0000,$/ton
63393,9269,Incentive,max,700.0000,$/ton
63394,9270,Incentive,,1000.0000,$/ton
63395,9271,Incentive,min,100.0000,$/ton
63396,9271,Incentive,max,600.0000,$/ton
63397,9272,Incentive,min,0.5000,"$/square foot"
63398,9272,Incentive,max,2.5000,"$/square foot"
63399,9273,Incentive,min,3.0000,$
63400,9273,Incentive,max,9.0000,$
63401,9274,Incentive,min,9.0000,$
63402,9274,Incentive,max,200.0000,$
63410,9275,Incentive,min,0.7500,$
63411,9275,Incentive,max,7.5000,$
63412,9276,Incentive,,0.4000,"$/square foot"
63413,9277,Incentive,,0.5000,"$/square foot"
63414,9278,Incentive,,1.5000,"$/square foot"
63415,9279,Incentive,min,40.0000,$/Unit
63416,9279,Incentive,max,100.0000,$/Unit
63419,9280,Incentive,,75.0000,$
63420,9281,Incentive,,300.0000,$
63421,5074,Incentive,min,5000.0000,$
63422,5074,Incentive,max,250000.0000,$
63423,5075,Incentive,min,5000.0000,$
63424,5075,Incentive,max,999999.9999,$
63425,6788,Incentive,,1000.0000,$
63426,7619,Incentive,,2500.0000,$
63427,6786,Incentive,,70.0000,"% of cost"
63428,6786,Incentive,max,3000.0000,$
63429,6787,Incentive,,90.0000,"% of cost"
63430,6787,Incentive,max,3000.0000,$
63431,7620,Incentive,,75.0000,"% of cost"
63432,7620,Incentive,max,4000.0000,$
63433,6857,Incentive,max,4000.0000,$
63434,6824,Incentive,max,3000.0000,$
63435,6825,Incentive,max,4000.0000,$
63436,7034,Incentive,min,15000.0000,$
63437,7034,Incentive,max,175000.0000,$
63438,6827,Incentive,max,70.0000,"% of cost"
63439,6827,Incentive,max,4000.0000,$
63440,2393,Incentive,,0.7000,$/W
63441,2393,Incentive,max,6000.0000,$
63442,2394,Incentive,,0.7500,$/W
63443,2394,Incentive,max,35000.0000,$
63444,2395,Incentive,,1.0000,"$/first year kWh savings"
63445,2395,Incentive,max,5000.0000,$
63446,2396,Incentive,,800.0000,$/ton
63447,2396,Incentive,max,5000.0000,$
63448,4356,Incentive,,0.7000,$/W
63449,4356,Incentive,max,30000.0000,$
63450,4357,Incentive,,0.8500,$/W
63451,4357,System,max,5.0000,kW
63452,4357,Incentive,,0.2500,$/W
63453,4357,System,max,50.0000,kW
63454,4357,Incentive,max,15000.0000,$
63455,7060,Incentive,,2.0000,"$/first year kWh savings"
63456,7060,Incentive,max,10000.0000,$
63457,7574,Incentive,,1.0000,"$/first year kWh savings"
63458,7574,Incentive,max,10000.0000,$
63459,6877,Incentive,,50.0000,"% of cost"
63460,6877,Incentive,max,700.0000,$
63461,6878,Incentive,,50.0000,"% of cost"
63462,6878,Incentive,max,5000.0000,$
63465,9282,Incentive,,500.0000,$/Unit
63466,9283,Incentive,max,0.6000,$
63467,9284,Incentive,,2.0000,"$/square foot"
63468,9285,Incentive,,100.0000,$/ton
63469,9286,Incentive,,1500.0000,$/Unit
63470,9287,Incentive,,200.0000,$/Unit
63471,3691,Incentive,,150.0000,$/Unit
63472,3692,Incentive,min,300.0000,$/Unit
63473,3692,Incentive,max,400.0000,$/Unit
63474,7230,Incentive,,500.0000,$/Unit
63475,9288,Incentive,max,200.0000,$
63476,5922,Incentive,,400.0000,$/Unit
63477,57,Incentive,,150.0000,$/Unit
63478,58,Incentive,min,100.0000,$/ton
63479,58,Incentive,max,400.0000,$
63481,4,Incentive,,30.0000,"% of cost"
63482,6970,Incentive,min,3750.0000,$
63483,6970,Incentive,max,7500.0000,$
63486,7480,Incentive,,30.0000,"% of cost"
63487,7480,Incentive,max,4000.0000,$
63494,3695,Incentive,,350.0000,$/Unit
63495,3696,Incentive,min,35.0000,$/Unit
63496,3696,Incentive,max,50.0000,$/Unit
63497,3697,Incentive,,250.0000,$/Unit
63498,3698,Incentive,,25.0000,$/Unit
63499,5923,Incentive,,300.0000,$/Unit
63507,3261,Incentive,,250.0000,$/Unit
63518,3140,Incentive,max,300.0000,$/Unit
63519,3141,Incentive,max,250.0000,$/Unit
63520,3142,Incentive,,50.0000,$/Unit
63521,3688,Incentive,min,175.0000,$/Unit
63522,3688,Incentive,max,225.0000,$/Unit
63523,3689,Incentive,min,150.0000,$/Unit
63524,3689,Incentive,max,200.0000,$/Unit
63525,3690,Incentive,,50.0000,$/Unit
63561,9289,Incentive,min,0.1000,"$/square foot"
63562,9289,Incentive,max,0.3000,"$/square foot"
63563,9290,Incentive,,25.0000,$/Unit
63564,9291,Incentive,min,25.0000,$/ton
63565,9291,Incentive,max,100.0000,$/ton
63566,9292,Incentive,min,40.0000,$/ton
63567,9292,Incentive,max,80.0000,$/ton
63568,9293,Incentive,,0.0500,"$/square foot"
63569,9294,Incentive,min,60.0000,$
63570,9294,Incentive,max,120.0000,$
63571,9295,Incentive,min,125.0000,$/horsepower
63572,9295,Incentive,max,250.0000,$/horsepower
63573,9296,Incentive,,200.0000,$/Unit
63574,9297,Incentive,min,100.0000,$/Unit
63575,9297,Incentive,max,300.0000,$/Unit
63576,9298,Incentive,,0.2000,$/kWh
63592,4245,Incentive,,0.3000,"$/first year kWh savings"
63593,4245,Incentive,,540.0000,$/kW
63594,4245,Incentive,max,75.0000,"% of cost"
63595,7148,Incentive,min,0.5500,$/Unit
63596,7148,Incentive,max,10.0000,$/Unit
63608,7149,Incentive,min,0.0400,"$/first year kWh savings"
63609,7149,Incentive,max,0.2600,"$/first year kWh savings"
63610,7150,Incentive,,0.0500,"$/square foot"
63611,7151,Incentive,min,0.4000,"$/square foot"
63612,7151,Incentive,max,0.5500,"$/square foot"
63613,7152,Incentive,,200.0000,$/Unit
63614,7153,Incentive,,2000.0000,$/Unit
63615,9299,Incentive,min,10.0000,$
63616,9299,Incentive,max,200.0000,$
63617,9300,Incentive,min,5.0000,$
63618,9300,Incentive,max,800.0000,$
63619,7242,Incentive,,2.5000,"$/square foot"
63620,4239,Incentive,max,0.2000,"$/first year kWh savings"
63621,4239,Incentive,max,70.0000,"% of cost"
63622,4242,Incentive,max,0.1800,"$/first year kWh savings"
63623,4242,Incentive,max,70.0000,"% of cost"
63636,9301,Incentive,min,40.0000,$/ton
63637,9301,Incentive,max,50.0000,$/ton
63638,9302,Incentive,min,1600.0000,$
63639,9302,Incentive,max,3500.0000,$
63640,9303,Incentive,,50.0000,$/ton
63641,9304,Incentive,,0.0300,$/kWh
63642,9305,Incentive,min,50.0000,$
63643,9305,Incentive,max,500.0000,$
63644,9306,Incentive,min,75.0000,$
63645,9306,Incentive,max,4000.0000,$
63646,9307,Incentive,min,1000.0000,$
63647,9307,Incentive,max,2000.0000,$
63650,9308,Incentive,min,0.1000,$/kWh
63651,9308,Incentive,max,0.2200,$/kWh
63652,9309,Incentive,min,0.1400,$/kWh
63653,9309,Incentive,max,0.2200,$/kWh
63654,9310,Incentive,min,75.0000,$/ton
63655,9310,Incentive,max,200.0000,$/ton
63656,9311,Incentive,min,100.0000,$/Unit
63657,9311,Incentive,max,250.0000,$/Unit
63658,9312,Incentive,min,100.0000,$/Unit
63659,9312,Incentive,max,1700.0000,$/Unit
63660,9313,Incentive,min,200.0000,$/Unit
63661,9313,Incentive,max,400.0000,$/Unit
63662,9314,Incentive,,250.0000,$/Unit
63663,9315,Incentive,,250.0000,$/Unit
63667,4317,Incentive,,400.0000,$/kW
63668,4317,Incentive,max,50000.0000,$
63717,676,Incentive,min,5000.0000,$/Unit
63718,676,Incentive,max,30000.0000,$
63719,9321,Incentive,min,3.0000,$/Unit
63720,9321,Incentive,max,250.0000,$/Unit
63721,9322,Incentive,min,20.0000,$/Unit
63722,9322,Incentive,max,30.0000,$/Unit
63723,9323,Incentive,min,20.0000,$/ton
63724,9323,Incentive,max,60.0000,$/ton
63725,9324,Incentive,min,60.0000,$/ton
63726,9324,Incentive,max,75.0000,$/ton
63727,9325,Incentive,,100.0000,$/ton
63728,9326,Incentive,min,80.0000,$/ton
63729,9326,Incentive,max,500.0000,$/ton
63730,9327,Incentive,min,500.0000,$/ton
63731,9327,Incentive,max,750.0000,$/ton
63732,9328,Incentive,min,40.0000,$/Unit
63733,9328,Incentive,max,100.0000,$/Unit
63734,9329,Incentive,min,5.0000,$
63735,9329,Incentive,max,150.0000,$
63736,9330,Incentive,,750.0000,$/Unit
63737,9331,Incentive,,75.0000,$/Unit
63738,9332,Incentive,,100.0000,$
63739,9333,Incentive,min,10.0000,$
63740,9333,Incentive,max,150.0000,$
63741,9334,Incentive,min,50.0000,$
63742,9334,Incentive,max,600.0000,$
63743,9335,Incentive,,2500.0000,$/Unit
63744,9336,Incentive,min,0.0500,"$/kWh (1 year)"
63745,9336,Incentive,max,0.1000,"$/kWh (1 year)"
63775,9337,Incentive,,500.0000,$
63776,9338,Incentive,min,250.0000,$
63777,9338,Incentive,max,1800.0000,$
63778,9339,Incentive,,800.0000,$
63779,9340,Incentive,min,250.0000,$
63780,9340,Incentive,max,2000.0000,$
63781,9341,Incentive,,75.0000,$
63782,9316,Incentive,min,75.0000,$/ton
63783,9316,Incentive,max,400.0000,$/ton
63784,9317,Incentive,min,0.0800,$/kWh
63785,9317,Incentive,max,0.1000,$/kWh
63786,9318,Incentive,max,3500.0000,$
63787,9319,Incentive,min,100.0000,$/ton
63788,9319,Incentive,max,400.0000,$/ton
63789,9320,Incentive,,0.1500,$/kWh
63805,3898,Incentive,,25.0000,$/Unit
63806,3901,Incentive,,75.0000,$/Unit
63807,3903,Incentive,,75.0000,$/Unit
63808,3904,Incentive,,0.1500,"$/square foot"
63809,3905,Incentive,,400.0000,$/Unit
63810,9342,Incentive,max,1500.0000,$
63811,9343,Incentive,min,1000.0000,$
63812,9343,Incentive,max,4000.0000,$
63813,9344,Incentive,min,200.0000,$
63814,9344,Incentive,max,500.0000,$
63821,154,Incentive,max,75.0000,"% of cost"
63822,154,Incentive,max,100000.0000,$
63823,154,Incentive,max,10.0000,Years
63832,3879,Incentive,,50.0000,$/Unit
63833,3880,Incentive,,50.0000,$/Unit
63834,3883,Incentive,,1.0000,"$/square foot"
63835,3884,Incentive,,20.0000,$/Unit
63836,3884,Incentive,max,3.0000,
63837,3885,Incentive,,300.0000,$/Unit
63838,6089,Incentive,,50.0000,$/Unit
63839,6089,Incentive,max,2.0000,
63840,1231,Incentive,,200.0000,$/Unit
63841,1232,Incentive,,150.0000,$/Unit
63842,1233,Incentive,min,20.0000,$/Unit
63843,1233,Incentive,max,25.0000,$/Unit
63844,1234,Incentive,max,400.0000,$
63885,9345,Incentive,,200.0000,$
63886,9346,Incentive,min,0.3000,$/MBTUh
63887,9346,Incentive,max,1.2500,$/MBTUh
63888,9347,Incentive,,1.0000,$/MBTUh
63889,9348,Incentive,,25.0000,$
63890,9349,Incentive,min,25.0000,$/Unit
63891,9349,Incentive,max,200.0000,$/Unit
63892,9350,Incentive,min,2.0000,"$/linear foot"
63893,9350,Incentive,max,4.0000,"$/linear foot"
63894,9351,Incentive,,100.0000,$
63895,9352,Incentive,,50.0000,$/horsepower
63896,9353,Incentive,min,25.0000,$
63897,9353,Incentive,max,1000.0000,$
63898,9354,Incentive,min,50.0000,$
63899,9354,Incentive,max,150.0000,$
63900,9355,Incentive,min,0.1000,$/MBTUh
63901,9355,Incentive,max,0.5000,$/MBTUh
63902,9356,Incentive,max,2.5000,"$/square foot"
63903,9357,Incentive,,2.0000,"$/square foot"
63904,9357,Incentive,max,500.0000,$
63908,9358,Incentive,,125.0000,$/horsepower
63909,9359,Incentive,,200.0000,$/horsepower
63910,9360,Incentive,,0.0800,$/kWh
63916,9361,Incentive,max,2000.0000,$
63917,9362,Incentive,max,1800.0000,$
63918,9363,Incentive,min,100.0000,$/Unit
63919,9363,Incentive,max,800.0000,$/Unit
63920,9364,Incentive,,75.0000,$
63981,9365,Incentive,min,12.0000,$/Unit
63982,9365,Incentive,max,100.0000,$/Unit
63983,9366,Incentive,min,0.1000,$/W
63984,9366,Incentive,max,0.5000,$/W
63985,9367,Incentive,min,0.2500,"$/square foot"
63986,9367,Incentive,max,0.7000,"$/square foot"
63987,9368,Incentive,min,20.0000,$/Unit
63988,9368,Incentive,max,210.0000,$/Unit
63989,9369,Incentive,min,20.0000,$/Unit
63990,9369,Incentive,max,50.0000,$/Unit
63991,9370,Incentive,,100.0000,$
63992,9371,Incentive,,250.0000,$/Unit
63993,9372,Incentive,min,5.0000,$/ton
63994,9372,Incentive,max,10.0000,$/ton
63995,9373,Incentive,min,30.0000,$/ton
63996,9373,Incentive,max,200.0000,$/ton
63997,9374,Incentive,,100.0000,$/Unit
63998,9375,Incentive,,20.0000,$/ton
63999,9376,Incentive,min,10.0000,$/horsepower
64000,9376,Incentive,max,220.0000,$/horsepower
64009,5178,Incentive,min,5.0000,$/lamp
64010,5178,Incentive,max,55.0000,$/lamp
64011,5179,Incentive,min,5.0000,$/Unit
64012,5179,Incentive,max,55.0000,$/Unit
64013,9377,Incentive,max,20.0000,Years
64014,9377,Incentive,min,5.5000,%
64015,9377,Incentive,max,7.5000,%
64016,9378,Incentive,min,50000.0000,$
64017,9378,Incentive,max,999999.9999,$
64018,9378,Incentive,max,2.0000,Years
64019,9379,Incentive,min,500.0000,$
64020,9379,Incentive,max,999999.9999,$
64021,9379,Incentive,max,5.0000,Years
64069,9386,Incentive,min,0.2000,$/W
64070,9386,Incentive,max,0.7500,$/W
64071,9387,Incentive,min,0.2000,$/W
64072,9387,Incentive,max,1.5000,$/W
64073,9388,Incentive,min,30.0000,$/Unit
64074,9388,Incentive,max,70.0000,$/Unit
64075,9389,Incentive,min,50.0000,$/Unit
64076,9389,Incentive,max,100.0000,$/Unit
64077,9390,Incentive,,0.1000,"$/square foot"
64078,9391,Incentive,min,30.0000,$/Unit
64079,9391,Incentive,max,1000.0000,$/Unit
64080,9392,Incentive,,0.1000,"$/square foot"
64081,9393,Incentive,,0.1000,"$/square foot"
64082,9394,Incentive,,0.4000,"$/square foot"
64083,9395,Incentive,,300.0000,$/Unit
64084,9396,Incentive,,1.5000,$/MBTUh
64085,9397,Incentive,,2.5000,$/MBTUh
64099,9398,Incentive,,125.0000,$/Unit
64100,9399,Incentive,min,800.0000,$/Unit
64101,9399,Incentive,max,1150.0000,$/Unit
64102,9400,Incentive,,50.0000,$
64103,9401,Incentive,,50.0000,$/Unit
64104,9402,Incentive,,50.0000,$/Unit
64105,9403,Incentive,,50.0000,$
64106,9404,Incentive,,25.0000,$
64107,9405,Incentive,,275.0000,$/Unit
64108,9406,Incentive,,50.0000,$/Unit
64109,9407,Incentive,,50.0000,$/Unit
64110,9408,Incentive,,50.0000,$
64111,9409,Incentive,,25.0000,$/Unit
64112,1172,Incentive,,100.0000,%
64121,9410,Incentive,min,2000.0000,$
64122,9410,Incentive,max,5000.0000,$
64123,9411,Incentive,max,25.0000,$
64124,9412,Incentive,,75.0000,$
64125,9413,Incentive,min,80.0000,$
64126,9413,Incentive,max,1500.0000,$
64127,9414,Incentive,min,120.0000,$
64128,9414,Incentive,max,500.0000,$
64168,9415,Incentive,min,0.5000,$/MBTUh
64169,9415,Incentive,max,9.0000,$/MBTUh
64170,9416,Incentive,,3000.0000,$/Unit
64171,9417,Incentive,min,2.0000,"$/linear foot"
64172,9417,Incentive,max,4.0000,"$/linear foot"
64173,9418,Incentive,min,8.0000,$/Unit
64174,9418,Incentive,max,32.0000,$/Unit
64175,9419,Incentive,,100.0000,$/Unit
64176,9420,Incentive,min,0.4500,$/MBTUh
64177,9420,Incentive,max,15.0000,$/MBTUh
64178,9421,Incentive,min,100.0000,$/Unit
64179,9421,Incentive,max,2000.0000,$/Unit
64180,9422,Incentive,,120.0000,$
64193,7113,Incentive,max,20.0000,"% of cost"
64194,7114,Incentive,,600.0000,$
64195,7115,Incentive,,400.0000,$/Unit
64208,4163,Incentive,,0.0819,$/kWh
64209,7118,Incentive,,165.0000,$/kW
64210,7118,Incentive,,0.0100,$/kWh
64211,7119,Incentive,,250.0000,$/kW
64212,7119,Incentive,,0.0200,$/kWh
64213,7120,Incentive,,275.0000,$/kW
64214,7120,Incentive,,0.0200,$/kWh
64215,7121,Incentive,,250.0000,$/kW
64216,7121,Incentive,,0.0200,$/kWh
64217,7122,Incentive,,165.0000,$/kW
64218,7122,Incentive,,0.0200,$/kWh
64219,7112,Incentive,min,800.0000,$
64220,7112,Incentive,max,1000.0000,$
64221,1740,Incentive,,110.0000,$/kW
64222,1740,Incentive,,0.0300,$/kWh
64223,1741,Incentive,,180.0000,$/kW
64224,1741,Incentive,,0.0500,$/kWh
64225,1742,Incentive,min,275.0000,$/kW
64226,1742,Incentive,max,325.0000,$/kW
64227,1742,Incentive,,0.0900,$/kWh
64228,1743,Incentive,min,180.0000,$/kW
64229,1743,Incentive,max,200.0000,$/kW
64230,1743,Incentive,max,0.0700,$/kWh
64231,1743,Incentive,min,0.0600,$/kWh
64232,1745,Incentive,,180.0000,$/kW
64233,1745,Incentive,,0.0600,$/kWh
64234,1746,Incentive,,240.0000,$/kW
64235,1746,Incentive,,0.0900,$/kWh
64236,1747,Incentive,,200.0000,$/kW
64237,1747,Incentive,,0.0700,$/kWh
64238,7105,Incentive,,220.0000,$/kW
64239,7105,Incentive,,0.0600,$/kWh
64240,7106,Incentive,,200.0000,$/kW
64241,7106,Incentive,,0.0200,$/kWh
64242,2238,Incentive,min,10.0000,"% of cost"
64243,2238,Incentive,max,25.0000,"% of cost"
64244,5219,Incentive,min,10.0000,"% of cost"
64245,5219,Incentive,max,20.0000,"% of cost"
64246,5219,Incentive,max,30000.0000,$
64247,2376,Incentive,,150.0000,$/kW
64248,2377,Incentive,,200.0000,$/kW
64249,7110,Incentive,min,10.0000,$/Unit
64250,7110,Incentive,max,20.0000,$/Unit
64251,2373,Incentive,,150.0000,$/kW
64252,2374,Incentive,,200.0000,$/kW
64253,6104,Incentive,,200.0000,$/kW
64254,7111,Incentive,min,10.0000,$/Unit
64255,7111,Incentive,max,20.0000,$/Unit
64280,2379,Incentive,min,100.0000,$/Unit
64281,2379,Incentive,max,350.0000,$/Unit
64282,7109,Incentive,min,75.0000,$/Unit
64283,7109,Incentive,max,1225.0000,$/Unit
64333,9424,Incentive,,150.0000,$/kW
64334,9425,Incentive,,150.0000,$/kW
64335,9426,Incentive,,150.0000,$/kW
64336,9427,Incentive,,200.0000,$/kW
64337,9428,Incentive,,200.0000,$/kW
64338,9429,Incentive,,150.0000,$/kW
64339,9430,Incentive,,150.0000,$/kW
64340,9431,Incentive,,150.0000,$/kW
64431,9432,Incentive,min,120.0000,$/ton
64432,9432,Incentive,max,300.0000,$/ton
64433,9433,Incentive,min,50.0000,$
64434,9433,Incentive,max,150.0000,$
64435,9434,Incentive,min,300.0000,$/ton
64436,9434,Incentive,max,1000.0000,$/ton
64437,9435,Incentive,min,150.0000,$/ton
64438,9435,Incentive,max,700.0000,$/ton
64439,9436,Incentive,min,100.0000,$/ton
64440,9436,Incentive,max,600.0000,$/ton
64441,9437,Incentive,min,0.8000,"$/square foot"
64442,9437,Incentive,max,1.1000,"$/square foot"
64443,9438,Incentive,min,1.7500,"$/square foot"
64444,9438,Incentive,max,1.9000,"$/square foot"
64445,9439,Incentive,min,3.0000,"$/square foot"
64446,9439,Incentive,max,9.0000,"$/square foot"
64447,9440,Incentive,min,800.0000,$
64448,9440,Incentive,max,2000.0000,$
64456,9441,Incentive,,2000.0000,$
64457,9442,Incentive,max,100.0000,$
64458,9443,Incentive,max,1000.0000,$
64459,9444,Incentive,max,900.0000,$
64460,9445,Incentive,max,750.0000,$
64461,9446,Incentive,max,400.0000,$
64462,9447,Incentive,max,200.0000,$
64475,9448,Incentive,,1.0000,$/W
64476,9449,Incentive,min,45.0000,$/ton
64477,9449,Incentive,max,65.0000,$/ton
64478,9450,Incentive,min,55.0000,$/ton
64479,9450,Incentive,max,85.0000,$/ton
64480,9451,Incentive,,55.0000,$/Unit
64481,9452,Incentive,min,25.0000,$/ton
64482,9452,Incentive,max,45.0000,$/ton
64483,9453,Incentive,min,121.0000,$/Unit
64484,9453,Incentive,max,220.0000,$/Unit
64485,9454,Incentive,min,50.0000,$/Unit
64486,9454,Incentive,max,2490.0000,$/Unit
64494,9455,Incentive,,1500.0000,$
64495,9456,Incentive,max,3500.0000,$
64496,9457,Incentive,,50.0000,$
64497,9458,Incentive,,100.0000,$
64498,9459,Incentive,,400.0000,$
64499,9460,Incentive,,100.0000,$
64500,9461,Incentive,,250.0000,$
64515,9462,Incentive,min,0.1600,$/kWh
64516,9462,Incentive,max,0.2200,$/kWh
64517,9463,Incentive,,0.2200,$/kWh
64518,9464,Incentive,min,350.0000,$/Unit
64519,9464,Incentive,max,3000.0000,$/Unit
64520,9465,Incentive,min,220.0000,$/Unit
64521,9465,Incentive,max,3000.0000,$/Unit
64529,342,Incentive,,25.0000,"% of cost"
64530,342,Incentive,max,2000.0000,$
64531,343,System,max,660.0000,kW
64532,343,Incentive,,10.0000,"% of cost"
64533,343,Incentive,max,50000.0000,$
64534,344,System,min,660.0000,kW
64535,344,Incentive,,0.0035,"$/kWh (4 years)"
64536,4536,System,max,2.0000,MW
64537,4536,Incentive,,10.0000,"% of cost"
64538,4536,Incentive,max,50000.0000,$
64539,7600,System,max,5600.0000,
64540,7600,Incentive,,0.1200,$/Unit
64655,9480,Incentive,min,250.0000,$
64656,9480,Incentive,max,500.0000,$
64657,9481,Incentive,,400.0000,$
64658,9482,Incentive,min,50.0000,$
64659,9482,Incentive,max,100.0000,$
64660,9483,Incentive,,0.0800,"$/kWh (1 year)"
64661,1664,Incentive,min,50.0000,$/Unit
64662,1664,Incentive,max,200.0000,$/Unit
64663,1665,Incentive,min,50.0000,$/Unit
64664,1665,Incentive,max,1150.0000,$
64665,7123,Incentive,max,85.0000,$/Unit
64666,7123,Incentive,min,25.0000,$/Unit
64667,7124,Incentive,max,26000.0000,$
64668,7124,Incentive,min,0.2500,$/W
64669,7124,Incentive,max,0.5000,$/W
64670,7125,Incentive,,0.5000,$/W
64671,7125,Incentive,max,3000.0000,$
64672,9484,Incentive,min,150.0000,$
64673,9484,Incentive,max,600.0000,$
64674,9485,Incentive,min,750.0000,$
64675,9485,Incentive,max,1000.0000,$
64676,9486,Incentive,max,1000.0000,$
64677,9487,Incentive,max,1000.0000,$
64678,9488,Incentive,,0.7500,"$/square foot"
64679,9489,Incentive,,0.7000,"$/square foot"
64680,9490,Incentive,,0.7000,"$/square foot"
64681,9491,Incentive,,3.5000,"$/square foot"
64682,9492,Incentive,,200.0000,$/ton
64683,9492,Incentive,,800.0000,$/ton
64684,9493,Incentive,min,350.0000,$
64685,9493,Incentive,max,600.0000,$
64686,1480,Incentive,,25.0000,"% of cost"
64687,1480,Incentive,max,2000.0000,$
64688,1481,System,max,660.0000,kW
64689,1481,Incentive,,10.0000,"% of cost"
64690,1481,Incentive,max,50000.0000,$
64691,1482,System,min,660.0000,kW
64692,1482,Incentive,,0.0035,"$/kWh (4 years)"
64693,4538,System,max,2.0000,MW
64694,4538,Incentive,,10.0000,"% of cost"
64695,4538,Incentive,max,50000.0000,$
64696,7585,Incentive,,1600.0000,$
64697,7586,Incentive,max,5600.0000,
64698,7586,Incentive,,0.1200,$/Unit
64705,9494,Incentive,max,5.0000,Years
64722,9495,Incentive,min,0.1150,$/kWh
64723,9495,Incentive,max,0.1450,$/kWh
64724,9495,System,min,30.0000,kW
64725,9495,System,max,3.0000,MW
64742,9496,Incentive,min,0.0200,$/kWh
64743,9496,Incentive,max,0.1000,$/kWh
64744,9497,Incentive,max,5000.0000,$
64745,9498,Incentive,max,25000.0000,$
64746,9499,System,max,480.0000,kW-DC
64747,9499,Incentive,max,15000.0000,$
64748,9499,Incentive,,0.1500,$/W
64749,9500,Incentive,,1.0000,$/W
64750,9500,Incentive,max,50.0000,"% of cost"
64751,9500,Incentive,max,8000.0000,$
64752,9501,Incentive,min,30.0000,"% of cost"
64753,9501,Incentive,max,90.0000,"% of cost"
64754,9502,Incentive,max,100.0000,"% of cost"
64756,9503,Incentive,max,25.0000,"% of cost"
64757,9504,Incentive,min,20000.0000,$
64758,9504,Incentive,max,80000.0000,$
64762,9507,Incentive,max,350000.0000,$
64763,9508,Incentive,max,250000.0000,$
64764,9509,Incentive,max,100.0000,"% of cost"
64766,9510,Incentive,max,70.0000,"% of cost"
64769,9512,Incentive,max,100.0000,"% of cost"
64772,9513,Incentive,max,500000.0000,$
64776,2371,Incentive,max,1.5000,$/kWh
64777,9517,System,max,200.0000,kW-AC
64778,9517,Incentive,,0.0800,$/kWh
64779,9518,System,max,400.0000,kW-AC
64780,9518,Incentive,,0.0800,$/kWh
64781,9519,System,min,200.0000,kW-AC
64782,9519,System,max,999.0000,kW-AC
64783,9519,Incentive,,0.0600,$/kWh
64784,9520,System,min,400.0000,kW-AC
64785,9520,System,max,999.0000,kW-AC
64786,9520,Incentive,,0.0600,$/kWh
64787,9521,Incentive,,0.7000,$/W-DC
64788,9522,System,max,100.0000,kW-AC
64789,9522,Incentive,,0.6000,$/W-DC
64790,9523,Incentive,,0.0050,$/kWh
64791,9523,Incentive,,0.3750,$/kWh
64795,1774,Incentive,,25.0000,"% of cost"
64797,9525,Incentive,max,150000.0000,$
64799,9527,Incentive,max,15000.0000,$
64800,9528,Incentive,,1.0000,$/W
64801,9528,System,max,3000.0000,W
64802,9529,Incentive,min,0.1500,$/W
64803,9529,Incentive,max,0.6000,$/W
64808,9532,Incentive,,500.0000,$
64809,9533,Incentive,,1000.0000,$
64810,9534,Incentive,,1000.0000,$
64811,9535,Incentive,,2000.0000,$
64812,9536,Incentive,max,750.0000,$
64813,9537,Incentive,,50.0000,$
64814,9538,Incentive,,120.0000,$/kW
64815,9538,Incentive,,0.0300,$/kWh
64816,9539,Incentive,,175.0000,$/kW
64817,9539,Incentive,,0.0400,$/kWh
64818,9540,Incentive,,195.0000,$/kW
64819,9540,Incentive,,0.0500,$/kWh
64820,9541,Incentive,,201.0000,$/kW
64821,9541,Incentive,,0.0500,$/kWh
64822,9542,Incentive,,155.0000,$/kW
64823,9542,Incentive,,0.0400,$/kWh
64824,9543,Incentive,,155.0000,$/kW
64825,9543,Incentive,,0.0400,$/kWh
64826,9544,Incentive,,170.0000,$/kW
64827,9544,Incentive,,0.0500,$/kWh
64828,9545,Incentive,,185.0000,$/kW
64829,9545,Incentive,,0.0400,$/kWh
64830,9546,Incentive,,700.0000,$/kW
64831,9547,Incentive,,690.0000,$
64832,9548,Incentive,,575.0000,$
64833,9549,Incentive,,550.0000,$
64893,9572,Incentive,,0.7000,$/W
64894,9573,Incentive,max,10000.0000,$
64895,9574,Incentive,max,2000.0000,$
64896,9575,Incentive,max,50.0000,"% of cost"
64929,9587,Incentive,,25.0000,"% of cost"
64930,9587,Incentive,max,500.0000,$
64931,9588,Incentive,,25.0000,"% of cost"
64932,9588,Incentive,max,2500.0000,$
64933,9589,Incentive,,25.0000,"% of cost"
64934,9589,Incentive,max,500.0000,$
64935,9590,Incentive,min,0.2500,$/W-DC
64936,9590,Incentive,max,0.5000,$/W-DC
64937,9590,Incentive,max,40.0000,"% of cost"
64938,9590,Incentive,max,5000.0000,$
64939,9591,Incentive,,1.8000,$/W-DC
64940,9591,Incentive,max,60.0000,"% of cost"
64941,9591,Incentive,max,5000.0000,$
64942,9592,Incentive,,300.0000,$/kWh
64943,9592,Incentive,max,40.0000,"% of cost"
64944,9592,Incentive,max,2500.0000,$
64945,9593,Incentive,,300.0000,$/kWh
64946,9593,Incentive,max,60.0000,"% of cost"
64947,9593,Incentive,,2500.0000,$
64953,9595,Incentive,max,13000.0000,$
64954,9596,Incentive,max,14250.0000,$
64979,484,Incentive,,0.1000,$/W-DC
64980,484,Incentive,max,300.0000,$
64981,484,System,max,3.0000,kW
64982,7234,Incentive,,0.1000,$/W-DC
64983,7234,Incentive,max,1000.0000,$
64984,7234,System,max,10.0000,kW
64985,9601,Incentive,,0.1000,$/W-DC
64986,9601,Incentive,max,300.0000,$
64987,9601,System,max,3.0000,kW
64988,9602,Incentive,,0.1000,$/W-DC
64989,9602,Incentive,,1000.0000,$
64990,9602,System,max,10.0000,kW
64994,7808,Incentive,,0.0800,"$/kWh (1 year)"
64995,7808,Incentive,max,500000.0000,$
64996,7808,Incentive,,50.0000,"% of cost"
64997,9603,Incentive,,9.0000,$/MWh
64998,9603,Incentive,max,5.0000,Years
65001,264,Incentive,max,400.0000,$/MWh
65010,9604,Incentive,min,0.5000,$/MBTUh
65011,9604,Incentive,max,3.0000,$/MBTUh
65012,9605,Incentive,,3000.0000,$/Unit
65013,9606,Incentive,,100.0000,$/Unit
65014,9607,Incentive,min,20.0000,$/Unit
65015,9607,Incentive,max,3000.0000,$/Unit
65016,9608,Incentive,min,250.0000,$/Unit
65017,9608,Incentive,max,750.0000,$/Unit
65056,9609,Incentive,min,900.0000,$/Unit
65057,9609,Incentive,max,1200.0000,$/Unit
65058,9610,Incentive,min,450.0000,$/Unit
65059,9610,Incentive,max,600.0000,$/Unit
65060,9611,Incentive,,375.0000,$/Unit
65061,9611,Incentive,,1.5000,$/MBTUh
65062,9612,Incentive,min,150.0000,$/Unit
65063,9612,Incentive,max,300.0000,$/Unit
65064,9612,Incentive,,90.0000,$/ton
65065,9613,Incentive,min,300.0000,$/Unit
65066,9613,Incentive,max,450.0000,$/Unit
65067,9614,Incentive,min,112.5000,$/Unit
65068,9614,Incentive,max,225.0000,$/Unit
65069,9615,Incentive,,1.8000,$/MBTUh
65070,9616,Incentive,min,1.5000,$/Unit
65071,9616,Incentive,max,3.5000,$
65072,9617,Incentive,min,6.0000,$/Unit
65073,9617,Incentive,max,200.0000,$/Unit
65074,9618,Incentive,min,30.0000,$/Unit
65075,9618,Incentive,max,3000.0000,$/Unit
65076,9619,Incentive,min,37.5000,$/Unit
65077,9619,Incentive,max,112.5000,$/Unit
65078,9620,Incentive,min,412.0000,$/Unit
65079,9620,Incentive,max,3000.0000,$/Unit
65123,9621,Incentive,min,100.0000,$/ton
65124,9621,Incentive,max,200.0000,$/ton
65125,9621,Incentive,max,3500.0000,$
65126,9622,Incentive,max,40.0000,$/Unit
65127,9623,Incentive,min,225.0000,$/kW
65128,9623,Incentive,max,320.0000,$/kW
65129,9623,Incentive,,0.1200,$/kWh
65130,9624,Incentive,min,260.0000,$/kW
65131,9624,Incentive,max,415.0000,$/kW
65132,9624,Incentive,min,0.1200,$/kWh
65133,9624,Incentive,max,0.1300,$/kWh
65134,9625,Incentive,max,100.0000,$/Unit
65135,9626,Incentive,,1150.0000,$/Unit
65136,9627,Incentive,max,250.0000,$/Unit
65137,9628,Incentive,max,275.0000,$/Unit
65138,9629,Incentive,max,75.0000,$/Unit
65139,9630,Incentive,min,250.0000,$/ton
65140,9630,Incentive,max,500.0000,$/ton
65141,9631,Incentive,min,4.0000,$/Unit
65142,9631,Incentive,max,5.0000,$/Unit
65143,9632,Incentive,max,4000.0000,$
65144,8671,Incentive,max,2000.0000,$
65145,8671,Incentive,,100.0000,$/kWh
65146,9633,Incentive,,300.0000,$
65147,7132,Incentive,,300.0000,$/Unit
65148,7133,Incentive,min,177.0000,$/ton
65149,7133,Incentive,max,247.0000,$/ton
65150,7134,Incentive,min,10.0000,$/Unit
65151,7134,Incentive,max,20.0000,$/Unit
65152,7135,Incentive,,50.0000,$/Unit
65188,9634,Incentive,min,50.0000,$/Unit
65189,9634,Incentive,max,65.0000,$/Unit
65190,9635,Incentive,min,25.0000,$/Unit
65191,9635,Incentive,max,30.0000,$/Unit
65192,9636,Incentive,,300.0000,$/Unit
65193,9637,Incentive,min,50.0000,$/Unit
65194,9637,Incentive,max,60.0000,$/Unit
65195,9638,Incentive,min,120.0000,$/ton
65196,9638,Incentive,max,140.0000,$/ton
65197,9639,Incentive,min,35.0000,$/Unit
65198,9639,Incentive,max,50.0000,$/Unit
65199,9640,Incentive,min,20.0000,$/Unit
65200,9640,Incentive,max,25.0000,$/Unit
65201,9641,Incentive,min,75.0000,$/Unit
65202,9641,Incentive,max,100.0000,$/Unit
65203,9642,Incentive,min,30.0000,$
65204,9642,Incentive,max,40.0000,$
65205,9643,Incentive,min,170.0000,$/ton
65206,9643,Incentive,max,190.0000,$/ton
65207,9644,Incentive,min,0.1000,"$/square foot"
65208,9644,Incentive,max,0.1500,"$/square foot"
65209,9645,Incentive,max,250.0000,$/Unit
65210,9646,Incentive,min,500.0000,$
65211,9646,Incentive,max,520.0000,$
65212,9647,Incentive,min,200.0000,$
65213,9647,Incentive,max,220.0000,$
65214,9648,Incentive,min,400.0000,$
65215,9648,Incentive,max,420.0000,$
65216,9649,Incentive,max,190.0000,$/ton
65217,9649,Incentive,min,170.0000,$/Unit
65218,9649,Incentive,max,190.0000,$/Unit
65219,9650,Incentive,min,250.0000,$/Unit
65220,9650,Incentive,max,1500.0000,$/Unit
65221,9651,Incentive,min,200.0000,$/Unit
65222,9651,Incentive,max,600.0000,$/Unit
65223,9652,Incentive,min,10.0000,$/Unit
65224,9652,Incentive,max,300.0000,$/Unit
65225,9653,Incentive,min,1.0000,$
65226,9653,Incentive,max,28.0000,$
65227,9654,Incentive,min,0.1500,$
65228,9654,Incentive,max,50.0000,$/Unit
65229,9655,Incentive,,50.0000,$
65230,9656,Incentive,,200.0000,$
65231,9657,Incentive,min,1.0000,$
65232,9657,Incentive,max,150.0000,$
65233,9658,Incentive,min,45.0000,$
65234,9658,Incentive,max,1200.0000,$
65247,9659,Incentive,min,10.0000,$/Unit
65248,9659,Incentive,max,300.0000,$/Unit
65249,9660,Incentive,min,1.0000,$
65250,9660,Incentive,max,28.0000,$
65251,9661,Incentive,min,0.1500,$/Unit
65252,9661,Incentive,max,50.0000,$/Unit
65253,9662,Incentive,,50.0000,$
65254,9663,Incentive,,200.0000,$
65255,9664,Incentive,min,1.0000,$
65256,9664,Incentive,max,150.0000,$
65257,9665,Incentive,min,45.0000,$
65258,9665,Incentive,max,1200.0000,$
65259,9666,Incentive,min,50.0000,$
65260,9666,Incentive,max,200.0000,$
65261,9667,Incentive,,50.0000,$
65262,9668,Incentive,,75.0000,$
65263,9669,Incentive,,25.0000,$
65264,9670,Incentive,,200.0000,$
65265,9671,Incentive,,200.0000,$
65266,9672,Incentive,,200.0000,$
65267,9673,Incentive,min,150.0000,$/ton
65268,9673,Incentive,max,250.0000,$/ton
65269,9674,Incentive,,750.0000,$
65270,9675,Incentive,,50.0000,$
65271,9676,Incentive,,1.0000,"$/square foot"
65272,9677,Incentive,,200.0000,$
65273,9678,Incentive,min,140.0000,$
65274,9678,Incentive,,285.0000,$
65275,9679,Incentive,max,1000.0000,$
65276,9680,Incentive,,500.0000,$
65277,9681,Incentive,max,2500.0000,$
65328,9682,Incentive,min,1.0000,$/Unit
65329,9682,Incentive,max,60.0000,$/Unit
65330,9683,Incentive,min,20.0000,$
65331,9683,Incentive,max,150.0000,$
65332,9684,Incentive,,800.0000,$
65333,9685,Incentive,,1.3500,"$/square foot"
65334,9686,Incentive,min,10.0000,$/ton
65335,9686,Incentive,max,50.0000,$/ton
65336,9687,Incentive,min,250.0000,$/ton
65337,9687,Incentive,max,500.0000,$/ton
65338,9688,Incentive,min,500.0000,$/Unit
65339,9688,Incentive,max,1000.0000,$/Unit
65340,9689,Incentive,min,300.0000,$/Unit
65341,9689,Incentive,max,600.0000,$/Unit
65342,9690,Incentive,min,50.0000,$/Unit
65343,9690,Incentive,max,1500.0000,$/Unit
65348,9691,Incentive,min,3.0000,Years
65349,9691,Incentive,max,15.0000,Years
65350,9691,Incentive,min,6.9900,%
65351,9691,Incentive,max,10.8650,%
65352,9692,Incentive,min,3.0000,Years
65353,9692,Incentive,max,20.0000,Years
65354,9692,Incentive,min,6.9900,%
65355,9692,Incentive,max,11.3650,%
65365,9693,Incentive,,20.0000,$
65366,9694,Incentive,,50.0000,$
65367,9695,Incentive,,20.0000,$
65368,9696,Incentive,,30.0000,$
65369,9697,Incentive,,50.0000,
65370,9698,Incentive,,40.0000,$
65371,9699,Incentive,max,2000.0000,$
65372,9700,Incentive,max,400.0000,$
65373,9701,Incentive,,75.0000,$
65484,6570,Incentive,,0.2000,$/W
65485,9720,Incentive,,0.1000,$/W
65486,9720,Incentive,max,100000.0000,$
65491,9702,Incentive,,90.0000,$/Unit
65492,9703,Incentive,,6.0000,"$/square foot"
65493,9704,Incentive,min,100.0000,$/Unit
65494,9704,Incentive,max,300.0000,$/Unit
65495,9705,Incentive,,50.0000,$/Unit
65496,9706,Incentive,,75.0000,$/Unit
65497,9707,Incentive,,500.0000,$/Unit
65498,9708,Incentive,,75.0000,$/Unit
65499,9709,Incentive,,350.0000,$/Unit
65500,9710,Incentive,,100.0000,$/horsepower
65501,9711,Incentive,,50.0000,$/Unit
65502,9712,Incentive,min,100.0000,$/ton
65503,9712,Incentive,max,200.0000,$/ton
65504,9713,Incentive,max,350.0000,$/Unit
65505,9714,Incentive,,1.0000,$/Unit
65506,9715,Incentive,,400.0000,$/Unit
65507,9716,Incentive,max,2.0000,
65508,9717,Incentive,max,1.0000,
65509,9718,Incentive,max,6.0000,
65510,9719,Incentive,,4.0000,
65513,2124,Incentive,,0.0700,$/kWh
65514,2124,Incentive,,220.0000,$/kW
65539,2229,Incentive,min,350.0000,$/Unit
65540,2229,Incentive,max,400.0000,$/Unit
65541,2229,Incentive,max,1200.0000,$
65542,2230,Incentive,min,400.0000,$/Unit
65543,2230,Incentive,max,600.0000,$/Unit
65544,2230,Incentive,max,1200.0000,$
65545,2231,Incentive,,25.0000,"% of cost"
65546,2231,Incentive,max,500.0000,$
65547,2232,Incentive,,0.0100,"$/square foot"
65548,2232,Incentive,max,500.0000,$
65549,2233,Incentive,,30.0000,"% of cost"
65550,2233,Incentive,max,500.0000,$
65632,9721,Incentive,min,50.0000,$/Unit
65633,9721,Incentive,max,175.0000,$/Unit
65634,9722,Incentive,min,0.5000,$/kWh
65635,9722,Incentive,max,0.7500,$/kWh
65636,9722,Incentive,,90.0000,$/Unit
65637,9723,Incentive,,30.0000,$/Unit
65638,9724,Incentive,,25.0000,$/Unit
65639,9725,Incentive,min,250.0000,$
65640,9725,Incentive,max,550.0000,$
65641,9726,Incentive,min,1.7500,"$/square foot"
65642,9726,Incentive,max,3.0000,"$/square foot"
65643,9727,Incentive,min,3.2500,"$/square foot"
65644,9727,Incentive,max,4.0000,"$/square foot"
65645,9728,Incentive,min,2.0000,"$/square foot"
65646,9728,Incentive,max,4.0000,"$/square foot"
65647,9729,Incentive,min,3.0000,"$/square foot"
65648,9729,Incentive,max,35.0000,"$/square foot"
65649,9730,Incentive,min,1500.0000,$
65650,9730,Incentive,max,2400.0000,$
65651,9731,Incentive,min,750.0000,$
65652,9731,Incentive,max,850.0000,$
65653,9732,Incentive,min,75.0000,$/Unit
65654,9732,Incentive,max,125.0000,$/Unit
65655,9733,Incentive,min,50.0000,$
65656,9733,Incentive,max,100.0000,$
65657,9734,Incentive,min,75.0000,$/Unit
65658,9734,Incentive,max,200.0000,$/Unit
65709,9735,Incentive,min,30.0000,$
65710,9735,Incentive,max,3400.0000,$
65711,9736,Incentive,min,3.0000,$/Unit
65712,9736,Incentive,max,600.0000,$/Unit
65713,9737,Incentive,min,10.0000,$/Unit
65714,9737,Incentive,max,50.0000,$/Unit
65715,9738,Incentive,min,20.0000,$/Unit
65716,9738,Incentive,,1050.0000,$/Unit
65717,9739,Incentive,min,300.0000,$
65718,9739,Incentive,max,600.0000,$
65719,9740,Incentive,min,40.0000,$/Unit
65720,9740,Incentive,max,400.0000,$/Unit
65721,9741,Incentive,,650.0000,$
65722,9742,Incentive,,600.0000,$/Unit
65723,9743,Incentive,,100.0000,$/Unit
65724,9744,Incentive,,475.0000,$/Unit
65725,9745,Incentive,min,1.0000,"$/square foot"
65726,9745,Incentive,max,1.2500,"$/square foot"
65727,9746,Incentive,,1.2500,"$/square foot"
65728,9747,Incentive,min,10.0000,"$/linear foot"
65729,9747,Incentive,max,20.0000,"$/linear foot"
65730,9748,Incentive,min,25.0000,$/Unit
65731,9748,Incentive,max,65.0000,$/Unit
65732,9749,Incentive,,200.0000,$/Unit
65733,9750,Incentive,min,25.0000,$
65734,9750,Incentive,max,35.0000,$
65735,9750,Incentive,,0.1000,$/kWh
65747,9751,Incentive,min,50.0000,$/Unit
65748,9751,Incentive,max,75.0000,$/Unit
65749,9752,Incentive,,75.0000,$/Unit
65750,9753,Incentive,max,350.0000,$/Unit
65751,9754,Incentive,max,25.0000,$
65752,9755,Incentive,,500.0000,$
65753,9756,Incentive,,25.0000,$
65754,9757,Incentive,max,100.0000,$/Unit
65755,9758,Incentive,min,7.0000,$/Unit
65756,9758,Incentive,max,20.0000,$/Unit
65757,9759,Incentive,max,35.0000,$
65763,9760,Incentive,,865.0000,$
65764,9761,Incentive,,350.0000,$
65765,9762,Incentive,min,100.0000,$
65766,9762,Incentive,max,350.0000,$
65767,9763,Incentive,,100.0000,$/Unit
65785,9764,Incentive,min,300.0000,$/Unit
65786,9764,Incentive,max,500.0000,$/Unit
65787,9765,Incentive,min,300.0000,$/Unit
65788,9765,Incentive,max,500.0000,$/Unit
65789,9766,Incentive,,2000.0000,$/Unit
65790,9767,Incentive,,500.0000,$/Unit
65791,9768,Incentive,,200.0000,$/Unit
65792,9769,Incentive,,50.0000,"% of cost"
65793,9769,Incentive,max,50.0000,$
65834,9770,Incentive,,800.0000,$
65835,9771,Incentive,,6000.0000,$
65836,9772,Incentive,min,200.0000,$
65837,9772,Incentive,max,1200.0000,$
65838,9773,Incentive,max,9000.0000,$
65839,9774,Incentive,,50.0000,$
65840,9775,Incentive,max,800.0000,$
65841,9776,Incentive,min,30.0000,$/Unit
65842,9776,Incentive,max,35.0000,$/Unit
65843,9777,Incentive,min,800.0000,$/Unit
65844,9777,Incentive,max,900.0000,$/Unit
65845,9778,Incentive,min,140.0000,$/Unit
65846,9778,Incentive,max,165.0000,$/Unit
65847,9779,Incentive,min,0.3000,"$/square foot"
65848,9779,Incentive,max,2.0000,"$/square foot"
65849,9780,Incentive,min,0.6000,"$/square foot"
65850,9780,Incentive,max,0.9000,"$/square foot"
65851,9781,Incentive,,2.0000,"$/square foot"
65852,9782,Incentive,min,200.0000,$
65853,9782,Incentive,max,250.0000,$
65886,9783,Incentive,min,1800.0000,$/Unit
65887,9783,Incentive,max,2500.0000,$/Unit
65888,9784,Incentive,max,1.0000,"$/square foot"
65889,9785,Incentive,,5.0000,"$/linear foot"
65890,9785,Incentive,max,450.0000,$
65891,9786,Incentive,,50.0000,$
65892,9786,Incentive,,100.0000,$
65893,9787,Incentive,min,50.0000,$
65894,9787,Incentive,max,75.0000,$
65895,9788,Incentive,min,25.0000,$/Unit
65896,9788,Incentive,max,50.0000,$/Unit
65897,9789,Incentive,min,50.0000,$/Unit
65898,9789,Incentive,max,250.0000,$/Unit
65899,9790,Incentive,,50.0000,$
65900,9791,Incentive,,4400.0000,$
65901,9792,Incentive,,750.0000,$
65902,71,Incentive,max,0.2700,"$/kWh (1 year)"
65903,71,Incentive,max,5000.0000,$
65904,71,Incentive,max,60.0000,"% of cost"
65905,71,System,max,40.0000,kW-DC
65906,9793,Incentive,,50.0000,$
65907,9794,Incentive,min,30.0000,$
65908,9794,Incentive,,35.0000,$
65909,9795,Incentive,,800.0000,$
65910,9796,Incentive,,500.0000,$
65911,9797,Incentive,min,800.0000,$
65912,9797,Incentive,max,1500.0000,$
65913,9798,Incentive,,500.0000,$
65914,9799,Incentive,min,0.3000,"$/square foot"
65915,9799,Incentive,max,2.0000,"$/square foot"
65916,9800,Incentive,min,6.0000,"$/square foot"
65917,9800,Incentive,max,8.0000,"$/square foot"
65918,9801,Incentive,min,700.0000,$/Unit
65919,9801,Incentive,max,1100.0000,$/Unit
65973,9802,Incentive,max,75.0000,$/Unit
65974,9803,Incentive,max,25.0000,$/Unit
65975,9804,Incentive,,10.0000,$/Unit
65976,9805,Incentive,,250.0000,$/Unit
65977,9806,Incentive,,250.0000,$/Unit
65978,9807,Incentive,,350.0000,$/Unit
65979,9808,Incentive,,200.0000,$/Unit
65980,9809,Incentive,,350.0000,$/Unit
65981,9810,Incentive,max,125.0000,$
65982,9811,Incentive,,25.0000,$/Unit
65983,9812,Incentive,,75.0000,$/Unit
65984,9813,Incentive,min,10.0000,$/Unit
65985,9813,Incentive,max,50.0000,$/Unit
65986,9814,Incentive,,20.0000,$/Unit
65987,9815,Incentive,,20.0000,$/Unit
65988,9816,Incentive,,50.0000,$/Unit
65989,9817,Incentive,,200.0000,$/Unit
65990,9818,Incentive,min,400.0000,$/Unit
65991,9818,Incentive,max,525.0000,$/Unit
65992,9819,Incentive,,400.0000,$/Unit
65993,9820,Incentive,,300.0000,$
65994,9821,Incentive,,0.5000,"$/square foot"
65995,9821,Incentive,,750.0000,$
65996,9822,Incentive,,0.5000,"$/square foot"
65997,9822,Incentive,max,750.0000,$
65998,9823,Incentive,,70.0000,"% of cost"
65999,9823,Incentive,max,200.0000,$
66000,9824,Incentive,,70.0000,"% of cost"
66001,9824,Incentive,max,300.0000,$
66002,9825,Incentive,max,500.0000,$
66003,9826,Incentive,min,1500.0000,$/Unit
66004,9826,Incentive,max,2000.0000,$/Unit
66110,9506,Incentive,max,100.0000,"% of cost"
66111,5268,Incentive,max,0.1649,"$/kWh (20 years)"
66112,5268,System,max,1.0000,MW
66113,5268,System,min,200.0000,kW
66157,9860,Incentive,min,225.0000,$/Unit
66158,9860,Incentive,max,600.0000,$/Unit
66159,9861,Incentive,min,150.0000,$/Unit
66160,9861,Incentive,max,300.0000,$/Unit
66161,9861,Incentive,,90.0000,$/ton
66162,9862,Incentive,min,300.0000,$/Unit
66163,9862,Incentive,max,450.0000,$/Unit
66164,9863,Incentive,min,900.0000,$/Unit
66165,9863,Incentive,max,1200.0000,$/Unit
66166,9864,Incentive,,225.0000,$/Unit
66167,9865,Incentive,,1.8000,$/MBTUh
66168,9866,Incentive,,45.0000,$/Unit
66169,9867,Incentive,,35.0000,$/Unit
66170,9868,Incentive,min,25.0000,$/Unit
66171,9868,Incentive,max,50.0000,$/Unit
66172,9869,Incentive,,225.0000,$/Unit
66173,9870,Incentive,max,100.0000,$/Unit
66424,6130,Incentive,,30.0000,"% of cost"
66425,6130,Incentive,max,5000.0000,$
66426,6131,Incentive,,30.0000,"% of cost"
66427,6131,Incentive,max,150000.0000,$
66432,9915,Incentive,max,0.0000,
66433,9916,Incentive,max,0.0000,
66434,9917,Incentive,max,30.0000,"% of cost"
66517,9925,Incentive,min,3.0000,$/Unit
66518,9925,Incentive,max,22.0000,$/Unit
66519,9926,Incentive,min,50.0000,$/Unit
66520,9926,Incentive,max,200.0000,$/Unit
66521,9927,Incentive,min,0.1000,$/kWh
66522,9927,Incentive,max,0.1300,$/kWh
66523,9928,Incentive,min,80.0000,$/ton
66524,9928,Incentive,max,250.0000,$/ton
66525,9929,Incentive,,175.0000,$/ton
66526,9930,Incentive,,200.0000,$/ton
66527,9931,Incentive,,250.0000,$/ton
66528,9932,Incentive,,0.1500,$/kWh
66529,9933,Incentive,min,1000.0000,$
66530,9933,Incentive,max,2000.0000,$
66559,9934,Incentive,min,3.0000,$/Unit
66560,9934,Incentive,max,22.0000,$/Unit
66561,9935,Incentive,min,50.0000,$/Unit
66562,9935,Incentive,max,200.0000,$/Unit
66563,9936,Incentive,min,0.1000,$/kWh
66564,9936,Incentive,max,0.1300,$/kWh
66565,9937,Incentive,min,80.0000,$/ton
66566,9937,Incentive,max,250.0000,$/ton
66567,9938,Incentive,,175.0000,$/ton
66568,9939,Incentive,,200.0000,$/ton
66569,9940,Incentive,,250.0000,$/ton
66570,9941,Incentive,,0.1500,$/kWh
66571,9942,Incentive,min,1000.0000,$
66572,9942,Incentive,max,2000.0000,$
66573,9913,Incentive,min,3.0000,$/Unit
66574,9913,Incentive,max,22.0000,$/Unit
66575,9914,Incentive,min,50.0000,$/Unit
66576,9914,Incentive,max,200.0000,$/Unit
66577,9918,Incentive,min,0.1000,$/kWh
66578,9918,Incentive,,0.1300,$/kWh
66579,9919,Incentive,min,80.0000,$/ton
66580,9919,Incentive,max,250.0000,$/ton
66581,9920,Incentive,,175.0000,$/ton
66582,9921,Incentive,,200.0000,$/ton
66583,9922,Incentive,,250.0000,$/ton
66584,9923,Incentive,max,0.1500,$/kWh
66585,9924,Incentive,min,1000.0000,$
66586,9924,Incentive,max,2000.0000,$
66587,9943,Incentive,min,3.0000,$/Unit
66588,9943,Incentive,max,22.0000,$/Unit
66589,9944,Incentive,min,50.0000,$/Unit
66590,9944,Incentive,max,200.0000,$/Unit
66591,9945,Incentive,min,0.1000,$/kWh
66592,9945,Incentive,max,0.1300,$/kWh
66593,9946,Incentive,min,80.0000,$/ton
66594,9946,Incentive,max,250.0000,$/ton
66595,9947,Incentive,,175.0000,$/ton
66596,9948,Incentive,,200.0000,$/ton
66597,9949,Incentive,,250.0000,$/ton
66598,9950,Incentive,max,0.1500,$/kWh
66599,9951,Incentive,min,1000.0000,$
66600,9951,Incentive,max,2000.0000,$
66601,9466,Incentive,,50.0000,$/Unit
66602,9467,Incentive,,50.0000,$/Unit
66603,9468,Incentive,min,300.0000,$/Unit
66604,9468,Incentive,max,800.0000,$/Unit
66605,9469,Incentive,,50.0000,$
66606,9470,Incentive,,50.0000,$
66607,9471,Incentive,min,500.0000,$
66608,9471,Incentive,max,1000.0000,$
66609,9472,Incentive,,50.0000,$
66610,9473,Incentive,min,50.0000,$
66611,9473,Incentive,max,500.0000,$
66612,9474,Incentive,,1000.0000,$
66613,9475,Incentive,,50.0000,$
66614,9476,Incentive,,350.0000,$/ton
66615,9477,Incentive,,100.0000,$
66616,9478,Incentive,,200.0000,$
66617,9479,Incentive,,2.0000,"$/square foot"
66618,9952,Incentive,min,3.0000,$/Unit
66619,9952,Incentive,max,22.0000,$/Unit
66620,9953,Incentive,min,50.0000,$/Unit
66621,9953,Incentive,max,200.0000,$/Unit
66622,9954,Incentive,min,0.1000,$/kWh
66623,9954,Incentive,max,0.1300,$/kWh
66624,9955,Incentive,min,80.0000,$/ton
66625,9955,Incentive,max,250.0000,$/ton
66626,9956,Incentive,,175.0000,$/ton
66627,9957,Incentive,,200.0000,$/ton
66628,9958,Incentive,,250.0000,$/ton
66629,9959,Incentive,max,0.1500,$/kWh
66630,9960,Incentive,min,1000.0000,$
66631,9960,Incentive,,2000.0000,$
66632,9961,Incentive,min,3.0000,$/Unit
66633,9961,Incentive,max,22.0000,$/Unit
66634,9962,Incentive,min,50.0000,$/Unit
66635,9962,Incentive,max,200.0000,$/Unit
66636,9963,Incentive,min,0.1000,$/kWh
66637,9963,Incentive,max,0.1300,$/kWh
66638,9964,Incentive,min,80.0000,$/ton
66639,9964,Incentive,max,250.0000,$/ton
66640,9965,Incentive,,175.0000,$/ton
66641,9966,Incentive,,200.0000,$/ton
66642,9967,Incentive,,250.0000,$/ton
66643,9968,Incentive,max,0.1500,$/kWh
66644,9969,Incentive,min,1000.0000,$
66645,9969,Incentive,max,2000.0000,$
66646,9970,Incentive,min,3.0000,$/Unit
66647,9970,Incentive,max,22.0000,$/Unit
66648,9971,Incentive,min,50.0000,$/Unit
66649,9971,Incentive,max,200.0000,$/Unit
66650,9972,Incentive,min,0.1000,$/kWh
66651,9972,Incentive,max,0.1300,$/kWh
66652,9973,Incentive,min,,$/ton
66653,9973,Incentive,max,,$/ton
66654,9974,Incentive,,175.0000,$/ton
66655,9975,Incentive,,200.0000,$/ton
66656,9976,Incentive,,250.0000,$/ton
66657,9977,Incentive,max,0.1500,$/kWh
66658,9978,Incentive,min,1000.0000,$
66659,9978,Incentive,max,2000.0000,$
66679,9979,Incentive,,300.0000,$/Unit
66680,9980,Incentive,,50.0000,$/Unit
66681,9981,Incentive,min,25.0000,$/Unit
66682,9981,Incentive,,75.0000,$/Unit
66683,9982,Incentive,,10.0000,$
66684,9983,Incentive,,5.0000,$
66685,9984,Incentive,,50.0000,$/Unit
66686,9985,Incentive,,250.0000,$/ton
66687,9986,Incentive,,100.0000,$/ton
66688,9987,Incentive,,25.0000,$/Unit
66689,9988,Incentive,,250.0000,$/Unit
66747,9989,Incentive,,5.0000,"$/square foot"
66748,9990,Incentive,,80.0000,$/Unit
66749,9991,Incentive,,0.5000,"$/square foot"
66750,9992,Incentive,,0.7000,"$/square foot"
66751,9993,Incentive,,1.0000,"$/square foot"
66752,9994,Incentive,,0.1000,$/Unit
66753,9995,Incentive,,0.9000,"$/linear foot"
66754,9996,Incentive,min,200.0000,$
66755,9996,Incentive,max,3200.0000,$
66756,9997,Incentive,,700.0000,$
66757,9998,Incentive,min,600.0000,$
66758,9998,Incentive,max,1800.0000,$
66759,9999,Incentive,,140.0000,$/Unit
66760,10000,Incentive,,80.0000,$/Unit
66761,10001,Incentive,,40.0000,$/Unit
66762,10002,Incentive,min,300.0000,$
66763,10002,Incentive,max,1000.0000,$
66764,10003,Incentive,min,1500.0000,$
66765,10003,Incentive,max,2500.0000,$
66792,10004,Incentive,,500.0000,"% of cost"
66793,10005,Incentive,min,50.0000,$
66794,10005,Incentive,max,150.0000,$
66795,10006,Incentive,min,1000.0000,$
66796,10006,Incentive,max,3000.0000,$
66797,10007,Incentive,,800.0000,$
66798,10008,Incentive,,200.0000,$
66799,10009,Incentive,min,50.0000,$
66800,10009,Incentive,max,150.0000,$
66801,10010,Incentive,,150.0000,$
66802,10011,Incentive,,300.0000,$
66803,10012,Incentive,,50.0000,$
66804,10013,Incentive,,200.0000,$
66837,10014,Incentive,,50.0000,$
66838,10015,Incentive,,600.0000,$
66839,10015,Incentive,,100.0000,"% of cost"
66840,10016,Incentive,min,1000.0000,$
66841,10016,Incentive,max,1200.0000,$
66842,10017,Incentive,,800.0000,$
66843,10018,Incentive,,500.0000,$
66844,10019,Incentive,min,0.3000,"$/square foot"
66845,10019,Incentive,max,2.0000,"$/square foot"
66846,10020,Incentive,min,0.7500,"$/square foot"
66847,10020,Incentive,max,0.9000,"$/square foot"
66848,10021,Incentive,,2.0000,"$/square foot"
66849,10022,Incentive,min,5.0000,"$/square foot"
66850,10022,Incentive,max,6.0000,"$/square foot"
66851,10023,Incentive,,40.0000,$
66852,10024,Incentive,,100.0000,$
66880,10025,Incentive,min,150.0000,$/ton
66881,10025,Incentive,max,700.0000,$/ton
66882,10026,Incentive,min,300.0000,$/ton
66883,10026,Incentive,max,1000.0000,$/ton
66884,10027,Incentive,min,50.0000,$/Unit
66885,10027,Incentive,max,200.0000,$/Unit
66886,10028,Incentive,min,0.7500,"$/square foot"
66887,10028,Incentive,max,1.0000,"$/square foot"
66888,10029,Incentive,min,1.3500,"$/square foot"
66889,10029,Incentive,max,1.5000,"$/square foot"
66890,10030,Incentive,max,70.0000,"% of cost"
66891,10031,Incentive,,40.0000,"$/linear foot"
66892,10032,Incentive,min,55.0000,$/Unit
66893,10032,Incentive,max,140.0000,$/Unit
66894,10033,Incentive,max,700.0000,$
66895,10034,Incentive,max,1400.0000,$
66896,10035,Incentive,max,2700.0000,$
66901,7786,Incentive,max,1.0000,$
66902,7787,Incentive,max,2.0000,$
66903,10036,Incentive,max,700.0000,$
66904,10037,Incentive,max,1400.0000,$
66912,10038,Incentive,,0.2000,$/kWh
66913,10038,Incentive,max,10000.0000,$
66914,10039,Incentive,,0.1500,$/kWh
66915,10040,Incentive,min,25.0000,$/ton
66916,10040,Incentive,max,200.0000,$/ton
66917,10041,Incentive,,250.0000,$/ton
66918,10042,Incentive,max,100.0000,"% of cost"
66939,2981,Incentive,min,200.0000,$
66940,2981,Incentive,max,300.0000,$
66941,7782,Incentive,min,500.0000,$
66942,7782,Incentive,max,1000.0000,$
66943,10043,Incentive,,50.0000,$
66944,10043,Incentive,,150.0000,$
66945,1981,Incentive,,0.2500,$/W
66946,3253,System,max,10.0000,kW
66947,3253,Incentive,,0.2300,$/kWh
66948,3254,System,max,200.0000,kW
66949,3254,Incentive,,0.1380,$/kWh
66950,3255,System,min,5.0000,kW
66951,3255,System,max,10.0000,kW
66952,3255,Incentive,,0.1564,$/kWh
66953,3256,System,max,200.0000,kW
66954,3256,Incentive,,0.1380,$/kWh
66955,3257,Incentive,,0.0918,$/kWh
66956,3257,System,min,100.0000,kW
66957,3257,System,max,1.0000,MW
66966,7240,Incentive,,0.2500,$/W
66967,7240,System,max,150.0000,kW
66968,7241,Incentive,,0.2500,$/W
66969,7241,System,max,25.0000,kW
66976,10044,Incentive,,50.0000,$/kW
66977,10045,Incentive,max,300000.0000,$
66978,10045,Incentive,max,50.0000,"% of cost"
66979,7024,Incentive,min,1000.0000,$/Unit
66980,7024,Incentive,max,1500.0000,$/Unit
66981,7024,Incentive,max,75.0000,"% of cost"
66982,7025,Incentive,min,30000.0000,$/Unit
66983,7025,Incentive,max,42000.0000,$/Unit
66984,7025,Incentive,max,75.0000,"% of cost"
66985,7026,Incentive,,75.0000,"% of cost"
66986,7026,Incentive,max,200.0000,$
66995,10046,Incentive,,6000.0000,$
66996,10046,System,max,50.0000,kW
66997,10047,Incentive,,37000.0000,$
66998,10047,System,min,50.0000,kW
66999,10048,Incentive,,9000.0000,$
67000,10048,System,max,50.0000,kW
67001,10049,System,max,50.0000,
67002,10049,Incentive,,50000.0000,$
67039,10050,Incentive,,25.0000,$
67040,10051,Incentive,,40.0000,$
67041,10052,Incentive,,25.0000,$
67042,10053,Incentive,min,25.0000,$
67043,10053,Incentive,max,200.0000,$
67044,10054,Incentive,,25.0000,$
67045,10055,Incentive,min,150.0000,$
67046,10055,Incentive,max,500.0000,$
67047,10056,Incentive,min,150.0000,$
67048,10056,Incentive,max,1050.0000,$
67049,10057,Incentive,min,40.0000,$
67050,10057,Incentive,max,350.0000,$
67051,10058,Incentive,min,250.0000,$
67052,10058,Incentive,max,400.0000,$
67053,10059,Incentive,,200.0000,$/ton
67054,10060,Incentive,,25.0000,$
67055,10061,Incentive,,200.0000,$
67056,10062,Incentive,,4.0000,$/Unit
67057,10063,Incentive,,25.0000,$
67058,10064,Incentive,,40.0000,$
67059,10065,Incentive,,25.0000,$
67060,10066,Incentive,min,25.0000,$
67061,10066,Incentive,max,200.0000,$
67062,10067,Incentive,,25.0000,$
67063,10068,Incentive,min,150.0000,$
67064,10068,Incentive,max,500.0000,$
67065,10069,Incentive,min,150.0000,$
67066,10069,Incentive,max,1050.0000,$
67067,10070,Incentive,min,40.0000,$
67068,10070,Incentive,max,350.0000,$
67069,10071,Incentive,,200.0000,$/ton
67070,10072,Incentive,,25.0000,$
67071,10073,Incentive,,200.0000,$
67072,10074,Incentive,max,4.0000,$/Unit
67073,2460,Incentive,max,1500.0000,$
67074,2460,Incentive,max,50.0000,"% of cost"
67075,2460,Incentive,,300.0000,$/kW
67133,4247,Incentive,,0.4000,$/W-AC
67134,4247,Incentive,max,2500.0000,$
67135,7793,Incentive,,0.5000,$/W-AC
67136,7793,Incentive,max,12500.0000,$
67137,4057,Incentive,min,750.0000,$
67138,4057,Incentive,max,2250.0000,$
67139,4058,Incentive,min,50.0000,$/Unit
67140,4058,Incentive,max,100.0000,$/Unit
67141,4059,Incentive,min,1000.0000,$/Unit
67142,4059,Incentive,max,2000.0000,$/Unit
67143,4060,Incentive,min,250.0000,$/Unit
67144,4060,Incentive,max,450.0000,$/Unit
67145,7495,Incentive,,500.0000,$/Unit
67146,7496,Incentive,min,25.0000,$/Unit
67147,7496,Incentive,max,75.0000,$/Unit
67148,7497,Incentive,max,100.0000,"% of cost"
67149,7499,Incentive,min,400.0000,$
67150,7499,Incentive,max,600.0000,$
67151,10075,Incentive,,120.0000,$
67152,2451,Incentive,,800.0000,$/Unit
67153,2452,Incentive,,500.0000,$/kW
67154,2452,Incentive,max,2000.0000,$
67155,2454,Incentive,,500.0000,$/kW
67156,2454,Incentive,max,2000.0000,$
67157,2455,Incentive,,0.0500,"$/kWh (1 year)"
67158,2455,Incentive,max,2000.0000,$
67159,7792,Incentive,max,2000.0000,$
67160,2449,Incentive,max,600.0000,$
67161,9597,Incentive,,50.0000,"% of cost"
67162,9597,Incentive,max,1000.0000,$
67163,9526,System,max,50.0000,kW
67164,10076,Incentive,,150.0000,$
67165,10077,Incentive,,40.0000,$
67166,10078,Incentive,,6.0000,"$/square foot"
67167,10079,Incentive,,40.0000,$
67168,10080,Incentive,min,200.0000,$
67169,10080,Incentive,max,1200.0000,$
67170,10081,Incentive,,800.0000,$
67171,10082,Incentive,,800.0000,$
67172,10083,Incentive,,0.7500,"$/square foot"
67192,10085,Incentive,min,200.0000,$
67193,10085,Incentive,max,1200.0000,$
67194,10086,Incentive,,800.0000,$
67195,10087,Incentive,min,6.0000,"$/square foot"
67196,10087,Incentive,max,8.0000,"$/square foot"
67197,10088,Incentive,,0.7500,"$/square foot"
67198,10089,Incentive,,2.0000,"$/square foot"
67199,10090,Incentive,,200.0000,$
67200,10091,Incentive,,0.6000,"$/linear foot"
67201,10092,Incentive,min,100.0000,$
67202,10092,Incentive,max,300.0000,$
67203,10093,Incentive,,40.0000,$
67204,10094,Incentive,,140.0000,$
67205,10095,Incentive,min,700.0000,$
67206,10095,Incentive,max,800.0000,$
67207,10096,Incentive,min,100.0000,$
67208,10096,Incentive,max,500.0000,$
67209,10097,Incentive,,10.0000,"% of cost"
67210,10097,Incentive,max,2000.0000,$
67228,10098,Incentive,min,1.0000,"$/square foot"
67229,10098,Incentive,max,1.5000,"$/square foot"
67230,10099,Incentive,,0.2800,$/kWh
67231,10100,Incentive,max,10000.0000,$
67256,10101,Incentive,,50.0000,"% of cost"
67257,10101,Incentive,max,20.0000,$
67258,10102,Incentive,min,25.0000,$
67259,10102,Incentive,max,75.0000,$
67260,10103,Incentive,min,25.0000,$
67261,10103,Incentive,max,40.0000,$
67262,10104,Incentive,min,25.0000,$
67263,10104,Incentive,max,40.0000,$
67264,10105,Incentive,min,25.0000,$
67265,10105,Incentive,max,40.0000,$
67266,10106,Incentive,min,90.0000,$
67267,10106,Incentive,max,400.0000,$
67268,10107,Incentive,min,10.0000,$
67269,10107,Incentive,max,100.0000,$
67270,10108,Incentive,min,15.0000,$
67271,10108,Incentive,max,55.0000,$
67272,10109,Incentive,min,15.0000,$
67273,10109,Incentive,max,500.0000,$
67274,10110,Incentive,,50.0000,$
67275,10111,Incentive,min,25.0000,$
67276,10111,Incentive,max,50.0000,$
67277,10112,Incentive,min,20.0000,$
67278,10112,Incentive,max,60.0000,$
67279,10113,Incentive,min,200.0000,$/ton
67339,10114,Incentive,,50.0000,"% of cost"
67340,10114,Incentive,max,20.0000,$
67341,10115,Incentive,min,25.0000,$
67342,10115,Incentive,max,75.0000,$
67343,10116,Incentive,min,25.0000,$
67344,10116,Incentive,max,40.0000,$
67345,10117,Incentive,min,90.0000,$
67346,10117,Incentive,max,400.0000,$
67347,10118,Incentive,min,10.0000,$
67348,10118,Incentive,max,100.0000,$
67349,10119,Incentive,min,15.0000,$
67350,10119,Incentive,max,55.0000,$
67351,10120,Incentive,,15.0000,$
67352,10121,Incentive,,50.0000,$
67353,10122,Incentive,min,20.0000,$
67354,10122,Incentive,max,60.0000,$
67355,10123,Incentive,,200.0000,$/ton
67404,10124,Incentive,,50.0000,"% of cost"
67405,10124,Incentive,max,20.0000,$
67406,10125,Incentive,min,25.0000,$
67407,10125,Incentive,max,75.0000,$
67408,10126,Incentive,min,25.0000,$
67409,10126,Incentive,max,40.0000,$
67410,10127,Incentive,min,25.0000,$
67411,10127,Incentive,max,40.0000,$
67412,10128,Incentive,min,90.0000,$
67413,10128,Incentive,max,400.0000,$
67414,10129,Incentive,min,10.0000,$
67415,10129,Incentive,max,100.0000,$
67416,10130,Incentive,min,15.0000,$
67417,10130,Incentive,max,55.0000,$
67418,10131,Incentive,,15.0000,$
67419,10132,Incentive,min,25.0000,$
67420,10132,Incentive,max,50.0000,$
67421,10133,Incentive,min,20.0000,$
67422,10133,Incentive,max,60.0000,$
67423,10134,Incentive,,200.0000,$/ton
67442,10146,Incentive,,0.2000,$/kWh
67443,10147,Incentive,min,0.1500,$/kWh
67444,10147,Incentive,max,0.2500,$/kWh
67445,10148,Incentive,,250.0000,$/Unit
67446,10148,Incentive,,300.0000,$/ton
67447,10149,Incentive,,250.0000,$/Unit
67448,10150,Incentive,min,600.0000,$/ton
67449,10150,Incentive,max,2000.0000,$/ton
67450,10151,Incentive,min,500.0000,$
67451,10151,Incentive,max,2000.0000,$
67452,10152,Incentive,,150.0000,$
67453,10152,Incentive,,600.0000,$
67454,10135,Incentive,,200.0000,$
67455,10136,Incentive,,400.0000,$
67456,10137,Incentive,,50.0000,$
67457,10138,Incentive,min,600.0000,$
67458,10138,Incentive,max,2500.0000,$
67459,10139,Incentive,max,200.0000,$
67460,10140,Incentive,min,1000.0000,$
67461,10140,Incentive,max,2500.0000,$
67462,10141,Incentive,max,600.0000,$
67463,10142,Incentive,,1000.0000,$
67464,10143,Incentive,,200.0000,$
67465,10144,Incentive,max,100.0000,$
67466,10145,Incentive,,600.0000,$
67471,10153,Incentive,,50.0000,$/Unit
67472,10154,Incentive,,100.0000,$/Unit
67473,10155,Incentive,,100.0000,$/Unit
67474,10156,Incentive,,250.0000,$/Unit
67502,10157,Incentive,,50.0000,"% of cost"
67503,10157,Incentive,max,20.0000,$
67504,10158,Incentive,min,25.0000,$
67505,10158,Incentive,max,75.0000,$
67506,10159,Incentive,min,25.0000,$
67507,10159,Incentive,max,40.0000,$
67508,10160,Incentive,min,25.0000,$
67509,10160,Incentive,max,40.0000,$
67510,10161,Incentive,min,90.0000,$
67511,10161,Incentive,max,400.0000,$
67512,10162,Incentive,min,10.0000,$
67513,10162,Incentive,max,100.0000,$
67514,10163,Incentive,min,15.0000,$
67515,10163,Incentive,max,55.0000,$
67516,10164,Incentive,,15.0000,$
67517,10165,Incentive,,50.0000,$
67518,10166,Incentive,min,20.0000,$
67519,10166,Incentive,max,60.0000,
67520,10167,Incentive,min,25.0000,$
67521,10167,Incentive,max,50.0000,$
67522,10168,Incentive,min,200.0000,$/ton
67544,10169,Incentive,,50.0000,"% of cost"
67545,10169,Incentive,max,20.0000,$
67546,10170,Incentive,min,25.0000,$
67547,10170,Incentive,max,55.0000,$
67548,10171,Incentive,min,25.0000,$
67549,10171,Incentive,max,40.0000,$
67550,10172,Incentive,min,25.0000,$
67551,10172,Incentive,max,40.0000,$
67552,10173,Incentive,min,90.0000,$
67553,10173,Incentive,max,400.0000,$
67554,10174,Incentive,min,10.0000,$
67555,10174,Incentive,max,100.0000,$
67556,10175,Incentive,min,15.0000,$
67557,10175,Incentive,max,55.0000,$
67558,10176,Incentive,,15.0000,$
67559,10177,Incentive,,50.0000,$
67560,10178,Incentive,min,25.0000,$
67561,10178,Incentive,max,50.0000,$
67562,10179,Incentive,min,20.0000,$
67563,10179,Incentive,max,60.0000,$
67564,10180,Incentive,,200.0000,$/ton
67577,2174,Incentive,,100.0000,"% of cost"
67578,2174,Incentive,max,900.0000,$
67650,10182,Incentive,,200.0000,$
67651,10183,Incentive,min,30.0000,$
67652,10183,Incentive,max,40.0000,$
67653,10184,Incentive,min,300.0000,$
67654,10184,Incentive,max,325.0000,$
67655,10185,Incentive,,1000.0000,$
67656,10186,Incentive,min,200.0000,$
67657,10186,Incentive,max,220.0000,$
67658,10187,Incentive,,400.0000,$/Unit
67659,10188,Incentive,,500.0000,$/ton
67660,10188,Incentive,max,2500.0000,$
67661,10189,Incentive,,100.0000,$/Unit
67662,10190,Incentive,min,100.0000,$
67663,10190,Incentive,max,125.0000,$
67664,10191,Incentive,min,400.0000,$
67665,10191,Incentive,,425.0000,$
67666,10192,Incentive,,400.0000,$
67667,10193,Incentive,min,400.0000,$
67668,10193,Incentive,max,450.0000,$
67669,10194,Incentive,,165.0000,$
67714,10195,Incentive,,500.0000,$
67715,10196,Incentive,,25.0000,$
67716,10197,Incentive,,50.0000,$
67717,10198,Incentive,,5.0000,$/Unit
67718,10198,Incentive,,50.0000,$/ton
67719,10199,Incentive,,200.0000,$/ton
67720,10200,Incentive,min,50.0000,$/ton
67721,10200,Incentive,max,200.0000,$/ton
67722,10201,Incentive,,300.0000,$/ton
67723,10202,Incentive,,150.0000,$
67724,10203,Incentive,,10.0000,$/gallon
67725,10204,Incentive,,100.0000,$
67726,10205,Incentive,,5.0000,$
67727,10206,Incentive,,50.0000,$
67728,10207,Incentive,,50.0000,$
67793,10208,Incentive,,300.0000,$
67794,10209,Incentive,min,400.0000,$
67795,10209,Incentive,max,600.0000,$
67796,10210,Incentive,min,20.0000,$
67797,10210,Incentive,max,45.0000,$
67798,10211,Incentive,,60.0000,"% of cost"
67799,10212,Incentive,,400.0000,$
67800,10213,Incentive,,150.0000,$
67801,10214,Incentive,min,200.0000,$
67802,10214,Incentive,max,300.0000,$
67803,10215,Incentive,,1000.0000,$/ton
67804,10216,Incentive,,600.0000,$/Unit
67805,10217,Incentive,,100.0000,$/ton
67806,10218,Incentive,,60.0000,"% of cost"
67807,10219,Incentive,,100.0000,$
67808,10220,Incentive,min,2500.0000,$
67809,10220,Incentive,max,10000.0000,$
67810,10221,Incentive,,1400.0000,$
67811,10222,Incentive,,400.0000,$
67812,10223,Incentive,,250.0000,$
68010,10224,Incentive,min,25.0000,$
68011,10224,Incentive,max,50.0000,$
68012,10224,Incentive,,1.0000,
68013,10225,Incentive,min,25.0000,$
68014,10225,Incentive,max,50.0000,$
68015,10226,Incentive,min,25.0000,$
68016,10226,Incentive,max,100.0000,$
68017,10226,Incentive,,4.0000,
68018,10227,Incentive,,25.0000,$
68019,10227,Incentive,max,1.0000,
68020,10228,Incentive,,100.0000,$
68021,10228,Incentive,max,1.0000,
68022,10229,Incentive,,25.0000,$
68023,10230,Incentive,min,150.0000,$
68024,10230,Incentive,max,500.0000,$
68025,10230,Incentive,,4.0000,
68026,10231,Incentive,min,200.0000,$
68027,10231,Incentive,max,600.0000,$
68028,10232,Incentive,max,500.0000,$
68029,10233,Incentive,,50.0000,$
68030,10234,Incentive,,500.0000,$
68031,10235,Incentive,,150.0000,$
68032,10236,Incentive,max,1000.0000,$
68063,10237,Incentive,min,25.0000,$
68064,10237,Incentive,max,100.0000,$
68065,10238,Incentive,,800.0000,$
68066,10239,Incentive,,25.0000,$
68067,10240,Incentive,,25.0000,$
68068,10241,Incentive,,25.0000,$
68069,10242,Incentive,,50.0000,$
68070,10243,Incentive,,400.0000,$
68071,10244,Incentive,,25.0000,$
68072,10245,Incentive,,1500.0000,$
68073,10246,Incentive,,300.0000,$
68074,10247,Incentive,min,300.0000,$
68075,10247,Incentive,max,400.0000,$
68076,10248,Incentive,,1.0000,$/Unit
68077,10249,Incentive,,20.0000,$/Unit
68118,547,Incentive,,200.0000,$/ton
68119,548,Incentive,,100.0000,$/Unit
68120,549,Incentive,,50.0000,$/Unit
68121,550,Incentive,,50.0000,$/Unit
68122,551,Incentive,,15.0000,$/Unit
68123,552,Incentive,,250.0000,$
68124,553,Incentive,,25.0000,$/Unit
68125,5278,Incentive,min,20.0000,"$/square foot"
68126,5278,Incentive,max,2000.0000,$
68127,6282,Incentive,,0.2000,$/W
68128,10250,Incentive,,75.0000,$
68129,10251,Incentive,,150.0000,$/ton
68130,10252,Incentive,,250.0000,$
68131,10253,Incentive,,150.0000,$
68132,10254,Incentive,,50.0000,"% of cost"
68133,10254,Incentive,max,20.0000,$
68134,10255,Incentive,min,25.0000,$
68135,10255,Incentive,max,75.0000,$
68136,10256,Incentive,min,25.0000,$
68137,10256,Incentive,max,40.0000,$
68138,10257,Incentive,,25.0000,$
68139,10257,Incentive,,40.0000,$
68140,10258,Incentive,min,25.0000,$
68141,10258,Incentive,max,65.0000,$
68142,10259,Incentive,min,90.0000,$
68143,10259,Incentive,max,400.0000,$
68144,10260,Incentive,min,10.0000,$
68145,10260,Incentive,max,100.0000,$
68146,10261,Incentive,min,15.0000,$
68147,10261,Incentive,max,55.0000,$
68148,10262,Incentive,,15.0000,$
68149,10263,Incentive,,50.0000,$
68150,10264,Incentive,min,20.0000,$
68151,10264,Incentive,max,60.0000,$
68152,10265,Incentive,,200.0000,$/ton
68154,7546,Incentive,,10.0000,"% of cost"
68194,10266,Incentive,min,25.0000,$
68195,10266,Incentive,max,75.0000,$
68196,10267,Incentive,,25.0000,$
68197,10268,Incentive,,25.0000,$
68198,10269,Incentive,min,750.0000,$
68199,10269,Incentive,max,1000.0000,$
68200,10270,Incentive,,500.0000,$
68201,10271,Incentive,,400.0000,$/ton
68202,10272,Incentive,,100.0000,$
68203,10273,Incentive,min,200.0000,$
68204,10273,Incentive,max,600.0000,$
68205,10274,Incentive,,500.0000,$
68206,10275,Incentive,min,0.5000,$
68207,10275,Incentive,max,30.0000,$
68208,10276,Incentive,,500.0000,$
68209,3136,Incentive,,100.0000,"% of cost"
68210,7814,Incentive,,200.0000,$
68211,8096,Incentive,max,600.0000,$
68212,8096,Incentive,,25.0000,"% of cost"
68213,10277,Incentive,max,850.0000,
68214,10277,Incentive,,50.0000,"% of cost"
68221,7813,Incentive,min,500.0000,$
68222,7813,Incentive,max,1000.0000,$
68223,8097,Incentive,,100.0000,$
68224,8095,Incentive,,150.0000,$
68225,8099,Incentive,max,200.0000,$
68226,10278,Incentive,max,600.0000,$
68270,991,Incentive,,100.0000,"% of cost"
68271,991,Incentive,max,100.0000,$
68272,992,Incentive,,50.0000,"% of cost"
68273,992,Incentive,max,1500.0000,$
68274,993,Incentive,,30.0000,"% of cost"
68275,993,Incentive,max,1500.0000,$
68276,994,Incentive,,30.0000,"% of cost"
68277,994,Incentive,max,300.0000,$
68278,995,Incentive,,30.0000,"% of cost"
68279,995,Incentive,max,400.0000,$
68280,5223,Incentive,min,1500.0000,$/Unit
68281,5223,Incentive,max,2500.0000,$/Unit
68282,7126,Incentive,,1000.0000,$/Unit
68283,10279,Incentive,,30.0000,"% of cost"
68284,10279,Incentive,max,300.0000,$
68285,7806,Incentive,max,3000.0000,$
68286,7806,Incentive,,230.0000,$/kWh
68287,10280,Incentive,,150.0000,$
68288,10281,Incentive,max,100.0000,$/ton
68289,10282,Incentive,max,200.0000,$/ton
68290,10283,Incentive,max,300.0000,$/ton
68291,10284,Incentive,max,1000.0000,$/ton
68292,10285,Incentive,max,150.0000,$/ton
68293,10286,Incentive,,1000.0000,$/ton
68294,10287,Incentive,max,300.0000,$/horsepower
68295,10288,Incentive,min,,$/Unit
68296,10288,Incentive,max,,$/Unit
68297,7799,Incentive,,50.0000,$
68298,10289,Incentive,,500.0000,$
68299,10290,Incentive,,800.0000,$
68300,10291,Incentive,,900.0000,$
68301,10292,Incentive,,50.0000,"% of cost"
68302,10292,Incentive,max,1000.0000,$
68303,10293,Incentive,,500.0000,$
68304,36,System,max,7.0000,kW
68305,36,Incentive,,1.0000,$/W
68306,37,System,min,8.0000,kW
68307,37,System,max,250.0000,kW
68308,37,Incentive,,0.0400,$/kWh
68309,7591,System,min,250.1000,kW
68310,7591,System,max,500.0000,kW
68311,7591,Incentive,,0.0475,$/kW
68312,7592,System,min,500.1000,kW
68313,7592,System,max,1.0000,MW
68314,7592,Incentive,,0.0450,$/kWh
68408,10297,Incentive,min,200.0000,$
68409,10297,Incentive,max,250.0000,$
68410,10298,Incentive,min,200.0000,$
68411,10298,Incentive,max,1200.0000,$
68412,10299,Incentive,,800.0000,$
68413,10300,Incentive,,140.0000,$
68414,10301,Incentive,min,6.0000,"$/square foot"
68415,10301,System,max,8.0000,"Square Feet"
68416,10302,Incentive,,40.0000,$/Unit
68417,10303,Incentive,min,0.0900,"$/square foot"
68418,10303,Incentive,max,2.0000,"$/square foot"
68419,10304,Incentive,,2.0000,"$/square foot"
68420,10305,Incentive,min,0.1500,"$/square foot"
68421,10305,Incentive,max,1.2900,"$/square foot"
68422,10306,Incentive,min,700.0000,$/Unit
68423,10306,Incentive,max,1100.0000,$/Unit
68424,10307,Incentive,,35.0000,$
68425,10308,Incentive,,50.0000,$
68426,10309,Incentive,min,1200.0000,$
68427,10309,Incentive,max,1400.0000,$
68428,7796,Incentive,max,10500.0000,$
68429,7797,Incentive,,850.0000,$/kW
68430,7797,Incentive,,950.0000,$/kW
68431,10294,Incentive,max,1000.0000,$
68432,10294,Incentive,max,75.0000,"% of cost"
68433,10295,System,max,6.0000,kW
68434,10295,Incentive,,250.0000,$/kW
68435,10295,Incentive,max,1000.0000,$
68436,10295,Incentive,max,75.0000,"% of cost"
68437,10296,System,min,6.0000,kW
68438,10296,System,max,25.0000,kW
68439,10296,Incentive,,100.0000,$/kW
68440,10296,Incentive,max,1000.0000,$
68441,10296,Incentive,max,75.0000,"% of cost"
68442,474,System,max,25.0000,kW
68443,474,Incentive,min,100.0000,$/kW
68444,474,Incentive,max,30000.0000,$
68445,474,Incentive,max,40.0000,"% of cost"
68446,6761,System,max,25.0000,kW
68447,6761,Incentive,,250.0000,$/kW
68448,6761,Incentive,max,15000.0000,$
68449,6761,Incentive,max,40.0000,"% of cost"
68451,9599,System,min,2.0000,kW
68452,9599,System,max,25.0000,kW
68453,9599,Incentive,,500.0000,$
68454,9600,System,min,2.0000,kW
68455,9600,System,max,250.0000,kW
68456,9600,Incentive,,500.0000,$
68457,2179,Incentive,,100.0000,%
68458,143,Incentive,,100.0000,%
68459,351,Incentive,,100.0000,%
68460,7778,Incentive,,3000.0000,$
68461,7916,Incentive,,2000.0000,$
68462,7917,Incentive,,2000.0000,$
68463,7776,Incentive,,3000.0000,$
68490,10310,Incentive,min,3.0000,$
68491,10310,Incentive,max,900.0000,$
68492,10311,Incentive,,4.5000,$/horsepower
68493,10312,Incentive,min,1000.0000,$
68494,10312,Incentive,max,2000.0000,$
68495,10313,Incentive,min,30.0000,$
68496,10313,Incentive,max,1700.0000,$
68497,10314,Incentive,max,1500.0000,$
68498,10315,Incentive,,40.0000,$/ton
68499,10316,Incentive,min,3.0000,$/Unit
68500,10316,Incentive,max,200.0000,$/Unit
68501,10317,Incentive,,0.0800,$/kW
68502,10317,Incentive,,0.1500,$/kW
68503,10318,Incentive,,40.0000,$/horsepower
68511,10319,Incentive,min,3.0000,$
68512,10319,Incentive,max,900.0000,$
68513,10320,Incentive,,4.5000,$/horsepower
68514,10321,Incentive,min,1000.0000,$
68515,10321,Incentive,max,2000.0000,$
68516,10322,Incentive,min,30.0000,$
68517,10322,Incentive,max,1700.0000,$
68518,10323,Incentive,max,1500.0000,$
68519,10324,Incentive,,40.0000,$/ton
68520,10325,Incentive,min,3.0000,$/Unit
68521,10325,Incentive,max,200.0000,$/Unit
68522,10326,Incentive,min,0.0800,$/kW
68523,10326,Incentive,max,0.1500,$/kW
68524,10327,Incentive,,40.0000,$/horsepower
68525,1818,Incentive,,100.0000,%
68526,1817,Incentive,,100.0000,%
68527,7587,System,max,7.6900,kW
68528,7587,Incentive,,0.6500,$/W
68529,7588,Incentive,,2000.0000,$
68530,9505,Incentive,min,0.2000,$/W
68531,9505,Incentive,max,0.7000,$/W
68566,2043,Incentive,max,7500.0000,$
68567,2043,Incentive,max,33.0000,"% of cost"
68568,2044,Incentive,max,15000.0000,$
68569,2044,Incentive,max,33.0000,"% of cost"
68570,2045,Incentive,max,50.0000,"% of cost"
68571,2045,Incentive,max,3000.0000,$
68572,2046,Incentive,max,50.0000,"% of cost"
68573,2046,Incentive,max,10000.0000,$
68574,2047,Incentive,max,3000.0000,$
68575,7061,Incentive,max,3500.0000,$
68580,10328,System,,4.0000,
68581,10329,System,,6.0000,
68588,9594,System,max,5.0000,MW
68589,9594,Incentive,min,250.0000,$/kW
68590,9594,Incentive,max,300.0000,$/kW
68591,8501,Incentive,min,1000.0000,$
68592,8501,Incentive,max,1500.0000,$
68593,9514,Incentive,,0.0300,"$/kWh (10 years)"
68594,9515,Incentive,,0.0200,"$/kWh (10 years)"
68595,9516,Incentive,,0.0200,"$/kWh (10 years)"
68596,160,Incentive,max,1.0000,$
68597,160,Incentive,min,15.0000,"$/square foot"
68598,161,Incentive,,500.0000,$
68699,10334,Incentive,max,90.0000,"% of cost"
68700,10335,Incentive,max,100.0000,"% of cost"
68702,10336,Incentive,,200.0000,$/Unit
68715,2512,Incentive,max,3000.0000,$/ton
68716,7429,Incentive,min,85.0000,$/Unit
68717,7429,Incentive,max,130.0000,$/Unit
68718,7432,Incentive,max,1200.0000,$
68719,7433,Incentive,,60.0000,$
68720,10337,Incentive,min,15.0000,$/Unit
68721,10337,Incentive,max,25.0000,$/Unit
68722,10338,Incentive,,25.0000,$/Unit
68723,10339,Incentive,,35.0000,$/Unit
68724,6770,Incentive,max,100.0000,"% of cost"
68725,6770,Incentive,max,5000.0000,$
68726,7834,Incentive,,25.0000,$
68727,7835,Incentive,,75.0000,$
68728,7836,Incentive,,100.0000,$
68729,7836,Incentive,,400.0000,$
68730,7837,Incentive,,25.0000,$
68731,7837,Incentive,,350.0000,$
68732,7838,Incentive,,25.0000,$
68733,7838,Incentive,min,150.0000,$
68734,7838,Incentive,max,1000.0000,$
68735,7839,Incentive,min,400.0000,$/ton
68736,7839,Incentive,max,500.0000,$/ton
68737,7840,Incentive,,200.0000,$
68738,7840,Incentive,,400.0000,$
68739,7841,Incentive,,2.0000,$/bulb
68740,7841,Incentive,,30.0000,$
68741,7842,Incentive,,500.0000,$
68764,231,Incentive,min,30.0000,$/MWh
68765,231,Incentive,max,47.0000,$/MWh
68766,8896,Incentive,min,600.0000,$/kW
68767,8896,Incentive,max,1000.0000,$/kW
68768,8910,Incentive,,750.0000,$/kW
68769,8910,Incentive,max,7500.0000,$
68780,6777,Incentive,max,50.0000,"% of cost"
68781,6777,Incentive,,90.0000,"% of cost"
68782,6777,Incentive,,100.0000,"% of cost"
68783,10342,Incentive,max,3500.0000,$/Unit
68784,10343,Incentive,max,6300.0000,$/Unit
68785,10344,Incentive,max,7000.0000,$/Unit
68786,10345,Incentive,max,350.0000,$/kW
68787,10346,Incentive,max,630.0000,$/kW
68788,10347,Incentive,max,700.0000,$/kW
68789,6771,Incentive,max,100.0000,"% of cost"
68822,10348,Incentive,min,1800.0000,$/Unit
68823,10348,Incentive,max,2200.0000,$/Unit
68824,10349,Incentive,,140.0000,$/Unit
68825,10350,Incentive,,500.0000,$/Unit
68826,10351,Incentive,,50.0000,$/Unit
68827,10352,Incentive,min,100.0000,$/Unit
68828,10352,Incentive,max,200.0000,$/Unit
68829,10353,Incentive,max,1000.0000,$
68830,10354,Incentive,min,600.0000,$
68831,10354,Incentive,max,1700.0000,$
68832,10355,Incentive,min,6.0000,"$/square foot"
68833,10355,Incentive,max,8.0000,"$/square foot"
68834,10356,Incentive,,1.0000,"$/square foot"
68835,10357,Incentive,,2.0000,"$/square foot"
68836,10358,Incentive,,250.0000,$
68859,4429,Incentive,max,35.0000,$/Unit
68860,4429,Incentive,min,30.0000,$/Unit
68861,4431,Incentive,min,800.0000,$/Unit
68862,4431,Incentive,max,900.0000,$/Unit
68863,4432,Incentive,,6.0000,"$/square foot"
68864,4433,Incentive,min,1000.0000,$/Unit
68865,4433,Incentive,max,1200.0000,$/Unit
68866,7208,Incentive,,0.9000,"$/square foot"
68867,7209,Incentive,,250.0000,$
68868,10359,Incentive,,50.0000,$/Unit
68869,10360,Incentive,,2.0000,"$/square foot"
68870,10361,Incentive,,800.0000,$
68875,10362,Incentive,max,90.0000,"% of cost"
68876,10363,Incentive,max,100.0000,"% of cost"
68908,4274,Incentive,max,50.0000,$/Unit
68909,4278,Incentive,min,0.1500,"$/square foot"
68910,4278,Incentive,max,2.0000,"$/square foot"
68911,4279,Incentive,,8.0000,"$/square foot"
68912,4279,Incentive,,10.0000,"$/square foot"
68913,4280,Incentive,,40.0000,$/Unit
68914,7215,Incentive,,140.0000,$/Unit
68915,7216,Incentive,,250.0000,$/Unit
68916,10364,Incentive,min,1400.0000,$/Unit
68917,10364,Incentive,max,2200.0000,$/Unit
68918,10365,Incentive,,920.0000,$
68919,10366,Incentive,,1250.0000,$
68926,10367,Incentive,max,300.0000,$
68927,10368,Incentive,max,1000.0000,$
68928,10369,Incentive,max,1000.0000,$
68929,10370,Incentive,max,5000.0000,$
68930,7004,Incentive,,250.0000,$
68931,7009,Incentive,,1000.0000,$/Unit
68932,7010,Incentive,,2300.0000,$/Unit
68977,10371,Incentive,min,700.0000,$
68978,10371,Incentive,max,1100.0000,$
68979,10372,Incentive,,200.0000,$
68980,10373,Incentive,,6.0000,"$/square foot"
68981,10374,Incentive,min,6.0000,$
68982,10374,Incentive,max,32.0000,$
68983,10375,Incentive,min,0.3500,$
68984,10375,Incentive,max,2.0000,$
68985,10376,Incentive,min,0.7500,"$/square foot"
68986,10376,Incentive,max,0.9000,"$/square foot"
68987,10377,Incentive,,2.0000,"$/square foot"
68988,10378,Incentive,,30.0000,$/Unit
68989,10379,Incentive,,50.0000,$/Unit
68990,10380,Incentive,,140.0000,$
68991,10381,Incentive,min,700.0000,$
68992,10381,Incentive,max,1100.0000,$
68993,10382,Incentive,,1200.0000,$
68994,10383,Incentive,min,1000.0000,$
68995,10383,System,max,1200.0000,$
68996,10384,Incentive,,800.0000,$
68997,10385,Incentive,,100.0000,$
69056,10386,Incentive,min,300.0000,$/ton
69057,10386,Incentive,max,1000.0000,$/ton
69058,10387,Incentive,min,150.0000,$/ton
69059,10387,Incentive,max,1000.0000,$/ton
69060,10388,Incentive,min,350.0000,$/ton
69061,10388,Incentive,max,1000.0000,$/ton
69062,10389,Incentive,min,180.0000,$/Unit
69063,10389,Incentive,max,300.0000,$/Unit
69064,10390,Incentive,,350.0000,$/Unit
69065,10391,Incentive,,100.0000,$/Unit
69066,10391,Incentive,,600.0000,$/Unit
69067,10392,Incentive,min,900.0000,$/Unit
69068,10392,Incentive,,2000.0000,$/Unit
69069,10393,Incentive,min,55.0000,$/Unit
69070,10393,Incentive,max,140.0000,$/Unit
69071,10394,Incentive,min,3.0000,"$/square foot"
69072,10394,Incentive,max,9.0000,"$/square foot"
69073,10395,Incentive,min,0.8000,"$/square foot"
69074,10395,Incentive,max,1.8000,"$/square foot"
69075,10396,Incentive,min,1500.0000,$
69076,10396,Incentive,max,2000.0000,$
69082,10397,Incentive,,100.0000,%
69083,10398,Incentive,,100.0000,%
69084,159,Incentive,,100.0000,%
69085,2251,Incentive,,0.5000,$/W
69086,2251,Incentive,max,6000.0000,$
69087,2252,Incentive,min,0.2500,$/W
69088,2252,Incentive,max,0.5000,$/W
69089,2252,Incentive,max,36250.0000,$
69090,191,Incentive,,0.5000,$/W-DC
69091,191,Incentive,max,5000.0000,$
69092,192,Incentive,min,0.2500,$/W-DC
69093,192,Incentive,max,0.5000,$/W-DC
69109,6346,System,max,200.0000,kW
69110,6346,Incentive,,0.0800,$/kWh
69111,7236,System,min,200.0000,kW
69112,7236,System,max,999.0000,kW
69113,7236,Incentive,,0.0600,$/kWh
69114,7237,System,max,400.0000,kW
69115,7237,Incentive,,0.0800,$/kWh
69116,7238,System,min,400.0000,kW
69117,7238,System,max,999.0000,kW
69118,7238,Incentive,,0.0600,$/kWh
69119,10399,System,min,1000.0000,kW
69120,10399,Incentive,,0.0400,$/kWh
69121,10400,System,max,100.0000,kW
69122,10400,Incentive,,0.5000,$/W
69123,10401,Incentive,,0.7000,$/W
69124,6345,Incentive,,0.6000,$/W
69125,6345,Incentive,max,2500.0000,$/Unit
69126,7235,Incentive,,1.0000,$/W
69127,7235,Incentive,max,2500.0000,$/Unit
69128,156,Incentive,,2500.0000,$
69129,1658,Incentive,,0.6000,$/W
69130,1658,Incentive,max,80000.0000,$
69131,1658,Incentive,max,50.0000,"% of cost"
69132,9571,System,min,3.0000,kW-AC
69133,9571,System,max,15.0000,kW-AC
69159,7902,Incentive,min,25.0000,$
69160,7902,Incentive,max,115.0000,$
69161,7903,System,,15.0000,
69162,7904,Incentive,min,25.0000,$
69163,7904,Incentive,max,40.0000,$
69164,7905,Incentive,,25.0000,$
69165,7906,Incentive,min,15.0000,$
69166,7906,Incentive,,100.0000,$
69167,7907,Incentive,,100.0000,$
69168,7908,Incentive,min,100.0000,$
69169,7908,Incentive,max,400.0000,$
69170,7909,Incentive,min,60.0000,$
69171,7909,Incentive,max,400.0000,$
69172,7910,Incentive,min,200.0000,$
69173,7910,Incentive,max,500.0000,$
69174,7911,Incentive,,50.0000,$
69175,7912,Incentive,max,350.0000,$
69176,7912,Incentive,min,150.0000,$
69177,7913,Incentive,min,250.0000,$
69178,7913,Incentive,max,350.0000,$
69179,10340,Incentive,,15.0000,$
69180,10341,Incentive,,500.0000,$
69181,10402,Incentive,min,200.0000,$/ton
69182,10402,Incentive,max,220.0000,$/ton
69183,10402,Incentive,max,50.0000,"% of cost"
69184,9550,Incentive,,50.0000,"% of cost"
69185,9550,Incentive,max,20.0000,$/Unit
69186,9552,Incentive,min,25.0000,$
69187,9552,Incentive,max,90.0000,$
69188,9553,Incentive,,15.0000,$
69189,9554,Incentive,min,25.0000,$
69190,9554,Incentive,max,40.0000,$
69191,9555,Incentive,,25.0000,$
69192,9556,Incentive,,25.0000,$
69193,9557,Incentive,max,100.0000,$
69194,9558,Incentive,min,200.0000,$
69195,9558,Incentive,max,1000.0000,$
69196,9559,Incentive,min,800.0000,$
69197,9559,Incentive,max,1000.0000,$
69198,9560,Incentive,,50.0000,$
69199,9560,Incentive,max,100.0000,$
69200,9561,Incentive,,100.0000,$
69201,9562,Incentive,,200.0000,$
69202,9563,Incentive,,350.0000,$
69203,9564,Incentive,,200.0000,$
69204,9565,Incentive,,500.0000,$
69205,9566,Incentive,,60.0000,$
69206,10331,Incentive,,15.0000,"$/square foot"
69207,10331,Incentive,max,1200.0000,$
69208,10332,Incentive,,500.0000,$
69209,10333,Incentive,,15.0000,$
69210,10403,Incentive,,200.0000,$/ton
69211,1313,Incentive,max,200.0000,$
69212,1314,Incentive,,200.0000,$/Unit
69213,1315,Incentive,,200.0000,$/Unit
69214,10181,Incentive,,200.0000,$
69225,9907,Incentive,,1500.0000,$
69226,9908,Incentive,,800.0000,$
69227,9909,Incentive,min,500.0000,$
69228,9909,Incentive,max,800.0000,$
69229,9910,Incentive,min,250.0000,$
69230,9910,Incentive,max,400.0000,$
69231,9911,Incentive,min,50.0000,$
69232,9911,Incentive,max,300.0000,$
69233,9912,Incentive,min,300.0000,$
69234,9912,Incentive,max,500.0000,$
69235,9901,Incentive,,1500.0000,$/Unit
69236,9902,Incentive,,800.0000,$
69237,9903,Incentive,min,500.0000,$/Unit
69238,9903,Incentive,max,800.0000,$/Unit
69239,9904,Incentive,min,250.0000,$/Unit
69240,9904,Incentive,max,400.0000,$/Unit
69241,9905,Incentive,min,50.0000,$/Unit
69242,9905,Incentive,max,300.0000,$/Unit
69243,9906,Incentive,min,300.0000,$/Unit
69244,9906,Incentive,max,500.0000,$/Unit
69245,9895,Incentive,,1500.0000,$/Unit
69246,9896,Incentive,,800.0000,$
69247,9897,Incentive,min,500.0000,$/Unit
69248,9897,Incentive,max,800.0000,$/Unit
69249,9898,Incentive,min,250.0000,$/Unit
69250,9898,Incentive,max,400.0000,$/Unit
69251,9899,Incentive,min,50.0000,$/Unit
69252,9899,Incentive,max,300.0000,$/Unit
69253,9900,Incentive,min,300.0000,$/Unit
69254,9900,Incentive,max,500.0000,$/Unit
69255,9889,Incentive,,1500.0000,$
69256,9890,Incentive,,800.0000,$
69257,9891,Incentive,min,500.0000,$
69258,9891,Incentive,max,800.0000,$
69259,9892,Incentive,min,250.0000,$
69260,9892,Incentive,max,400.0000,$
69261,9893,Incentive,min,50.0000,$
69262,9893,Incentive,max,300.0000,$
69263,9894,Incentive,min,300.0000,$
69264,9894,Incentive,max,500.0000,$
69265,9883,Incentive,,1500.0000,$
69266,9884,Incentive,,800.0000,$
69267,9885,Incentive,min,500.0000,$
69268,9885,Incentive,max,800.0000,$
69269,9886,Incentive,min,250.0000,$
69270,9886,Incentive,max,400.0000,$
69271,9887,Incentive,min,50.0000,$
69272,9887,Incentive,max,300.0000,$
69273,9888,Incentive,min,300.0000,$
69274,9888,Incentive,max,500.0000,$
69275,9877,Incentive,,1500.0000,$
69276,9878,Incentive,,800.0000,$
69277,9879,Incentive,min,500.0000,$
69278,9879,Incentive,max,800.0000,$
69279,9880,Incentive,min,250.0000,$
69280,9880,Incentive,max,400.0000,$
69281,9881,Incentive,min,50.0000,$
69282,9881,Incentive,max,300.0000,$
69283,9882,Incentive,min,300.0000,$
69284,9882,Incentive,max,500.0000,$
69295,9871,Incentive,,1500.0000,$/Unit
69296,9872,Incentive,,800.0000,$
69297,9873,Incentive,min,500.0000,$/Unit
69298,9873,Incentive,max,800.0000,$/Unit
69299,9874,Incentive,min,250.0000,$/Unit
69300,9874,Incentive,max,400.0000,$/Unit
69301,9875,Incentive,min,50.0000,$/Unit
69302,9875,Incentive,max,300.0000,$/Unit
69303,9876,Incentive,min,300.0000,$
69304,9876,Incentive,max,500.0000,$
69305,9839,Incentive,min,100.0000,$/Unit
69306,9839,Incentive,max,150.0000,$/Unit
69307,9840,Incentive,min,600.0000,$/ton
69308,9840,Incentive,max,840.0000,$/ton
69309,9841,Incentive,min,800.0000,$/ton
69310,9841,Incentive,max,1040.0000,$/ton
69311,9842,Incentive,min,300.0000,$/ton
69312,9842,Incentive,max,500.0000,$/ton
69313,9843,Incentive,min,900.0000,$/ton
69314,9843,Incentive,max,1340.0000,$/ton
69315,9844,Incentive,,40.0000,$/kW
69316,9845,Incentive,max,150.0000,$/Unit
69317,9846,Incentive,max,5000.0000,$
69318,9847,Incentive,min,100.0000,$/Unit
69319,9847,Incentive,max,400.0000,$/Unit
69320,9848,Incentive,,500.0000,$/Unit
69321,9849,Incentive,max,2800.0000,$
69322,9850,Incentive,,200.0000,$/Unit
69323,9851,Incentive,,50.0000,$/Unit
69324,9852,Incentive,,25.0000,$/Unit
69325,9853,Incentive,,10.0000,$
69326,9854,Incentive,,50.0000,$/Unit
69327,9855,Incentive,,50.0000,$/Unit
69328,9856,Incentive,,50.0000,$/Unit
69329,9857,Incentive,,50.0000,$/Unit
69330,9858,Incentive,,25.0000,$/Unit
69331,9859,Incentive,,25.0000,$/Unit
69332,10404,Incentive,min,1200.0000,$/ton
69333,10404,Incentive,max,1640.0000,$/ton
69334,9827,Incentive,min,1.0000,$/gallon
69335,9827,Incentive,max,3.0000,$/gallon
69336,9828,Incentive,,350.0000,$/Unit
69337,9829,Incentive,min,30.0000,$/Unit
69338,9829,Incentive,max,90.0000,$/Unit
69339,9830,Incentive,,60.0000,$/Unit
69340,9831,Incentive,min,100.0000,$/Unit
69341,9831,Incentive,max,350.0000,$/Unit
69342,9832,Incentive,,25.0000,$/Unit
69343,9833,Incentive,min,500.0000,$/Unit
69344,9833,Incentive,max,1500.0000,$/Unit
69345,9834,Incentive,min,500.0000,$/Unit
69346,9834,Incentive,max,1500.0000,$/Unit
69347,9835,Incentive,min,250.0000,$/ton
69348,9835,Incentive,max,500.0000,$/ton
69349,9836,Incentive,,100.0000,$/Unit
69350,9837,Incentive,,50.0000,"% of cost"
69351,9837,Incentive,,1000.0000,$
69352,9838,Incentive,,50.0000,"% of cost"
69353,9838,Incentive,max,7500.0000,$
69354,10405,Incentive,,100.0000,$/Unit
69362,9381,Incentive,,200.0000,$/ton
69363,9382,Incentive,min,300.0000,$/ton
69364,9382,Incentive,max,800.0000,$/ton
69365,9383,Incentive,max,35.0000,"% of cost"
69366,9383,Incentive,max,10000.0000,$
69367,9384,Incentive,max,200.0000,$
69368,9385,Incentive,max,400.0000,$
69369,1110,Incentive,,500.0000,$/ton
69370,1111,Incentive,,300.0000,$/ton
69371,1113,Incentive,,200.0000,$/Unit
69372,6069,Incentive,,50.0000,$/Unit
69373,9380,Incentive,,400.0000,$
69440,10406,Incentive,,40.0000,$
69441,10407,Incentive,,40.0000,$
69442,10408,Incentive,,200.0000,$
69443,10409,Incentive,,45.0000,$
69444,10410,Incentive,,100.0000,$
69445,10411,Incentive,,75.0000,$
69446,10412,Incentive,max,1675.0000,$
69447,10413,Incentive,max,1000.0000,$
69448,10414,Incentive,min,800.0000,$
69449,10414,Incentive,max,6000.0000,$
69450,10415,Incentive,,150.0000,$
69451,10416,Incentive,,75.0000,$
69452,10417,Incentive,,150.0000,$
69453,10418,Incentive,,300.0000,$
69454,10419,Incentive,,150.0000,$
69455,10420,Incentive,,5.0000,$/Unit
69456,10421,Incentive,,75.0000,$
69457,10422,Incentive,max,13.0000,$
69458,10423,Incentive,,100.0000,$
69459,10424,Incentive,min,500.0000,$/ton
69460,10424,Incentive,max,750.0000,$/ton
69461,3258,Incentive,,150.0000,$/Unit
69462,3259,Incentive,min,300.0000,$/Unit
69463,3259,Incentive,max,400.0000,$/Unit
69464,7233,Incentive,,500.0000,$/Unit
69472,9261,Incentive,max,500.0000,$
69473,9262,Incentive,,75.0000,$
69474,9263,Incentive,max,500.0000,$
69475,9264,Incentive,max,400.0000,$
69476,9265,Incentive,max,500.0000,$
69477,9266,Incentive,max,1025.0000,$
69478,9267,Incentive,max,500.0000,$
69479,9212,Incentive,min,50.0000,$
69480,9212,Incentive,max,75.0000,$
69481,9213,Incentive,min,25.0000,$
69482,9213,Incentive,max,30.0000,$
69483,9214,Incentive,,20.0000,$
69484,9184,Incentive,,800.0000,$
69495,7692,Incentive,min,250.0000,$
69496,7692,Incentive,max,700.0000,$
69497,7692,Incentive,,50.0000,"% of cost"
69498,7693,Incentive,min,400.0000,$/ton
69499,7693,Incentive,max,750.0000,$/ton
69500,7694,Incentive,,50.0000,"% of cost"
69501,7694,Incentive,max,15.0000,$
69502,7695,Incentive,,50.0000,$
69503,10425,Incentive,min,250.0000,$/ton
69504,10425,Incentive,max,750.0000,$/ton
69508,7713,Incentive,min,300.0000,$
69509,7713,Incentive,max,500.0000,$
69510,7714,Incentive,max,1000.0000,$
69528,8187,Incentive,max,600.0000,$
69529,8188,Incentive,max,6000.0000,$
69530,8189,Incentive,max,90.0000,$
69531,8190,Incentive,,400.0000,$
69532,8191,Incentive,max,100.0000,$
69533,8192,Incentive,max,2000.0000,$
69534,8193,Incentive,max,5000.0000,$
69535,8194,Incentive,,100.0000,$/fixture
69536,8195,Incentive,,150.0000,$
69537,8196,Incentive,max,6000.0000,$
69538,8197,Incentive,,6500.0000,$
69539,8198,Incentive,min,1000.0000,$/ton
69540,8198,Incentive,max,2100.0000,$/ton
69541,8199,Incentive,min,1000.0000,$/ton
69542,8199,Incentive,max,2600.0000,$/ton
69543,8200,Incentive,max,6000.0000,$
69544,9146,Incentive,max,400.0000,$
69545,7734,Incentive,max,750.0000,$
69546,7735,Incentive,min,300.0000,$/ton
69547,7735,Incentive,max,500.0000,$/ton
69548,7735,Incentive,,150.0000,$/Unit
69549,7736,Incentive,,50.0000,$/Unit
69550,7737,Incentive,min,300.0000,$/ton
69551,7737,Incentive,max,750.0000,$/ton
69552,9077,Incentive,min,40.0000,$/ton
69553,9077,Incentive,max,60.0000,$/ton
69554,9078,Incentive,min,1400.0000,$/Unit
69555,9078,Incentive,max,1600.0000,$/Unit
69556,9079,Incentive,min,50.0000,$/ton
69557,9079,Incentive,max,85.0000,$/ton
69558,9080,Incentive,min,150.0000,$/Unit
69559,9080,Incentive,max,1800.0000,$/Unit
69560,9081,Incentive,min,1550.0000,$/Unit
69561,9081,Incentive,max,3100.0000,$/Unit
69562,9082,Incentive,min,20.0000,$/Unit
69563,9082,Incentive,max,6200.0000,$/Unit
69564,9083,Incentive,min,350.0000,$/Unit
69565,9083,Incentive,max,750.0000,$/Unit
69566,9084,Incentive,min,20.0000,$/Unit
69567,9084,Incentive,max,2000.0000,$/Unit
69568,9085,Incentive,,0.1000,$/kWh
69584,9052,Incentive,max,0.5000,$/Unit
69585,9052,Incentive,,200.0000,$/Unit
69586,9053,Incentive,min,75.0000,$/Unit
69587,9053,Incentive,max,125.0000,$/Unit
69588,9054,Incentive,min,50.0000,$/Unit
69589,9054,Incentive,,125.0000,
69590,9055,Incentive,min,12.0000,$
69591,9055,Incentive,max,30.0000,$
69592,9057,Incentive,min,35.0000,$/ton
69593,9057,Incentive,max,100.0000,$/ton
69594,9058,Incentive,,50.0000,$/ton
69595,9058,Incentive,,100.0000,$/ton
69596,9059,Incentive,,75.0000,$
69597,9060,Incentive,,100.0000,$/ton
69598,9061,Incentive,,500.0000,$/Unit
69599,1700,Incentive,,110.0000,$/kW
69600,1700,Incentive,,0.0300,$/kWh
69601,1701,Incentive,,207.0000,$/kW
69602,1701,Incentive,,0.0600,$/kWh
69603,1702,Incentive,,374.0000,$/kW
69604,1702,Incentive,,0.1100,$/kWh
69605,1703,Incentive,,180.0000,$/kW
69606,1703,Incentive,,0.0700,$/kWh
69607,1704,Incentive,,200.0000,$/kW
69608,1704,Incentive,,0.0600,$/kWh
69609,1705,Incentive,,240.0000,$/kW
69610,1705,Incentive,,0.0900,$/kWh
69611,1755,Incentive,,180.0000,$/kW
69612,1755,Incentive,,0.0600,$/kWh
69613,7103,Incentive,,220.0000,$/kW
69614,7103,Incentive,,0.0600,$/kWh
69615,7104,Incentive,,200.0000,$/kW
69616,7104,Incentive,,0.0300,$/kWh
69630,3938,Incentive,min,50.0000,$/Unit
69631,3938,Incentive,max,75.0000,$/Unit
69632,3939,Incentive,,100.0000,$/Unit
69633,3940,Incentive,,50.0000,$/Unit
69634,3941,Incentive,,3.0000,$/Unit
69635,3942,Incentive,,3.0000,"$/square foot"
69636,3943,Incentive,min,0.2500,"$/square foot"
69637,3943,Incentive,max,0.3500,"$/square foot"
69638,3944,Incentive,min,100.0000,$/ton
69639,3944,Incentive,max,350.0000,$/ton
69640,3945,Incentive,,500.0000,$/ton
69641,3946,Incentive,,150.0000,$
69642,8931,Incentive,,500.0000,$
69643,2720,Incentive,min,25.0000,$/Unit
69644,2720,Incentive,max,1000.0000,$/Unit
69645,5359,Incentive,,50.0000,$/Unit
69646,10426,Incentive,,750.0000,$/ton
69647,10426,Incentive,,1000.0000,$/ton
69648,9530,Incentive,min,300.0000,$
69649,9530,Incentive,max,600.0000,$
69650,9531,Incentive,,50.0000,$/kW
69651,9531,Incentive,max,25000.0000,$
69652,2858,Incentive,min,400.0000,$/Unit
69653,2858,Incentive,max,3300.0000,$
69654,2860,Incentive,,0.3000,"$/square foot"
69655,2860,Incentive,max,600.0000,$
69656,2861,Incentive,,30.0000,$/Unit
69657,7054,Incentive,min,400.0000,$
69658,7054,Incentive,max,650.0000,$
69659,10427,Incentive,min,2400.0000,$/Unit
69660,10427,Incentive,max,3300.0000,$/Unit
69662,10428,Incentive,max,2000.0000,$
69663,10429,Incentive,max,2000.0000,$
69686,106,Incentive,,50.0000,$/Unit
69687,107,Incentive,,25.0000,$/Unit
69688,4974,Incentive,,25.0000,$/Unit
69689,4975,Incentive,,100.0000,$/Unit
69690,7083,Incentive,,50.0000,"% of cost"
69691,7083,Incentive,max,1000.0000,$
69692,8897,Incentive,,500.0000,$/ton
69693,8898,Incentive,,500.0000,$/Unit
69694,8899,Incentive,,500.0000,$/ton
69695,8900,Incentive,,300.0000,$
69696,8901,Incentive,,50.0000,$
69697,8876,Incentive,min,15.0000,$
69698,8876,Incentive,max,25.0000,$
69699,8877,Incentive,,15.0000,$
69700,8878,Incentive,min,20.0000,$
69701,8878,Incentive,min,50.0000,$
69702,8879,Incentive,,15.0000,$
69703,8880,Incentive,,300.0000,$
69704,10430,Incentive,min,800.0000,$/ton
69705,10430,Incentive,max,1000.0000,$/ton
69706,10430,Incentive,,400.0000,$/Unit
69709,10431,Incentive,min,500.0000,$
69710,10431,Incentive,max,3000.0000,$
69711,2390,Incentive,,25.0000,"% of cost"
69712,2390,Incentive,max,3000.0000,$
69713,2391,Incentive,,25.0000,"% of cost"
69714,2391,Incentive,max,5000.0000,$
69715,7590,Incentive,,25.0000,"% of cost"
69716,10432,Incentive,,2000.0000,$
69735,8871,Incentive,min,60.0000,$/horsepower
69736,8871,Incentive,max,95.0000,$/horsepower
69737,8872,Incentive,max,70.0000,"% of cost"
69738,8873,Incentive,min,600.0000,$/ton
69739,8873,Incentive,max,750.0000,$/ton
69740,8874,Incentive,min,50.0000,$/Unit
69741,8874,Incentive,max,500.0000,$/Unit
69742,8875,Incentive,,6.0000,$/Unit
69743,8875,Incentive,,50.0000,$/Unit
69744,10433,Incentive,,200.0000,$/ton
69746,10434,Incentive,,200.0000,$/ton
69747,10435,Incentive,,300.0000,$/ton
69749,10436,Incentive,,330.0000,$/ton
69750,10437,Incentive,min,2400.0000,$/ton
69751,10437,Incentive,max,3300.0000,$/ton
69754,8804,Incentive,min,6.0000,$
69755,8804,Incentive,max,40.0000,$
69756,8805,Incentive,max,400.0000,$
69757,8806,Incentive,min,0.3000,"$/square foot"
69758,8806,Incentive,max,2.0000,"$/square foot"
69759,8807,Incentive,,60.0000,$
69760,8808,Incentive,min,140.0000,$
69761,8808,Incentive,max,165.0000,$
69762,8809,Incentive,min,200.0000,$
69763,8809,Incentive,max,1200.0000,$
69764,8810,Incentive,min,200.0000,$
69765,8810,Incentive,max,250.0000,$
69766,8811,Incentive,min,30.0000,$
69767,8811,Incentive,max,35.0000,$
69768,8812,Incentive,min,700.0000,$
69769,8812,Incentive,max,1100.0000,$
69770,8813,Incentive,min,1200.0000,$
69771,8813,Incentive,max,2500.0000,$
69772,10438,Incentive,,1202.0000,$
69773,8726,Incentive,,1000.0000,$/Unit
69774,8727,Incentive,max,1000.0000,$/BTU
69775,8728,Incentive,max,2000.0000,$
69776,2305,Incentive,max,500.0000,$/Unit
69777,5703,Incentive,,150.0000,$/Unit
69778,10439,Incentive,,150.0000,$
69824,8707,Incentive,min,15.0000,$/Unit
69825,8707,Incentive,max,450.0000,$/Unit
69826,8708,Incentive,min,10.0000,$/Unit
69827,8708,Incentive,max,400.0000,$/Unit
69828,8709,Incentive,min,0.0900,$/Unit
69829,8709,Incentive,max,85.0000,$/Unit
69830,8710,Incentive,min,1.2500,$/Unit
69831,8710,Incentive,max,4000.0000,$/Unit
69832,10440,Incentive,,30.0000,$/ton
69833,8701,Incentive,min,3.0000,$
69834,8701,Incentive,max,125.0000,$
69835,8702,Incentive,min,20.0000,$
69836,8702,Incentive,max,100.0000,$
69837,8703,Incentive,min,20.0000,$
69838,8703,Incentive,max,50.0000,$
69839,8704,Incentive,,60.0000,$/horsepower
69840,8705,Incentive,min,5.0000,$/horsepower
69841,8705,Incentive,max,400.0000,$/horsepower
69842,8706,Incentive,min,50.0000,$/ton
69843,8706,Incentive,max,175.0000,$/ton
69865,8689,Incentive,,3.0000,$/ton
69866,8690,Incentive,,50.0000,$/Unit
69867,8691,Incentive,,50.0000,"% of cost"
69868,8691,Incentive,,50.0000,$
69869,8692,Incentive,min,15.0000,$
69870,8692,Incentive,max,2700.0000,$
69871,10441,Incentive,min,200.0000,$/ton
69878,8685,Incentive,,3.0000,$/ton
69879,8686,Incentive,,50.0000,$/Unit
69880,8687,Incentive,,50.0000,"% of cost"
69881,8687,Incentive,max,50.0000,$
69882,8688,Incentive,min,15.0000,$
69883,8688,Incentive,,2700.0000,$
69884,10442,Incentive,min,200.0000,$/ton
69885,10443,Incentive,,200.0000,$/ton
69888,10444,Incentive,min,1000.0000,$/ton
69889,10444,Incentive,max,1200.0000,$/ton
69890,10445,Incentive,max,25000.0000,$
69891,10446,Incentive,max,35000.0000,$
69892,10447,Incentive,min,500.0000,$/ton
69897,4361,Incentive,max,900.0000,$/Unit
69898,4362,Incentive,max,5000.0000,$/Unit
69899,4363,Incentive,max,700.0000,$/Unit
69900,7052,Incentive,,100.0000,$
69901,8558,Incentive,,25.0000,$
69902,8559,Incentive,,25.0000,$
69903,8560,Incentive,,25.0000,$
69904,8561,Incentive,min,200.0000,$/ton
69905,8561,Incentive,,300.0000,$/ton
69906,8562,Incentive,,400.0000,$/ton
69907,8563,Incentive,min,0.5000,$
69908,8563,Incentive,max,5.0000,$
69909,8564,Incentive,,5.0000,$
69910,8565,Incentive,min,150.0000,$
69911,8565,Incentive,max,300.0000,$
69912,8566,Incentive,max,500.0000,$
69913,8539,Incentive,min,150.0000,$
69914,8539,Incentive,max,300.0000,$
69915,8540,Incentive,min,0.5000,$
69916,8540,Incentive,max,5.0000,$
69917,8541,Incentive,,300.0000,$/ton
69918,8542,Incentive,,500.0000,$/ton
69919,8543,Incentive,,35.0000,$/Unit
69920,10448,Incentive,,2000.0000,$
69921,8534,Incentive,,100.0000,
69922,8535,Incentive,,150.0000,$/ton
69923,8535,Incentive,max,750.0000,$
69924,8536,Incentive,,125.0000,$/ton
69925,8506,Incentive,,35.0000,$/horsepower
69926,8507,Incentive,max,1000.0000,$/Unit
69927,8508,Incentive,min,175.0000,$
69928,8508,Incentive,max,400.0000,$
69929,8508,Incentive,max,40000.0000,$
69930,8509,Incentive,min,125.0000,$
69931,8509,Incentive,max,300.0000,$
69934,10449,Incentive,,900.0000,$/Unit
69935,10449,Incentive,,1200.0000,$/Unit
69936,10450,Incentive,min,600.0000,$/ton
69937,10450,Incentive,max,1000.0000,$/ton
69938,10450,Incentive,,150.0000,$/Unit
69940,10451,Incentive,,80.0000,$
70155,10459,Incentive,,200.0000,$/ton
70156,10460,Incentive,min,50.0000,$/ton
70157,10460,Incentive,max,125.0000,$/ton
70158,10461,Incentive,min,0.4500,$/kWh
70159,10461,Incentive,max,0.5500,$/kWh
70168,8453,Incentive,min,75.0000,$
70169,8453,Incentive,max,3000.0000,$
70170,8454,Incentive,,3.7500,"$/square foot"
70171,8455,Incentive,min,0.7700,$
70172,8455,Incentive,max,1.1600,$
70173,8456,Incentive,,310.0000,$
70174,8456,Incentive,,770.0000,$
70175,10462,Incentive,,3000.0000,$
70176,8448,Incentive,,60.0000,$
70177,8449,Incentive,,350.0000,$
70178,8450,Incentive,min,25.0000,$
70179,8450,Incentive,max,50.0000,$
70180,8451,Incentive,,100.0000,$
70181,8452,Incentive,,1250.0000,$
70182,10463,Incentive,min,500.0000,$/ton
70183,10463,Incentive,max,1000.0000,$/ton
70184,10463,Incentive,,200.0000,$/Unit
70185,3476,Incentive,min,125.0000,$/ton
70186,3476,Incentive,max,300.0000,$/ton
70187,3477,Incentive,,800.0000,$/ton
70188,3478,Incentive,max,250.0000,$
70189,3478,Incentive,max,500.0000,$
70190,6436,Incentive,min,75.0000,$/ton
70191,6436,Incentive,max,200.0000,$/ton
70192,7389,Incentive,min,200.0000,$
70193,7389,Incentive,max,500.0000,$
70194,10464,Incentive,min,250.0000,$/ton
70195,10464,Incentive,max,800.0000,$/ton
70240,10465,Incentive,,30.0000,$/Unit
70241,10466,Incentive,,90.0000,$/Unit
70242,10467,Incentive,,60.0000,$/Unit
70243,10468,Incentive,min,100.0000,$/Unit
70244,10468,Incentive,max,350.0000,$/Unit
70245,10469,Incentive,min,25.0000,$
70246,10469,Incentive,max,50.0000,$
70247,10470,Incentive,,100.0000,$/Unit
70248,10471,Incentive,,200.0000,$/Unit
70249,10472,Incentive,min,30.0000,$/Unit
70250,10472,Incentive,max,350.0000,$/Unit
70251,10473,Incentive,min,500.0000,$
70252,10473,Incentive,max,1500.0000,$
70253,10474,Incentive,min,250.0000,$/ton
70254,10474,Incentive,max,500.0000,$/ton
70255,10475,Incentive,max,50.0000,"% of cost"
70256,10475,Incentive,max,1000.0000,$
70257,10476,Incentive,max,50.0000,"% of cost"
70258,10476,Incentive,max,7500.0000,"% of cost"
70259,10477,Incentive,,8.0000,$/horsepower
70260,10477,Incentive,max,20000.0000,$
70261,10478,Incentive,max,5000.0000,$
70267,10479,Incentive,max,4000.0000,$/ton
70268,10480,Incentive,,1500.0000,$/ton
70269,10480,Incentive,max,15000.0000,$
70270,10481,Incentive,min,200.0000,$/ton
70271,10481,Incentive,max,500.0000,$/ton
70300,10483,Incentive,min,500.0000,$
70301,10483,Incentive,max,1000.0000,$
70302,10484,Incentive,min,200.0000,$/ton
70303,10484,Incentive,max,500.0000,$/ton
70304,10485,Incentive,min,200.0000,$
70305,10485,Incentive,max,400.0000,$
70306,10486,Incentive,,25.0000,$
70307,10487,Incentive,,400.0000,$
70308,10488,Incentive,,500.0000,$/kW
70309,10489,Incentive,,350.0000,$/ton
70310,10490,Incentive,min,250.0000,$/ton
70311,10490,Incentive,max,500.0000,$/ton
70336,10491,Incentive,min,1100.0000,$/ton
70337,10491,Incentive,max,3300.0000,$/ton
70338,10492,Incentive,min,300.0000,$/ton
70339,10492,Incentive,max,2250.0000,$/ton
70340,10493,Incentive,min,300.0000,$
70341,10493,Incentive,max,1200.0000,$
70342,10494,Incentive,,225.0000,$
70343,10495,Incentive,min,225.0000,$
70344,10495,Incentive,,325.0000,$
70345,10496,Incentive,,50.0000,$
70346,10497,Incentive,min,750.0000,$/Unit
70347,10497,Incentive,max,2250.0000,$/Unit
70348,10498,Incentive,,50.0000,$/Unit
70349,10499,Incentive,,100.0000,$
70350,10500,Incentive,,30.0000,"% of cost"
70351,10500,Incentive,max,400.0000,$
70352,10501,Incentive,,30.0000,"% of cost"
70353,10501,Incentive,max,350.0000,$
70354,10502,Incentive,,30.0000,"% of cost"
70355,10502,Incentive,max,500.0000,$
70358,10503,Incentive,min,750.0000,$/ton
70359,10503,Incentive,max,2500.0000,$/ton
70360,10504,Incentive,min,500.0000,$/ton
70361,10504,Incentive,max,750.0000,$/ton
70362,10505,Incentive,min,500.0000,$/ton
70363,10505,Incentive,max,1500.0000,$/ton
70364,10506,Incentive,min,300.0000,$
70365,10506,Incentive,max,750.0000,$
70366,8318,Incentive,,50.0000,$/Unit
70367,8318,Incentive,min,15.0000,$/horsepower
70368,8318,Incentive,max,400.0000,$/horsepower
70369,8319,Incentive,min,25.0000,$
70370,8319,Incentive,max,300.0000,$
70371,8320,Incentive,min,2.0000,$/Unit
70372,8320,Incentive,,100.0000,$/Unit
70373,8321,Incentive,,25.0000,$/Unit
70374,8321,Incentive,,65.0000,$/Unit
70375,8322,Incentive,,50.0000,$/Unit
70376,8323,Incentive,,50.0000,$/Unit
70377,8324,Incentive,,0.0450,$/kWh
70378,10507,Incentive,min,200.0000,$/ton
70379,8376,Incentive,max,5000.0000,$/Unit
70380,8377,Incentive,max,1500.0000,$
70381,8378,Incentive,,5.0000,$
70382,8378,Incentive,,15.0000,$
70383,8379,Incentive,min,2.0000,$
70384,8379,Incentive,max,5000.0000,$
70385,8380,Incentive,,500.0000,$/Unit
70386,10508,Incentive,min,200.0000,$/ton
70387,10508,Incentive,max,400.0000,$/ton
70403,394,Incentive,max,750.0000,$/ton
70404,395,Incentive,,50.0000,$/Unit
70405,10509,Incentive,,1000.0000,$
70406,10510,Incentive,,300.0000,$
70407,10511,Incentive,,50.0000,$
70408,10512,Incentive,min,75.0000,$/ton
70409,10512,Incentive,max,250.0000,$/ton
70410,10513,Incentive,min,250.0000,$/ton
70411,10513,Incentive,max,800.0000,$/ton
70412,10514,Incentive,max,100000.0000,$
70428,10515,Incentive,max,500.0000,$
70429,10516,Incentive,max,350.0000,$
70430,10517,Incentive,max,200.0000,$
70431,10518,Incentive,max,50.0000,$
70432,10519,Incentive,max,3000.0000,$
70433,8356,Incentive,min,3.0000,$
70434,8356,Incentive,max,900.0000,$
70435,8357,Incentive,min,3.2500,$
70436,8357,Incentive,max,1500.0000,$
70437,8358,Incentive,,600.0000,$
70438,8359,Incentive,,30.0000,$
70439,8359,Incentive,,2000.0000,$
70440,8360,Incentive,min,25.0000,$
70441,8360,Incentive,max,1100.0000,$
70442,8361,Incentive,,270.0000,$/kW
70443,8362,Incentive,min,2.0000,$
70444,8362,Incentive,,175.0000,
70445,10520,Incentive,,200.0000,$/ton
70446,8305,Incentive,min,4.0000,$/Unit
70447,8305,Incentive,max,900.0000,$/Unit
70448,8306,Incentive,min,3.2500,$/Unit
70449,8306,Incentive,max,1500.0000,$/Unit
70450,8307,Incentive,,270.0000,$/kW
70451,8307,Incentive,max,100.0000,"% of cost"
70452,8308,Incentive,,600.0000,$
70453,8309,Incentive,,30.0000,$
70454,8309,Incentive,,2000.0000,$
70455,8310,Incentive,min,0.7000,$/Unit
70456,8310,Incentive,max,1100.0000,$/Unit
70457,8311,Incentive,,200.0000,$/ton
70458,8312,Incentive,,50.0000,$
70459,8313,Incentive,,150.0000,$
70460,8314,Incentive,,200.0000,$
70461,8315,Incentive,min,2.0000,$/Unit
70462,8315,Incentive,max,175.0000,$/Unit
70463,8316,Incentive,min,0.0600,$/Unit
70464,8316,Incentive,,0.1200,$/Unit
70465,8294,Incentive,min,2.0000,$/Unit
70466,8294,Incentive,max,5000.0000,$/Unit
70467,8295,Incentive,,50.0000,"% of cost"
70468,8295,Incentive,max,15000.0000,$
70469,8296,Incentive,min,30.0000,$/Unit
70470,8296,Incentive,max,750.0000,$/Unit
70471,8297,Incentive,,1000.0000,$
70472,8298,Incentive,min,25.0000,$/Unit
70473,8298,Incentive,max,700.0000,$/Unit
70474,8299,Incentive,min,50.0000,$
70475,8299,System,max,400.0000,
70476,8300,Incentive,min,25.0000,$/Unit
70477,8300,Incentive,max,75.0000,$/Unit
70478,8301,Incentive,min,2.0000,$
70479,8301,Incentive,max,120.0000,$
70480,8302,Incentive,min,5.0000,$/Unit
70481,8302,Incentive,max,15.0000,$/Unit
70482,8303,Incentive,,30.0000,$/Unit
70483,10521,Incentive,min,200.0000,$/ton
70484,10521,Incentive,max,400.0000,$/ton
70545,10522,Incentive,,50.0000,$/ton
70546,10523,Incentive,min,3.0000,$/ton
70547,10523,Incentive,max,5.0000,$/ton
70548,10524,Incentive,,50.0000,$/Unit
70549,10525,Incentive,min,200.0000,$/horsepower
70550,10525,Incentive,max,400.0000,$/horsepower
70551,10526,Incentive,min,100.0000,$
70552,10526,Incentive,max,2200.0000,$
70553,10526,Incentive,,50.0000,$/ton
70554,10527,Incentive,,200.0000,$/ton
70555,10528,Incentive,max,50.0000,"% of cost"
70556,10528,Incentive,max,50.0000,$
70557,10529,Incentive,min,25.0000,$/Unit
70558,10529,Incentive,max,300.0000,$/Unit
70559,10530,Incentive,,30.0000,$/horsepower
70560,10531,Incentive,min,25.0000,$
70561,10531,Incentive,max,65.0000,$
70562,10532,Incentive,min,50.0000,$
70563,10532,Incentive,max,1000.0000,$
70564,10533,Incentive,min,100.0000,$
70565,10533,Incentive,max,125.0000,$
70566,10534,Incentive,min,300.0000,$
70567,10534,Incentive,max,1000.0000,$
70568,10535,Incentive,,0.0450,"$/kWh (1 year)"
70569,8279,Incentive,,50.0000,$/Unit
70570,8279,Incentive,min,15.0000,$/horsepower
70571,8279,Incentive,max,400.0000,$/horsepower
70572,8280,Incentive,min,25.0000,$/Unit
70573,8280,Incentive,max,300.0000,$/Unit
70574,8281,Incentive,min,2.0000,$/Unit
70575,8281,Incentive,max,100.0000,$/Unit
70576,8282,Incentive,min,25.0000,$/Unit
70577,8282,Incentive,max,65.0000,$/Unit
70578,8283,Incentive,,50.0000,$/Unit
70579,8284,Incentive,min,50.0000,$/Unit
70580,8284,Incentive,max,1000.0000,$/Unit
70581,8285,Incentive,,0.0450,$/kWh
70582,10536,Incentive,,200.0000,$/ton
70597,8272,Incentive,,50.0000,$/Unit
70598,8272,Incentive,min,15.0000,$/horsepower
70599,8272,Incentive,max,400.0000,$/horsepower
70600,8273,Incentive,min,25.0000,$/Unit
70601,8273,Incentive,max,300.0000,$/Unit
70602,8274,Incentive,min,25.0000,$/Unit
70603,8274,Incentive,max,65.0000,$/Unit
70604,8275,Incentive,,50.0000,$/Unit
70605,8276,Incentive,min,50.0000,$/Unit
70606,8276,Incentive,max,1000.0000,$/Unit
70607,8277,Incentive,min,2.0000,$/Unit
70608,8277,Incentive,max,100.0000,$/Unit
70609,8278,Incentive,,0.0450,$/kWh
70610,10537,Incentive,,200.0000,$/ton
70611,8258,Incentive,,50.0000,$/Unit
70612,8258,Incentive,min,15.0000,$/horsepower
70613,8258,Incentive,max,400.0000,$/horsepower
70614,8259,Incentive,min,25.0000,$/Unit
70615,8259,Incentive,max,300.0000,$/Unit
70616,8260,Incentive,min,2.0000,$/Unit
70617,8260,Incentive,max,100.0000,$/Unit
70618,8261,Incentive,min,25.0000,$/Unit
70619,8261,Incentive,max,65.0000,$/Unit
70620,8262,Incentive,,50.0000,$/Unit
70621,8263,Incentive,min,50.0000,$
70622,8263,Incentive,max,1000.0000,$/Unit
70623,8264,Incentive,,0.0450,$/kWh
70624,10538,Incentive,,200.0000,$/ton
70625,8265,Incentive,,50.0000,$/Unit
70626,8265,Incentive,min,15.0000,$/Unit
70627,8265,Incentive,max,400.0000,$/Unit
70628,8266,Incentive,,25.0000,$/Unit
70629,8266,Incentive,,300.0000,$/Unit
70630,8267,Incentive,min,2.0000,$/Unit
70631,8267,Incentive,max,100.0000,$/Unit
70632,8268,Incentive,,25.0000,$/Unit
70633,8268,Incentive,,65.0000,$/Unit
70634,8269,Incentive,,50.0000,$/Unit
70635,8270,Incentive,min,,$/Unit
70636,8270,Incentive,max,1000.0000,$/Unit
70637,8271,Incentive,,0.0450,$/kWh
70638,10539,Incentive,,200.0000,$/ton
70639,8204,Incentive,,50.0000,$/Unit
70640,8204,Incentive,max,400.0000,$/horsepower
70641,8205,Incentive,max,120.0000,$/horsepower
70642,8206,Incentive,min,25.0000,$
70643,8206,Incentive,max,300.0000,$
70644,8207,Incentive,min,2.0000,$/Unit
70645,8207,Incentive,max,100.0000,$/Unit
70646,8208,Incentive,min,25.0000,$/Unit
70647,8208,Incentive,max,65.0000,$/Unit
70648,8209,Incentive,min,50.0000,$
70649,8209,Incentive,max,1000.0000,$
70650,8221,Incentive,,50.0000,$/Unit
70651,10540,Incentive,,200.0000,$/ton
70652,8215,Incentive,,50.0000,
70653,8215,Incentive,max,400.0000,$/horsepower
70654,8216,Incentive,,120.0000,$/horsepower
70655,8217,Incentive,min,25.0000,$
70656,8217,Incentive,max,300.0000,$
70657,8218,Incentive,,2.0000,$/Unit
70658,8218,Incentive,,100.0000,$/Unit
70659,8219,Incentive,min,25.0000,$
70660,8219,System,max,65.0000,
70661,8220,Incentive,,50.0000,$
70662,8220,Incentive,,1000.0000,$
70663,8236,Incentive,,50.0000,$/Unit
70664,10541,Incentive,,200.0000,$/ton
70665,8251,Incentive,,50.0000,$
70666,8251,Incentive,min,15.0000,$/horsepower
70667,8251,Incentive,,400.0000,$/horsepower
70668,8252,Incentive,min,25.0000,$/Unit
70669,8252,Incentive,max,300.0000,$/Unit
70670,8253,Incentive,min,2.0000,$/Unit
70671,8253,Incentive,max,100.0000,$/Unit
70672,8254,Incentive,min,25.0000,$
70673,8254,Incentive,max,65.0000,$
70674,8255,Incentive,,50.0000,$/Unit
70675,8256,Incentive,min,50.0000,$
70676,8256,Incentive,max,1000.0000,$
70677,8257,Incentive,,0.0450,$/kWh
70678,10542,Incentive,,200.0000,$/ton
70679,10543,Incentive,,400.0000,$
70680,10544,Incentive,max,1340.0000,$/ton
70681,8063,Incentive,,100.0000,$/Unit
70682,8064,Incentive,min,100.0000,$/Unit
70683,8064,Incentive,max,500.0000,$/Unit
70684,8065,Incentive,,50.0000,"% of cost"
70685,8066,Incentive,,100.0000,$/Unit
70686,8066,Incentive,,950.0000,$/Unit
70687,8067,Incentive,,50.0000,"% of cost"
70688,8067,Incentive,max,1000.0000,$/ton
70689,8068,Incentive,min,25.0000,$/Unit
70690,8068,Incentive,min,50.0000,$/Unit
70691,8069,Incentive,,100.0000,$/Unit
70692,8070,Incentive,min,75.0000,$
70693,8070,Incentive,max,150.0000,$
70694,8085,Incentive,min,1000.0000,$
70695,8085,Incentive,max,3000.0000,$
70750,8073,Incentive,min,0.7500,$/Unit
70751,8073,Incentive,max,105.0000,$/Unit
70752,8073,Incentive,min,0.1900,$/W
70753,8073,Incentive,max,0.2500,$/W
70754,8074,Incentive,min,0.0500,$
70755,8074,Incentive,max,0.4000,$
70756,8075,Incentive,min,200.0000,$
70757,8075,Incentive,max,1000.0000,$
70758,8076,Incentive,,40.0000,$/Unit
70759,8076,Incentive,,500.0000,$/Unit
70760,8077,Incentive,min,200.0000,$
70761,8077,Incentive,max,6000.0000,$
70762,8078,Incentive,min,15.0000,$/ton
70763,8078,Incentive,,100.0000,$/ton
70764,8079,Incentive,,1700.0000,$
70765,8079,Incentive,,2200.0000,$
70766,8080,Incentive,min,200.0000,$
70767,8080,Incentive,max,2000.0000,$
70768,8081,Incentive,min,100.0000,$
70769,8081,Incentive,max,11600.0000,$
70770,8082,Incentive,,7000.0000,$/MBTUh
70771,8082,Incentive,,250.0000,$
70772,8083,Incentive,,6.0000,"$/linear foot"
70773,8083,Incentive,,9.0000,"$/linear foot"
70774,8084,Incentive,,10.0000,$
70775,8084,Incentive,,2440.0000,$
70776,10545,Incentive,,600.0000,$/ton
70777,10546,Incentive,,250.0000,$/Unit
70778,10546,Incentive,,1000.0000,$
70779,10547,Incentive,,1225.0000,$/ton
70780,10547,Incentive,max,500.0000,$
70781,2767,Incentive,,75.0000,$/Unit
70782,2768,Incentive,,75.0000,$
70783,2768,Incentive,max,500.0000,$
70784,2769,Incentive,,20.0000,$/Unit
70785,2770,Incentive,,25.0000,$/Unit
70786,2770,Incentive,max,50.0000,$
70787,2771,Incentive,,25.0000,$/Unit
70788,2772,Incentive,,10.0000,$
70789,2772,Incentive,max,70.0000,$
70790,2773,Incentive,,15.0000,$/Unit
70791,7367,Incentive,,40.0000,$/Unit
70792,10548,Incentive,min,200.0000,$
70793,10548,Incentive,max,300.0000,$
70794,10549,Incentive,min,200.0000,$/ton
70795,10549,Incentive,max,400.0000,$/ton
70803,8048,Incentive,,8.0000,$/Unit
70804,8049,Incentive,,350.0000,$/ton
70805,8049,Incentive,,750.0000,$/ton
70806,8050,Incentive,min,200.0000,$
70807,8050,Incentive,max,1400.0000,$
70808,10550,Incentive,min,300.0000,$/ton
70809,10550,Incentive,max,550.0000,$/ton
70810,10551,Incentive,min,1000.0000,$
70811,10551,Incentive,max,3000.0000,$
70812,8040,Incentive,min,250.0000,$
70813,8040,Incentive,max,2000.0000,$/ton
70814,8041,Incentive,min,250.0000,$/ton
70815,8041,Incentive,max,500.0000,$/ton
70816,8042,Incentive,,100.0000,$
70817,8043,Incentive,,200.0000,$
70818,8044,Incentive,,25.0000,$/Unit
70819,8045,Incentive,,100.0000,$
70820,8045,Incentive,,400.0000,$
70821,8046,Incentive,,75.0000,$/Unit
70822,8046,Incentive,,700.0000,$
70823,8047,Incentive,,250.0000,$
70824,8047,Incentive,,7500.0000,$
70825,8142,Incentive,max,75.0000,"% of cost"
70826,10552,Incentive,,30.0000,$/ton
70827,8026,Incentive,min,200.0000,$
70828,8026,Incentive,max,400.0000,$
70829,8027,Incentive,min,25.0000,$
70830,8027,Incentive,max,1800.0000,$
70831,8028,Incentive,min,75.0000,$
70832,8028,Incentive,max,2000.0000,$
70833,10553,Incentive,max,2000.0000,$
70834,10554,Incentive,,150.0000,$/ton
70835,10555,Incentive,,4000.0000,$
70836,7312,Incentive,,15.0000,$/Unit
70837,7313,Incentive,,40.0000,$/Unit
70838,10556,Incentive,,800.0000,$
70839,8012,Incentive,,8.0000,$
70840,8012,Incentive,,50.0000,"% of cost"
70841,8013,Incentive,,60.0000,$
70842,8014,Incentive,min,100.0000,$
70843,8014,Incentive,max,350.0000,$
70844,8015,Incentive,min,25.0000,$
70845,8015,Incentive,max,50.0000,$
70846,8016,Incentive,,350.0000,$/Unit
70847,8017,Incentive,,100.0000,$/Unit
70848,8018,Incentive,,100.0000,$/Unit
70849,8019,Incentive,max,20000.0000,$
70850,8019,Incentive,,50.0000,"% of cost"
70851,10557,Incentive,,50.0000,$/ton
70852,10557,Incentive,,50.0000,$/Unit
70855,10558,Incentive,min,250.0000,$/ton
70856,10558,Incentive,max,350.0000,$/ton
70857,7995,Incentive,min,300.0000,$
70858,7995,Incentive,max,500.0000,$
70859,7996,Incentive,max,2000.0000,$
70860,7997,Incentive,min,200.0000,$
70861,7997,Incentive,max,500.0000,$
70862,7998,Incentive,max,50.0000,$
70863,10559,Incentive,,62.0000,$/ton
70868,664,Incentive,,50.0000,$/Unit
70869,5593,Incentive,max,1600.0000,$/Unit
70870,7954,Incentive,,100.0000,$
70871,10560,Incentive,max,3000.0000,$
70872,10561,Incentive,min,31.0000,$/ton
70873,10561,Incentive,max,62.0000,$/ton
70917,1187,Incentive,,50.0000,%
70918,1187,Incentive,max,5.0000,Years
70919,1186,Incentive,,100.0000,%
70920,1186,Incentive,max,5.0000,Years
70921,1186,System,max,1.0000,MW
70922,1188,Incentive,,100.0000,%
70923,1188,Incentive,max,10.0000,Years
70947,8153,Incentive,max,135.0000,$
70948,8154,Incentive,max,90.0000,$/fixture
70949,8155,Incentive,max,280.0000,$/fixture
70950,8156,Incentive,,0.2000,$/kWh
70951,8157,Incentive,max,20000.0000,$
70952,8158,Incentive,max,50.0000,$/ton
70953,8159,Incentive,,40.0000,$/Unit
70954,8159,Incentive,max,30.0000,$/ton
70955,8160,Incentive,,50.0000,$/ton
70956,8160,Incentive,,40.0000,$/Unit
70957,8161,Incentive,,150.0000,$/Unit
70958,8162,Incentive,,130.0000,$/Unit
70959,8163,Incentive,max,700.0000,$/Unit
70960,10570,Incentive,,40.0000,$/kW
70961,10571,Incentive,max,1640.0000,$/ton
70962,10572,Incentive,,200.0000,$/ton
70963,10573,Incentive,,200.0000,$/ton
70964,10574,Incentive,,25.0000,"% of cost"
70965,10575,Incentive,max,300.0000,$
70966,10576,Incentive,max,50.0000,"% of cost"
70967,10577,Incentive,max,50.0000,"% of cost"
70968,7253,Incentive,,650.0000,$/Unit
70969,7254,Incentive,max,600.0000,$
70970,7254,Incentive,max,50.0000,"% of cost"
70971,10578,Incentive,max,3000.0000,$
70972,10578,Incentive,max,50.0000,"% of cost"
70973,10579,Incentive,min,30.0000,$
70974,10579,Incentive,max,85.0000,$
70996,10581,Incentive,max,2500.0000,$
70997,10582,Incentive,max,6000.0000,$
70998,10583,Incentive,max,20000.0000,$
70999,10584,Incentive,max,1000.0000,$
71000,10585,Incentive,max,6000.0000,$
71001,10585,Incentive,max,9000.0000,$
71002,10586,Incentive,max,20000.0000,$
71003,10587,Incentive,max,15000.0000,$
71004,10588,Incentive,max,14000.0000,$
71005,10589,Incentive,max,5.0000,Years
71006,10590,Incentive,,2.0000,Years
71016,2098,Incentive,,200.0000,$/ton
71017,2099,Incentive,,150.0000,$/Unit
71018,2100,Incentive,,200.0000,$/Unit
71019,2102,Incentive,max,50.0000,$/Unit
71020,2104,Incentive,,0.0200,"$/square foot"
71021,5698,Incentive,,75.0000,$/Unit
71022,5700,Incentive,max,250.0000,$
71023,5700,Incentive,,50.0000,"% of cost"
71040,10591,Incentive,,100.0000,$
71041,10592,Incentive,,150.0000,$
71042,10593,Incentive,min,200.0000,$
71043,10593,Incentive,max,400.0000,$
71044,10594,Incentive,,200.0000,$
71045,10595,Incentive,,50.0000,$
71046,10596,Incentive,min,25.0000,$
71047,10596,Incentive,max,500.0000,$
71058,10597,Incentive,,25.0000,$
71059,10598,Incentive,min,40.0000,$
71060,10598,Incentive,max,350.0000,$
71061,10599,Incentive,,25.0000,$
71062,10600,Incentive,min,25.0000,$
71063,10600,Incentive,max,200.0000,$
71064,10601,Incentive,,25.0000,$
71065,10602,Incentive,,500.0000,$
71066,10603,Incentive,min,150.0000,$
71067,10603,Incentive,max,1050.0000,$
71068,10604,Incentive,min,250.0000,$
71069,10604,Incentive,max,400.0000,$
71070,10605,Incentive,,200.0000,$/ton
71071,10606,Incentive,,25.0000,$
71072,10607,Incentive,,4.0000,$/Unit
71088,10608,Incentive,,5.0000,"$/square foot"
71089,10609,Incentive,,5.0000,"$/square foot"
71090,10610,Incentive,,0.7500,"$/square foot"
71091,10611,Incentive,,0.7500,"$/square foot"
71092,10612,Incentive,,0.7500,"$/square foot"
71093,10613,Incentive,,25.0000,$/Unit
71094,10614,Incentive,,25.0000,$/Unit
71095,10615,Incentive,,350.0000,$
71096,10616,Incentive,,500.0000,$
71097,10617,Incentive,,1150.0000,$
71098,10618,Incentive,min,1000.0000,$
71099,10618,Incentive,max,1200.0000,$
71100,10619,Incentive,,300.0000,$
71101,10620,Incentive,,900.0000,$
71102,10621,Incentive,,100.0000,$
71178,10622,Incentive,min,225.0000,$/Unit
71179,10622,Incentive,max,600.0000,$/Unit
71180,10623,Incentive,min,150.0000,$/Unit
71181,10623,Incentive,min,300.0000,$/Unit
71182,10623,Incentive,,90.0000,$/ton
71183,10624,Incentive,min,300.0000,$/Unit
71184,10624,Incentive,max,450.0000,$/Unit
71185,10625,Incentive,min,900.0000,$/Unit
71186,10625,Incentive,max,1200.0000,$/Unit
71187,10626,Incentive,,225.0000,$/Unit
71188,10627,Incentive,,1.8000,$/MBTUh
71189,10628,Incentive,,45.0000,$/Unit
71190,10629,Incentive,,35.0000,$/Unit
71191,10630,Incentive,min,25.0000,$/Unit
71192,10630,Incentive,max,50.0000,$/Unit
71193,10631,Incentive,max,100.0000,$/Unit
71206,10632,Incentive,min,80.0000,$/ton
71207,10632,Incentive,max,160.0000,$/ton
71208,10633,Incentive,min,300.0000,$/Unit
71209,10633,Incentive,max,700.0000,$/Unit
71210,10634,Incentive,,600.0000,$/Unit
71211,10635,Incentive,,50.0000,$
71212,10636,Incentive,,500.0000,$
71213,10637,Incentive,,400.0000,$
71214,10638,Incentive,,30.0000,$
71215,10639,Incentive,,20.0000,$
71216,10640,Incentive,min,100.0000,$
71217,10640,Incentive,max,275.0000,$
71219,6953,Incentive,,100.0000,"% of cost"
71238,10641,Incentive,min,200.0000,$
71239,10641,Incentive,max,500.0000,$
71240,10642,Incentive,min,350.0000,$
71241,10642,Incentive,max,900.0000,$
71242,10643,Incentive,min,700.0000,$
71243,10643,Incentive,max,900.0000,$
71244,10644,Incentive,min,2300.0000,$
71245,10644,Incentive,max,2500.0000,$
71246,10645,Incentive,,125.0000,$
71247,10646,Incentive,,500.0000,$
71248,10647,Incentive,,700.0000,$
71249,10648,Incentive,,350.0000,$
71250,10649,Incentive,,900.0000,$
71276,10650,Incentive,min,200.0000,$
71277,10650,Incentive,max,500.0000,$
71278,10651,Incentive,min,350.0000,$
71279,10651,Incentive,max,900.0000,$
71280,10652,Incentive,min,700.0000,$
71281,10652,Incentive,max,900.0000,$
71282,10653,Incentive,min,2300.0000,$
71283,10653,Incentive,max,2500.0000,$
71284,10654,Incentive,,125.0000,$
71285,10655,Incentive,,500.0000,$
71286,10656,Incentive,,700.0000,$
71287,10657,Incentive,,350.0000,$
71288,10658,Incentive,,900.0000,$
71302,10659,Incentive,min,200.0000,$
71303,10659,Incentive,max,500.0000,$
71304,10660,Incentive,min,350.0000,$
71305,10660,Incentive,max,900.0000,$
71306,10661,Incentive,min,700.0000,$
71307,10661,Incentive,max,900.0000,$
71308,10662,Incentive,min,2300.0000,$
71309,10662,Incentive,max,2500.0000,$
71310,10663,Incentive,,125.0000,$
71311,10664,Incentive,,500.0000,$
71312,10665,Incentive,,700.0000,$
71313,10666,Incentive,,350.0000,$
71314,10667,Incentive,,900.0000,$
71318,2982,Incentive,,225.0000,$/Unit
71319,2982,System,min,40.0000,Gallons
71320,2983,Incentive,,400.0000,$/Unit
71321,7934,Incentive,,15.0000,$
71322,7935,Incentive,,75.0000,$
71323,7936,Incentive,,15.0000,$
71324,10668,Incentive,,500.0000,$
71340,10669,Incentive,,100.0000,$
71341,10670,Incentive,,1000.0000,$
71342,10671,Incentive,,300.0000,$
71343,10672,Incentive,,50.0000,$
71344,10673,Incentive,,25.0000,$
71345,10674,Incentive,,25.0000,$
71346,10675,Incentive,,25.0000,$
71347,10676,Incentive,,300.0000,$
71348,10677,Incentive,,25.0000,$
71349,10678,Incentive,min,150.0000,$
71350,10678,Incentive,max,200.0000,$
71351,10679,Incentive,min,200.0000,$
71352,10679,Incentive,max,250.0000,$
71353,10680,Incentive,min,250.0000,$
71354,10680,Incentive,max,500.0000,$
71403,10681,Incentive,min,25.0000,$
71404,10681,Incentive,max,300.0000,$
71405,10682,Incentive,,50.0000,$
71406,10683,Incentive,,25.0000,$
71407,10684,Incentive,,25.0000,$
71408,10685,Incentive,,25.0000,$
71409,10686,Incentive,,50.0000,$
71410,10687,Incentive,min,3.0000,$
71411,10687,Incentive,max,15.0000,$
71412,10688,Incentive,min,150.0000,$
71413,10688,Incentive,max,350.0000,$
71414,10689,Incentive,min,50.0000,$
71415,10689,Incentive,max,250.0000,$
71416,10690,Incentive,,50.0000,$
71417,10691,Incentive,,150.0000,$
71418,10692,Incentive,,150.0000,$
71419,10693,Incentive,max,75.0000,$
71420,10694,Incentive,,775.0000,$
71421,10695,Incentive,,525.0000,$
71422,10696,Incentive,,600.0000,$
71423,10697,Incentive,,70.0000,$
71448,10698,Incentive,,25.0000,$
71449,10699,Incentive,,30.0000,$
71450,10700,Incentive,,25.0000,$
71451,10701,Incentive,,25.0000,$
71452,10702,Incentive,,,$
71453,10703,Incentive,,25.0000,$
71454,10704,Incentive,,10.0000,$
71455,10705,Incentive,,12.0000,$
71456,10706,Incentive,min,100.0000,$
71457,10706,Incentive,max,200.0000,$
71458,10707,Incentive,min,450.0000,$
71459,10707,Incentive,max,500.0000,$
71460,10708,Incentive,,2250.0000,$
71461,10709,Incentive,,50.0000,$
71462,10710,Incentive,,100.0000,$
71463,10711,Incentive,,50.0000,$
71489,10712,Incentive,min,2.0000,"$/square foot"
71490,10712,Incentive,max,2.5000,"$/square foot"
71491,10713,Incentive,max,5000.0000,$
71492,10714,Incentive,max,2000.0000,$
71493,10715,Incentive,,2500.0000,$
71494,10716,Incentive,max,100000.0000,$
71495,10717,Incentive,,200.0000,$
71517,10718,Incentive,,15.0000,$
71518,10719,Incentive,,60.0000,$
71519,10720,Incentive,,250.0000,$
71520,10721,Incentive,,25.0000,$
71521,10722,Incentive,,50.0000,$
71522,10723,Incentive,,100.0000,$
71523,10724,Incentive,,100.0000,$
71524,10725,Incentive,,50.0000,$
71525,10726,Incentive,min,200.0000,$
71526,10726,Incentive,max,600.0000,$
71527,10727,Incentive,,300.0000,$
71528,10728,Incentive,min,100.0000,$
71529,10728,Incentive,max,200.0000,$
71530,10729,Incentive,,75.0000,$
71531,10730,Incentive,,300.0000,$
71532,10731,Incentive,,2.0000,"$/square foot"
71533,10731,Incentive,max,200.0000,$
71534,10732,Incentive,,200.0000,$
71535,10733,Incentive,,150.0000,$
71550,10734,Incentive,min,50.0000,$/Unit
71551,10734,Incentive,max,500.0000,$/Unit
71552,10735,Incentive,,25.0000,$
71553,10736,Incentive,,5.0000,$
71554,10737,Incentive,max,500.0000,$
71555,10738,Incentive,min,150.0000,$
71556,10738,Incentive,max,300.0000,$
71557,10739,Incentive,,300.0000,$
71558,10740,Incentive,,500.0000,$
71559,10741,Incentive,,175.0000,$/ton
71560,10742,Incentive,,35.0000,$
71561,10743,Incentive,,25.0000,$
71562,10744,Incentive,min,400.0000,$/ton
71563,10744,Incentive,max,600.0000,$/ton
71590,10745,Incentive,min,200.0000,$/ton
71591,10745,Incentive,max,300.0000,$/ton
71592,10746,Incentive,,1200.0000,$/ton
71593,10747,Incentive,,100.0000,$
71594,10748,Incentive,,400.0000,$
71595,10749,Incentive,min,600.0000,$
71596,10749,Incentive,max,3000.0000,$
71597,10750,Incentive,min,250.0000,$
71598,10750,Incentive,max,450.0000,$
71599,10751,Incentive,,250.0000,$
71600,10752,Incentive,max,1000.0000,$
71601,10753,Incentive,max,4000.0000,$
71602,10754,Incentive,max,3000.0000,$
71603,8164,Incentive,max,200.0000,$/Unit
71604,8165,Incentive,max,500.0000,$/Unit
71605,8166,Incentive,max,150.0000,$
71640,10755,Incentive,min,0.5500,"$/square foot"
71641,10755,Incentive,max,1.5000,"$/square foot"
71642,10756,Incentive,min,0.5500,"$/square foot"
71643,10756,Incentive,max,1.0000,"$/square foot"
71644,10757,Incentive,min,0.5500,"$/square foot"
71645,10757,Incentive,max,1.5000,"$/square foot"
71646,10758,Incentive,,30.0000,$/Unit
71647,10759,Incentive,min,4.5000,"$/square foot"
71648,10759,Incentive,max,12.0000,"$/square foot"
71649,10760,Incentive,,600.0000,$
71650,10761,Incentive,,105.0000,$/Unit
71651,10762,Incentive,min,750.0000,$
71652,10762,Incentive,max,900.0000,$
71653,10763,Incentive,min,525.0000,$
71654,10763,Incentive,max,675.0000,$
71655,10764,Incentive,min,900.0000,$
71656,10764,Incentive,max,1050.0000,$
71657,10765,Incentive,,30.0000,$
71658,10766,Incentive,,35.0000,$
71660,7547,Incentive,,0.8000,$/W
71661,7547,Incentive,max,50.0000,"% of cost"
71662,10767,Incentive,max,20.0000,$
71663,10768,Incentive,max,8.0000,$
71664,2282,Incentive,,700.0000,$/Unit
71665,6179,Incentive,,100.0000,$/Unit
71666,7275,Incentive,min,400.0000,$
71667,7275,Incentive,max,800.0000,$
71668,268,Incentive,,0.0600,$/kWh
71669,268,System,max,30.0000,kW
71670,1758,Incentive,,0.0900,$/kWh
71671,1758,System,min,30.0000,kW
71672,1758,System,max,200.0000,kW
71673,1759,Incentive,,0.0500,$/kWh
71674,1759,System,min,200.0000,kW
71675,1759,System,max,2000.0000,kW
71691,10769,Incentive,,900.0000,$
71692,10770,Incentive,,35.0000,$
71693,10771,Incentive,,50.0000,$
71694,10772,Incentive,min,500.0000,$
71695,10772,Incentive,max,1000.0000,$
71696,10773,Incentive,,800.0000,$
71697,10774,Incentive,,140.0000,$
71698,10775,Incentive,,0.5000,"$/square foot"
71699,10776,Incentive,,0.5000,"$/square foot"
71700,10777,Incentive,,0.5000,"$/square foot"
71701,10778,Incentive,,8.0000,"$/square foot"
71702,10779,Incentive,,40.0000,$
71703,10780,Incentive,min,1200.0000,$
71704,10780,Incentive,max,2500.0000,$
71705,10781,Incentive,,800.0000,$
71706,10782,Incentive,,350.0000,$
71707,10783,Incentive,min,300.0000,$
71708,10783,Incentive,max,325.0000,$
71709,10784,Incentive,,100.0000,$
71710,10785,Incentive,,115.0000,$
71711,10786,Incentive,min,700.0000,$
71712,10786,Incentive,max,900.0000,$
71713,10787,Incentive,,30.0000,$
71714,10788,Incentive,,60.0000,$
71715,10789,Incentive,,1000.0000,$
71716,10790,Incentive,,920.0000,$
71717,10791,Incentive,,140.0000,$
71757,10792,Incentive,min,50.0000,$
71758,10792,Incentive,max,175.0000,$
71759,10793,Incentive,min,30.0000,$
71760,10793,Incentive,max,35.0000,$
71761,10794,Incentive,,10.0000,$
71762,10795,Incentive,,10.0000,$
71763,10796,Incentive,min,150.0000,$
71764,10796,Incentive,max,525.0000,$
71765,10797,Incentive,,100.0000,$
71766,10798,Incentive,,100.0000,$
71767,10799,Incentive,min,150.0000,$
71768,10799,Incentive,max,800.0000,$
71769,10800,Incentive,,150.0000,$
71770,10801,Incentive,min,600.0000,$
71771,10801,Incentive,max,1250.0000,$
71772,10802,Incentive,,3.9000,"$/square foot"
71773,10802,Incentive,,5.2000,"$/square foot"
71774,10803,Incentive,min,0.3600,"$/square foot"
71775,10803,Incentive,max,1.3000,"$/square foot"
71776,10804,Incentive,min,0.0700,"$/square foot"
71777,10804,Incentive,max,0.6800,"$/square foot"
71778,10805,Incentive,min,0.3400,"$/square foot"
71779,10805,Incentive,max,1.5000,"$/square foot"
71780,10806,Incentive,,26.0000,$/Unit
71781,10807,Incentive,,1600.0000,$
71782,10808,Incentive,,100.0000,$
71783,10809,Incentive,,50.0000,$
71784,10810,Incentive,,25.0000,$
71785,7914,Incentive,,1600.0000,$
71786,7915,Incentive,,100.0000,$
71787,10811,Incentive,,50.0000,$
71788,10812,Incentive,,25.0000,$
71814,10813,Incentive,min,0.2000,$/W
71815,10813,Incentive,max,0.4000,$/W
71816,10814,Incentive,min,10.0000,$/Unit
71817,10814,Incentive,max,50.0000,$/Unit
71818,10815,Incentive,min,50.0000,$/Unit
71819,10815,Incentive,max,400.0000,$/Unit
71820,10816,Incentive,,50.0000,$
71821,10817,Incentive,,350.0000,$/Unit
71822,10818,Incentive,,500.0000,$/Unit
71823,10819,Incentive,min,300.0000,$/horsepower
71824,10819,Incentive,max,450.0000,$/horsepower
71825,10820,Incentive,,50.0000,$/Unit
71836,8117,Incentive,,0.1700,$/kWh
71837,8117,Incentive,max,100.0000,"% of cost"
71838,2856,Incentive,,50.0000,%
71839,2856,Incentive,,500.0000,$/kW
71840,3112,Incentive,max,9000.0000,$
71841,5869,Incentive,,300.0000,$
71842,5870,Incentive,,300.0000,$
71843,5871,Incentive,,350.0000,$/Unit
71882,10821,Incentive,min,125.0000,$
71883,10821,Incentive,max,500.0000,$
71884,10822,Incentive,min,200.0000,$
71885,10822,Incentive,max,700.0000,$
71886,10823,Incentive,,50.0000,$
71887,10824,Incentive,,50.0000,$
71888,10825,Incentive,,15.0000,$
71889,10826,Incentive,,25.0000,$
71890,10827,Incentive,,40.0000,$
71891,10828,Incentive,max,50.0000,"% of cost"
71892,10829,Incentive,,40.0000,$
71893,10830,Incentive,,25.0000,$
71894,10831,Incentive,min,150.0000,$
71895,10831,Incentive,max,275.0000,$
71896,10832,Incentive,min,30.0000,$
71897,10832,Incentive,max,75.0000,$
71898,10833,Incentive,min,140.0000,$
71899,10833,Incentive,max,320.0000,$
71900,10834,Incentive,,0.3000,$/W
71916,10835,Incentive,min,400.0000,$
71917,10835,Incentive,max,500.0000,$
71918,10836,Incentive,min,350.0000,$
71919,10836,Incentive,max,650.0000,$
71920,10837,Incentive,,300.0000,$
71921,10838,Incentive,,750.0000,$
71922,10839,Incentive,,300.0000,$
71923,10840,Incentive,,350.0000,$
71940,10841,Incentive,min,400.0000,$
71941,10841,Incentive,max,500.0000,$
71942,10842,Incentive,,650.0000,$
71943,10843,Incentive,,300.0000,$
71944,10844,Incentive,,750.0000,$
71945,10845,Incentive,,300.0000,$
71946,10846,Incentive,max,350.0000,$
71947,10847,Incentive,,350.0000,$
71985,10848,Incentive,max,150.0000,$
71986,10849,Incentive,,150.0000,$
71987,10851,Incentive,min,600.0000,$/ton
71988,10851,Incentive,max,840.0000,$/ton
71989,10852,Incentive,min,800.0000,$/ton
71990,10852,Incentive,max,1040.0000,$/ton
71991,10853,Incentive,min,300.0000,$/ton
71992,10853,Incentive,max,500.0000,$/ton
71993,10855,Incentive,min,900.0000,$/ton
71994,10855,Incentive,max,1640.0000,$/ton
71995,10856,Incentive,max,1000.0000,$
71996,10857,Incentive,max,800.0000,$
71997,10858,Incentive,min,100.0000,$
71998,10858,Incentive,max,400.0000,$
71999,10859,Incentive,max,2000.0000,$
72000,10860,Incentive,min,750.0000,$
72001,10860,Incentive,max,1500.0000,$
72002,10861,Incentive,,500.0000,$
72003,10862,Incentive,,25.0000,$/Unit
72004,10863,Incentive,min,0.1000,$/W
72005,10863,Incentive,max,0.6000,$/W
72006,10864,Incentive,,200.0000,$/kW
72007,10865,Incentive,,1.0000,$/Unit
72008,10865,Incentive,,250.0000,$/Unit
72009,10866,Incentive,,50.0000,$
72010,10867,Incentive,,10.0000,$
72011,10868,Incentive,min,35.0000,$
72012,10868,Incentive,max,150.0000,$
72036,10869,Incentive,min,50.0000,$/ton
72037,10869,Incentive,max,80.0000,$/ton
72038,10869,Incentive,,55.0000,$/Unit
72039,10870,Incentive,,40.0000,$/ton
72040,10871,Incentive,,55.0000,$/Unit
72041,10872,Incentive,,60.0000,$/ton
72042,10873,Incentive,,240.0000,$/ton
72043,10874,Incentive,,100.0000,$
72044,10875,Incentive,min,75.0000,$
72045,10875,Incentive,max,200.0000,$
72046,10876,Incentive,,500.0000,$
72047,10877,Incentive,,8.7500,$/horsepower
72048,10878,Incentive,min,1.0000,$
72049,10878,Incentive,max,250.0000,$
72050,10879,Incentive,min,0.1000,$/W
72051,10879,Incentive,max,0.4500,$/W
72052,10880,Incentive,min,250.0000,$
72053,10880,Incentive,max,2000.0000,$
72054,10881,Incentive,min,375.0000,$
72055,10881,Incentive,max,1400.0000,$
72056,10882,Incentive,min,75.0000,$
72057,10882,Incentive,max,1500.0000,$
72058,10883,Incentive,,20.0000,$
72059,6894,Incentive,,50.0000,"% of cost"
72060,6894,Incentive,max,19000.0000,$/Unit
72078,10884,Incentive,,50.0000,$
72079,10885,Incentive,min,2200.0000,$
72080,10885,Incentive,max,2500.0000,$
72081,10886,Incentive,min,1250.0000,$
72082,10886,Incentive,max,1560.0000,$
72083,10887,Incentive,,920.0000,$
72084,10888,Incentive,min,200.0000,$
72085,10888,Incentive,max,250.0000,$
72086,10889,Incentive,,140.0000,$
72087,10890,Incentive,min,1200.0000,$
72088,10890,Incentive,max,1400.0000,$
72089,10891,Incentive,min,8.0000,"$/square foot"
72090,10891,Incentive,max,20.0000,"$/square foot"
72091,10892,Incentive,min,0.3000,"$/square foot"
72092,10892,Incentive,max,2.0000,"$/square foot"
72093,10893,Incentive,min,0.7500,"$/square foot"
72094,10893,Incentive,max,2.0000,"$/square foot"
72101,10894,Incentive,,50.0000,$
72102,10895,Incentive,min,50.0000,$
72103,10895,Incentive,max,250.0000,$
72104,10896,Incentive,min,300.0000,$
72105,10896,Incentive,max,500.0000,$
72106,10897,Incentive,,1.0000,"$/square foot"
72107,6183,Incentive,,750.0000,$
72108,7274,Incentive,min,250.0000,$
72109,7274,Incentive,max,750.0000,$
72119,3321,Incentive,,100.0000,"% of cost"
72120,3138,Incentive,,200.0000,$/ton
72121,3138,Incentive,max,1000.0000,$
72122,3139,Incentive,,200.0000,$/ton
72123,3139,Incentive,max,700.0000,$
72154,10899,Incentive,max,70.0000,"% of cost"
72155,10900,Incentive,min,150.0000,$/ton
72156,10900,Incentive,max,1000.0000,$/ton
72157,10901,Incentive,min,300.0000,$/ton
72158,10901,Incentive,max,1000.0000,$/ton
72159,10902,Incentive,min,50.0000,$
72160,10902,Incentive,max,150.0000,$
72161,10903,Incentive,min,0.2500,$/kWh
72162,10903,Incentive,max,0.3500,$/kWh
72163,4398,Incentive,,70.0000,"% of cost"
72192,10904,Incentive,,900.0000,$
72193,10905,Incentive,,1.0000,"$/square foot"
72194,10906,Incentive,,4.0000,"$/square foot"
72195,10907,Incentive,,1000.0000,$
72196,10908,Incentive,,800.0000,$
72197,10909,Incentive,max,500.0000,$
72198,9511,Incentive,min,50000.0000,$
72199,9511,Incentive,max,999999.9999,$
72200,9524,Incentive,min,85.0000,$
72201,9524,Incentive,max,130.0000,$
72202,265,Incentive,,0.1400,$/kWh
72223,10910,Incentive,min,250.0000,$/ton
72224,10910,Incentive,max,3000.0000,$/ton
72225,10911,Incentive,max,100.0000,$
72226,10912,Incentive,,750.0000,$
72227,10913,Incentive,,150.0000,$
72228,10914,Incentive,,50.0000,$
72229,10915,Incentive,,200.0000,$
72230,10916,Incentive,,500.0000,$
72231,10917,Incentive,,75.0000,$
72232,10918,Incentive,,30.0000,$
72239,10919,Incentive,,1600.0000,$
72240,10920,Incentive,max,75.0000,$
72241,10921,Incentive,,50.0000,$
72242,5921,Incentive,,300.0000,$/Unit
72350,10922,Incentive,,44.0000,$
72351,10923,Incentive,,50.0000,$
72352,10924,Incentive,min,1400.0000,$
72353,10924,Incentive,max,1600.0000,$
72354,10925,Incentive,min,200.0000,$
72355,10925,Incentive,max,250.0000,$
72356,10926,Incentive,min,600.0000,$
72357,10926,Incentive,max,1560.0000,$
72358,10927,Incentive,,920.0000,$
72359,10928,Incentive,min,8.0000,"$/square foot"
72360,10928,Incentive,max,10.0000,"$/square foot"
72361,10929,Incentive,min,15.0000,$
72362,10929,Incentive,max,20.0000,$
72363,10930,Incentive,,40.0000,$
72364,10931,Incentive,min,0.0900,"$/square foot"
72365,10931,Incentive,max,2.0000,"$/square foot"
72366,10932,Incentive,,0.2100,"$/square foot"
72367,10932,Incentive,,2.0000,"$/square foot"
72368,10933,Incentive,min,1200.0000,$
72369,10933,Incentive,max,1400.0000,$
72458,10934,Incentive,,50.0000,"% of cost"
72459,10934,Incentive,max,20.0000,$
72460,10935,Incentive,min,25.0000,$
72461,10935,Incentive,max,75.0000,$
72462,10936,Incentive,,25.0000,$
72463,10937,Incentive,,40.0000,$
72464,10938,Incentive,min,25.0000,$
72465,10938,Incentive,max,40.0000,$
72466,10939,Incentive,min,90.0000,$
72467,10939,Incentive,max,400.0000,$
72468,10940,Incentive,min,10.0000,$
72469,10940,Incentive,max,100.0000,$
72470,10941,Incentive,min,15.0000,$
72471,10941,Incentive,max,50.0000,$
72472,10942,Incentive,,50.0000,$
72473,10943,Incentive,min,25.0000,$
72474,10943,Incentive,max,50.0000,$
72475,10944,Incentive,min,20.0000,$
72476,10944,Incentive,max,60.0000,$
72477,10945,Incentive,min,200.0000,$/ton
72478,10945,Incentive,max,400.0000,$/ton
72479,7896,Incentive,,75.0000,$
72480,7897,Incentive,,50.0000,$
72481,7898,Incentive,,50.0000,$
72482,7899,Incentive,,500.0000,$
72483,7900,Incentive,,500.0000,$
72484,7901,Incentive,max,25.0000,$
72503,10946,Incentive,,25.0000,$
72504,10947,Incentive,,500.0000,$
72505,10948,Incentive,,200.0000,$/ton
72506,10949,Incentive,,300.0000,$
72507,10950,Incentive,,100.0000,$
72508,10951,Incentive,,50.0000,$
72509,10952,Incentive,,600.0000,$
72510,10953,Incentive,,600.0000,$
72511,10954,Incentive,,150.0000,$
72515,10567,Incentive,,200.0000,$/ton
